timestamp,true_irradiance,true_ambient_temp,true_panel_temp,true_voltage,true_current,true_power,true_efficiency,true_energy,measured_irradiance,measured_temperature,measured_voltage,measured_current,measured_power,measured_energy,ghi,cloud_factor,dust_factor,shading_factor,solar_zenith,hour,day,day_of_year,month,is_daytime,rolling_power,rolling_temperature,rolling_irradiance
2024-06-15 00:00:00+00:00,0.0,31.644463041910043,31.217505838360932,27.477729509577678,0.0,0.0,0.0,0.0,21.689440993414195,30.98857323519515,27.52657541091203,0.023138753846085477,0.0,0.0,0.0,1.0,1.0,0.0,149.04236477353575,0.0,15.0,167.0,6.0,0,0.0,30.98857323519515,21.689440993414195
2024-06-15 00:05:00+00:00,0.0,30.192748336684428,29.718620403700918,27.60363588608912,0.0,0.0,0.0,0.0,1.5345770946042265,29.407191062624875,27.739271550104892,0.021556630882477563,0.3122704480312759,0.026022537335939656,0.0,1.0,1.0,0.0,149.1768685846622,0.0,15.0,167.0,6.0,0,0.15613522401563795,30.19788214891001,11.612009044009211
2024-06-15 00:10:00+00:00,0.0,31.880342864024236,31.443337208575958,27.45875967447962,0.0,0.0,0.0,0.0,4.901291666461313,31.51098222179073,27.341653798209204,0.041980451137931446,0.0,0.026022537335939656,0.0,1.0,1.0,0.0,149.26335596057493,0.0,15.0,167.0,6.0,0,0.10409014934375864,30.635582173203584,9.375103251493245
2024-06-15 00:15:00+00:00,0.0,31.971837301064333,31.433696673038718,27.459569479464747,0.0,0.0,0.0,0.0,17.046935919636958,31.855647969942066,27.27783485483968,0.006037907505324002,0.0,0.026022537335939656,0.0,1.0,1.0,0.0,149.30142008853844,0.0,15.0,167.0,6.0,0,0.07806761200781898,30.940598622388205,11.293061418529174
2024-06-15 00:20:00+00:00,0.0,28.985886940979665,28.118013947731377,27.738086828390564,0.0,0.0,0.0,0.0,12.363659036519534,28.043764603654367,27.339719186166292,0.05725192189535741,0.0,0.026022537335939656,0.0,1.0,1.0,0.0,149.29088054528165,0.0,15.0,167.0,6.0,0,0.06245408960625518,30.361231818641436,11.507180942127246
2024-06-15 00:25:00+00:00,0.0,29.544705701943208,29.544705701943208,27.61824472103677,0.0,0.0,0.0,0.0,8.684347656672573,29.67594759287134,27.81256931743401,0.0,0.0,0.026022537335939656,0.0,1.0,1.0,0.0,149.2317874943386,0.0,15.0,167.0,6.0,0,0.06245408960625518,30.098706690176677,8.906162274778922
2024-06-15 00:30:00+00:00,0.0,30.88904507805442,30.44825764418184,27.542346357888725,0.0,0.0,0.0,0.0,0.0,30.714091663207178,27.545677818003934,0.0,0.0,0.026022537335939656,0.0,1.0,1.0,0.0,149.1244204939769,0.0,15.0,167.0,6.0,0,0.0,30.360086810293136,8.599246855858075
2024-06-15 00:35:00+00:00,0.0,30.363678714828435,29.819550609485322,27.595157748803235,0.0,0.0,0.0,0.0,0.0,30.164454259420197,27.6363040177926,0.030975776279011283,0.0,0.026022537335939656,0.0,1.0,1.0,0.0,148.96928202538382,0.0,15.0,167.0,6.0,0,0.0,30.09078121781903,7.618988522565812
2024-06-15 00:40:00+00:00,0.0,30.586272634636625,30.01227413721485,27.57896897247395,0.0,0.0,0.0,0.0,5.642533442899021,29.56632480369931,27.42224999717283,0.0,0.0,0.026022537335939656,0.0,1.0,1.0,0.0,148.76708584087248,0.0,15.0,167.0,6.0,0,0.0,29.632916584570477,5.338108027218226
2024-06-15 00:45:00+00:00,0.0,29.67765477747536,29.270633422805684,27.64126679248432,0.0,0.0,0.0,0.0,0.0,29.505043634967706,27.88656639834151,0.002169944183548256,2.071069088726796,0.19861162806317265,0.0,1.0,1.0,0.0,148.51874119806683,0.0,15.0,167.0,6.0,0,0.41421381774535926,29.925172390833147,2.8653762199143187
2024-06-15 00:50:00+00:00,0.0,31.34222846738056,31.281408913000206,27.472361651307978,0.0,0.0,0.0,0.0,12.40852298248612,31.272515098775134,27.66100176684358,0.07674962585112367,0.0,0.19861162806317265,0.0,1.0,1.0,0.0,148.22533316426106,0.0,15.0,167.0,6.0,0,0.41421381774535926,30.244485892013905,3.6102112850770283
2024-06-15 00:55:00+00:00,0.0,31.17729339156966,30.595294520641133,27.52999526026614,0.0,0.0,0.0,0.0,3.1688167207616287,30.294579671497793,27.505630483968602,0.005285219580127506,3.549542890048094,0.4944068689005138,0.0,1.0,1.0,0.0,147.88810049185767,0.0,15.0,167.0,6.0,0,1.1241223957549782,30.16058349367203,4.2439746292293545
2024-06-15 01:00:00+00:00,0.0,30.406772434670536,29.47493488112949,27.624105469985118,0.0,0.0,0.0,0.0,0.0,29.136117368941495,27.51293277840466,0.0,0.0,0.4944068689005138,0.0,1.0,1.0,0.0,147.50841192943997,1.0,15.0,167.0,6.0,0,1.1241223957549782,29.95491611557629,4.2439746292293545
2024-06-15 01:05:00+00:00,0.0,31.413820508835418,31.297285860064452,27.471027987754585,0.0,0.0,0.0,0.0,4.015878942617402,31.183678193806358,27.39968971094287,0.05646883489218986,0.0,0.4944068689005138,0.0,1.0,1.0,0.0,147.08774133010277,1.0,15.0,167.0,6.0,0,1.1241223957549782,30.278386793597697,3.91864372917303
2024-06-15 01:10:00+00:00,0.0,30.704549271052713,29.988592267628167,27.58095824951923,0.0,0.0,0.0,0.0,10.637707122066935,29.491814565460523,27.4212331410343,0.0,0.0,0.4944068689005138,0.0,1.0,1.0,0.0,146.62764367065682,1.0,15.0,167.0,6.0,0,0.7099085780096188,30.275740979696263,6.046185153586417
2024-06-15 01:15:00+00:00,0.0,29.332854733084456,28.91498603886518,27.671141172735318,0.0,0.0,0.0,0.0,2.6628017442204737,28.185534595425967,27.676454002583426,0.0,0.0,0.4944068689005138,0.0,1.0,1.0,0.0,146.1297311449133,1.0,15.0,167.0,6.0,0,0.7099085780096188,29.65834487902643,4.097040905933288
2024-06-15 01:20:00+00:00,0.0,30.520673253960418,30.03600434041763,27.576975635404917,0.0,0.0,0.0,0.0,0.0,30.067883032126296,27.453742091464807,0.053292675646530466,0.7284498541160793,0.555111023410187,0.0,1.0,1.0,0.0,145.59565173557064,1.0,15.0,167.0,6.0,0,0.14568997082321586,29.613005551152128,3.463277561780962
2024-06-15 01:25:00+00:00,0.0,29.157502294493394,28.920726922169383,27.67065893853777,0.0,0.0,0.0,0.0,3.934934995096549,29.307985834375167,27.787767442646178,0.0,3.718387614826005,0.8649766579790208,0.0,1.0,1.0,0.0,145.02706873797908,1.0,15.0,167.0,6.0,0,0.889367493788417,29.647379244238863,4.250264560800272
2024-06-15 01:30:00+00:00,0.0,30.96400168756917,30.547615730658137,27.534000278624717,0.0,0.0,0.0,0.0,5.355025570819635,30.427049876418387,27.462106563692966,0.012889254621555275,0.24393656932998967,0.8853047054231866,0.0,1.0,1.0,0.0,144.42564365085008,1.0,15.0,167.0,6.0,0,0.938154807654415,29.49605358076127,4.5180938864407185
2024-06-15 01:35:00+00:00,0.0,30.00951070679055,29.18449955811581,27.64850203711827,0.0,0.0,0.0,0.0,12.364310639646638,29.554523006517417,27.577710624330397,0.0,1.3915464752751947,1.0012669116961195,0.0,1.0,1.0,0.0,143.79302037568164,1.0,15.0,167.0,6.0,0,1.2164641027094538,29.50859526897265,4.863414589956659
2024-06-15 01:40:00+00:00,0.0,29.853190655537286,29.20752684504036,27.646567745016608,0.0,0.0,0.0,0.0,10.83051633988806,29.007544043342364,27.954018345857005,0.07836809287090385,1.804460549981438,1.1516386241945726,0.0,1.0,1.0,0.0,143.13081257096843,1.0,15.0,167.0,6.0,0,1.5773562127057414,29.672997158555926,6.496957509090177
2024-06-15 01:45:00+00:00,0.0,29.340481223210023,28.407403321857537,27.713778120963966,0.0,0.0,0.0,0.0,0.0,27.909723456805086,27.568634216453553,0.0,0.8448000614566322,1.2220386293159586,0.0,1.0,1.0,0.0,142.4405934284257,1.0,15.0,167.0,6.0,0,1.6006262541738518,29.241365243491686,6.496957509090177
2024-06-15 01:50:00+00:00,0.0,31.232059122855453,30.43770615061103,27.54323268334867,0.0,0.0,0.0,0.0,0.0,29.676590823130013,27.22964950575958,0.0,3.805359361169212,1.539151909413393,0.0,1.0,1.0,0.0,141.72388673259113,1.0,15.0,167.0,6.0,0,1.6180206034424933,29.315086241242653,5.709970510070867
2024-06-15 01:55:00+00:00,0.0,29.847850247132108,29.238078577399715,27.64400139949842,0.0,0.0,0.0,0.0,9.085696919299993,28.827952846919285,27.71724443797991,0.0,0.0,1.539151909413393,0.0,1.0,1.0,0.0,140.98216129633545,1.0,15.0,167.0,6.0,0,1.5692332895764953,28.995266835342836,6.456104779766937
2024-06-15 02:00:00+00:00,0.0,29.57167217783689,28.635688546294944,27.694602162111224,0.0,0.0,0.0,0.0,0.0,29.362329740149704,27.279028459829348,0.018688595740336537,0.0,1.539151909413393,0.0,1.0,1.0,0.0,140.21682567261252,2.0,15.0,167.0,6.0,0,1.2909239945214566,28.95682818206929,3.983242651837611
2024-06-15 02:05:00+00:00,0.0,29.65024617871268,29.040497889028106,27.660598177321635,0.0,0.0,0.0,0.0,11.658432164735501,28.926302527343932,27.71347390448678,0.027597041277654256,0.0,1.539151909413393,0.0,1.0,1.0,0.0,139.42922598073622,2.0,15.0,167.0,6.0,0,0.9300318845251688,28.940579878869606,4.148825816807099
2024-06-15 02:10:00+00:00,0.0,30.54182696973477,29.834829925535505,27.593874286255012,0.0,0.0,0.0,0.0,0.0,28.926637108678356,27.79021831463354,0.02117165532166536,0.0,1.539151909413393,0.0,1.0,1.0,0.0,138.62064343883748,2.0,15.0,167.0,6.0,0,0.7610718722338424,29.143962609244255,4.148825816807099
2024-06-15 02:15:00+00:00,0.0,30.38685483197804,29.96099757036172,27.583276204089614,0.0,0.0,0.0,0.0,0.0,29.96036117061472,27.597299210240436,0.07095692570251326,0.0,1.539151909413393,0.0,1.0,1.0,0.0,137.7922946628496,2.0,15.0,167.0,6.0,0,0.0,29.200716678741202,4.148825816807099
2024-06-15 02:20:00+00:00,0.0,30.450785630678535,29.934149176713735,27.585531469156045,0.0,0.0,0.0,0.0,21.65009901373735,29.74068361777942,27.587386484015287,0.03359870121511228,1.2105016562286932,1.6400270474324508,0.0,1.0,1.0,0.0,136.94533126909653,2.0,15.0,167.0,6.0,0,0.24210033124573865,29.383262832913225,6.661706235694571
2024-06-15 02:25:00+00:00,0.0,30.490257620784686,30.164613576609757,27.56617245956478,0.0,0.0,0.0,0.0,0.0,29.927212505601716,27.15605058911487,0.0,0.0,1.6400270474324508,0.0,1.0,1.0,0.0,136.08084126043667,2.0,15.0,167.0,6.0,0,0.24210033124573865,29.49623938600363,6.661706235694571
2024-06-15 02:30:00+00:00,0.0,32.22719898713236,31.47980300348365,27.455696547707372,0.0,0.0,0.0,0.0,0.0,31.159514827674347,27.56675728481913,0.0,1.2593494965621475,1.7449728388126298,0.0,1.0,1.0,0.0,135.19985101686225,2.0,15.0,167.0,6.0,0,0.49397023055816813,29.942881846069714,4.33001980274747
2024-06-15 02:35:00+00:00,0.0,29.709969878937777,29.504545784716495,27.621618154083816,0.0,0.0,0.0,0.0,4.2211965476580495,29.081930008930645,27.700876667533137,0.0,0.6810415762826983,1.8017263035028546,0.0,1.0,1.0,0.0,134.30332652649076,2.0,15.0,167.0,6.0,0,0.6301785458147078,29.97394042612017,5.17425911227908
2024-06-15 02:40:00+00:00,0.0,29.63967974080638,28.944092155201965,27.668696258963035,0.0,0.0,0.0,0.0,0.0,28.758645202046587,27.434296707288134,0.0,0.0,1.8017263035028546,0.0,1.0,1.0,0.0,133.3921766841707,2.0,15.0,167.0,6.0,0,0.6301785458147078,29.733597232406545,5.17425911227908
2024-06-15 02:45:00+00:00,0.0,29.37837446771982,28.92603723209611,27.670212872503928,0.0,0.0,0.0,0.0,0.0,28.018689652921232,28.05284702195317,0.0,4.165961928126412,2.148889797513389,0.0,1.0,1.0,0.0,132.4672548874853,2.0,15.0,167.0,6.0,0,1.2212706001942517,29.389198439434903,0.8442393095316106
2024-06-15 02:50:00+00:00,0.0,30.85301935137616,30.060207578009333,27.574942563447213,0.0,0.0,0.0,0.0,3.7478631805462865,29.487112744210904,27.330139323299168,0.052435120410140104,0.0,2.148889797513389,0.0,1.0,1.0,0.0,131.52936269642532,2.0,15.0,167.0,6.0,0,1.2212706001942517,29.301178487156744,1.593811945640868
2024-06-15 02:55:00+00:00,0.0,31.415551594588276,30.727834347405462,27.51886191481794,0.0,0.0,0.0,0.0,32.05244750895103,30.563134090518957,27.18300384247451,0.0,0.0,2.148889797513389,0.0,1.0,1.0,0.0,130.57925158412803,2.0,15.0,167.0,6.0,0,0.9694007008818222,29.18190233972566,8.004301447431075
2024-06-15 03:00:00+00:00,0.0,30.226794279454445,29.271632740042744,27.641182849836405,0.0,0.0,0.0,0.0,13.794461036051441,29.653757613911193,27.278971295854273,0.05545493179888198,0.0,2.148889797513389,0.0,1.0,1.0,0.0,129.617626694071,3.0,15.0,167.0,6.0,0,0.8331923856252825,29.296267860721777,9.918954345109753
2024-06-15 03:05:00+00:00,0.0,29.559344979178185,28.876651306393523,27.674361290262944,0.0,0.0,0.0,0.0,6.568586004288422,29.105329721215366,27.679555471727156,0.05743487449371642,0.9180031227675375,2.225390057744017,0.0,1.0,1.0,0.0,128.645148672365,3.0,15.0,167.0,6.0,0,1.0167930101787899,29.36560476455553,11.232671545967438
2024-06-15 03:10:00+00:00,0.0,29.638349276826492,29.5313593407398,27.619365815377854,0.0,0.0,0.0,0.0,3.8592630922570015,30.45738359322714,27.686940065407274,0.0015588330953442183,0.0,2.225390057744017,0.0,1.0,1.0,0.0,127.66243670179936,3.0,15.0,167.0,6.0,0,0.1836006245535075,29.853343552616714,12.004524164418838
2024-06-15 03:15:00+00:00,0.0,31.181291492873648,30.698029786098196,27.52136549796775,0.0,0.0,0.0,0.0,11.966836046685438,31.30278993916148,27.60956028015468,0.0,1.5774660376765284,2.3568455608837278,0.0,1.0,1.0,0.0,126.67007147806191,3.0,15.0,167.0,6.0,0,0.4990938320888132,30.216478991606827,13.648318737646667
2024-06-15 03:20:00+00:00,0.0,31.34632796334436,31.139329761493066,27.48429630003458,0.0,0.0,0.0,0.0,9.361321976747485,30.208910681448053,27.416824304391483,0.06440355018284914,0.2448488103985231,2.377249628416938,0.0,1.0,1.0,0.0,125.6685967579196,3.0,15.0,167.0,6.0,0,0.5480635941685178,30.145634309792648,9.11009363120596
2024-06-15 03:25:00+00:00,0.0,31.22307557547721,30.852645536068778,27.50837777497022,0.0,0.0,0.0,0.0,0.0,31.115720211034617,27.34584277056305,0.0,0.0,2.377249628416938,0.0,1.0,1.0,0.0,124.65852278688426,3.0,15.0,167.0,6.0,0,0.5480635941685178,30.43802682921733,6.351201423995671
2024-06-15 03:30:00+00:00,0.0,30.095694967598437,29.217887859279255,27.645697419820536,0.0,0.0,0.0,0.0,7.605869635524162,29.70745772205412,27.814250336222145,0.023946340397161384,0.0,2.377249628416938,0.0,1.0,1.0,0.0,123.64032747084084,3.0,15.0,167.0,6.0,0,0.3644629696150103,30.558452429385085,6.5586581502428185
2024-06-15 03:35:00+00:00,0.0,31.07904653187225,30.419663079147828,27.544748301351582,0.0,0.0,0.0,0.0,0.7835688223460042,30.532752336304387,27.365231224039228,0.013627866024352961,0.17294984875254243,2.3916621158129834,0.0,1.0,1.0,0.0,122.61445958490191,3.0,15.0,167.0,6.0,0,0.3990529393655188,30.57352617800053,5.94351929626062
2024-06-15 03:40:00+00:00,0.0,31.05360793877423,30.72834054591892,27.51881939414281,0.0,0.0,0.0,0.0,25.7378502306487,29.80083878808513,27.276851352946842,0.06487484747939472,0.0,2.3916621158129834,0.0,1.0,1.0,0.0,121.58133968555228,3.0,15.0,167.0,6.0,0,0.0835597318302131,30.27313594778526,8.697722133053272
2024-06-15 03:45:00+00:00,0.0,31.24996118140213,31.003390523012232,27.495715196066968,0.0,0.0,0.0,0.0,0.0,30.82105847539658,27.77597832956561,0.01794274858798586,0.0,2.3916621158129834,0.0,1.0,1.0,0.0,120.5413630957672,3.0,15.0,167.0,6.0,0,0.03458996975050849,30.395565506574968,6.825457737703775
2024-06-15 03:50:00+00:00,0.0,32.00132044616598,31.49312492294691,27.454577506472457,0.0,0.0,0.0,0.0,18.776426966279455,31.083744577589293,27.490091808101027,0.00105753710163274,0.5865450681729948,2.440540871494066,0.0,1.0,1.0,0.0,119.49490070541894,3.0,15.0,167.0,6.0,0,0.15189898338510743,30.3891703798859,10.580743130959666
2024-06-15 03:55:00+00:00,0.0,31.456327991699602,31.260468029044883,27.474120685560226,0.0,0.0,0.0,0.0,0.0,31.445040178275125,27.568378664638423,0.05275849191849396,0.0,2.440540871494066,0.0,1.0,1.0,0.0,118.44230103810699,3.0,15.0,167.0,6.0,0,0.15189898338510746,30.736686871130104,9.059569203854831
2024-06-15 04:00:00+00:00,0.0,32.01865952522751,31.686444594576656,27.43833865405556,0.0,0.0,0.0,0.0,4.693690123893436,32.262548385797224,27.56350679498446,0.0,0.0,2.440540871494066,0.0,1.0,1.0,0.0,117.38389222546752,4.0,15.0,167.0,6.0,0,0.11730901363459897,31.082646081028667,9.841593464164319
2024-06-15 04:05:00+00:00,0.0,31.518460362759427,30.940457994871615,27.501001528430784,0.0,0.0,0.0,0.0,0.0,31.262658598166308,27.38664210663092,0.028120105857863217,0.0,2.440540871494066,0.0,1.0,1.0,0.0,116.31998246095681,4.0,15.0,167.0,6.0,0,0.11730901363459897,31.375010043044902,4.69402341803458
2024-06-15 04:10:00+00:00,0.0,31.855204940561126,31.066376931534453,27.490424337751104,0.0,0.0,0.0,0.0,0.0,30.548380649975286,27.3838518205508,0.006636862377555628,0.0,2.440540871494066,0.0,1.0,1.0,0.0,115.25086248161169,4.0,15.0,167.0,6.0,0,0.11730901363459897,31.320474477960648,4.69402341803458
2024-06-15 04:15:00+00:00,0.0,32.31659210281309,31.66440173475698,27.44019025428041,0.0,0.0,0.0,0.0,11.77984087182975,32.05872670832442,27.56830659089354,0.0017430840356299172,0.0,2.440540871494066,0.0,1.0,1.0,0.0,114.17680568123122,4.0,15.0,167.0,6.0,0,0.0,31.515470904107673,3.294706199144639
2024-06-15 04:20:00+00:00,0.0,30.351323737254415,30.351323737254415,27.55048880607063,0.0,0.0,0.0,0.0,0.0,30.354691903593686,27.427058561295087,0.0,0.0,2.440540871494066,0.0,1.0,1.0,0.0,113.09807042539127,4.0,15.0,167.0,6.0,0,0.0,31.297401249171383,3.294706199144639
2024-06-15 04:25:00+00:00,0.0,31.615882740967876,31.03979105871031,27.492657551068337,0.0,0.0,0.0,0.0,0.0,31.53486191336994,27.55986168935727,0.0,0.0,2.440540871494066,0.0,1.0,1.0,0.0,112.01489998653238,4.0,15.0,167.0,6.0,0,0.0,31.15186395468593,2.3559681743659513
2024-06-15 04:30:00+00:00,0.0,31.59609394279485,31.07808554948671,27.489440813843114,0.0,0.0,0.0,0.0,0.0,30.92736001952679,27.471548903257496,0.0,0.0,2.440540871494066,0.0,1.0,1.0,0.0,110.92752471309348,4.0,15.0,167.0,6.0,0,0.0,31.084804238958025,2.3559681743659513
2024-06-15 04:35:00+00:00,0.0,31.562277320827842,30.95880474948467,27.49946040104329,0.0,0.0,0.0,0.0,5.938813013124692,31.05548440922166,27.260606097875023,0.02650000507396044,1.9627106897091435,2.604100095636495,0.0,1.0,1.0,0.0,109.83616195537911,4.0,15.0,167.0,6.0,0,0.3925421379418287,31.186224990807297,3.54373077699089
2024-06-15 04:40:00+00:00,0.0,32.064413317583536,31.160360897170733,27.482529684637658,0.0,0.0,0.0,0.0,4.1642800629688725,31.12422051552208,27.67580783842422,0.11848758259010045,0.8306637345463483,2.6733220735153576,0.0,1.0,1.0,0.0,108.74101737693952,4.0,15.0,167.0,6.0,0,0.5586748848510984,30.99932375224683,2.0206186152187144
2024-06-15 04:45:00+00:00,0.0,33.97654323644463,33.97654323644463,27.24597036813865,0.0,0.0,0.0,0.0,0.0,33.85894382561378,26.98809797817819,0.0,1.0052902369315535,2.7570962599263202,0.0,1.0,1.0,0.0,107.64228621100014,4.0,15.0,167.0,6.0,0,0.759732932237409,31.70017413665085,2.0206186152187144
2024-06-15 04:50:00+00:00,0.0,31.761395516205514,31.40917137250329,27.46162960470972,0.0,0.0,0.0,0.0,10.51931500307444,32.155609116035784,27.508222293615674,0.045820737840562946,2.558069909569307,2.970268752390429,0.0,1.0,1.0,0.0,106.54015299253874,4.0,15.0,167.0,6.0,0,1.2713469141512705,31.82432357718402,4.124481615833602
2024-06-15 04:55:00+00:00,0.0,33.74463873399393,33.09691215329559,27.31985937912317,0.0,0.0,0.0,0.0,0.0,33.53433612460936,27.333256314942137,0.0504351126689615,0.0,2.970268752390429,0.0,1.0,1.0,0.0,105.43479344450708,4.0,15.0,167.0,6.0,0,1.2713469141512705,32.34571879820054,4.124481615833602
2024-06-15 05:00:00+00:00,0.0,31.24606241651872,31.141461016382205,27.484117274623895,0.0,0.0,0.0,0.0,30.117063838780844,31.34263175722358,27.73743951808268,0.0,0.7975851810847853,3.0367341841474946,0.0,1.0,1.0,0.0,104.32637395550857,5.0,15.0,167.0,6.0,0,1.0383218124263989,32.403148267800916,8.960131780964833
2024-06-15 05:05:00+00:00,0.0,32.74998441219153,31.880997150178153,27.421996239385034,0.0,0.0,0.0,0.0,13.26363393469684,31.17710783236746,27.19807119468434,0.03540597985343426,0.0,3.0367341841474946,0.0,1.0,1.0,0.0,103.21505338155323,5.0,15.0,167.0,6.0,0,0.8721890655171292,32.41372573117,10.780002555310427
2024-06-15 05:10:00+00:00,0.0,33.406850988948406,32.81476183577324,27.343560005795045,0.0,0.0,0.0,0.0,14.349772528271439,32.45482240866871,27.23492066548233,0.0,0.0,3.0367341841474946,0.0,1.0,1.0,0.0,102.1009824321406,5.0,15.0,167.0,6.0,0,0.6711310181308185,32.13290144778098,13.649957060964715
2024-06-15 05:15:00+00:00,0.0,33.99276418035859,33.28111818389774,27.30438607255259,0.0,0.0,0.0,0.0,0.0,33.27592412092973,27.284324763591222,0.0,2.54343285502941,3.248686922066612,0.0,1.0,1.0,0.0,100.98430540045194,5.0,15.0,167.0,6.0,0,0.668203607222839,32.35696444875977,11.546094060349827
2024-06-15 05:20:00+00:00,0.0,34.28335048292747,33.926086398307916,27.250208742542135,0.0,0.0,0.0,0.0,26.305691924501758,34.20321253419664,27.28637815523875,0.0410226786921287,0.0,3.248686922066612,0.0,1.0,1.0,0.0,99.86515962181471,5.0,15.0,167.0,6.0,0,0.668203607222839,32.49073973067722,16.80723244525018
2024-06-15 05:25:00+00:00,0.0,34.53411251335933,33.83067159086778,27.2582235863671,0.0,0.0,0.0,0.0,1.0062466386759903,32.95793081875622,27.431915015114654,0.0,4.873408541401787,3.654804300516761,0.0,1.0,1.0,0.0,98.74367639254277,5.0,15.0,167.0,6.0,0,1.4833682792862395,32.813799542983745,10.985069005229207
2024-06-15 05:30:00+00:00,0.0,33.56366063766436,32.7965427486671,27.345090409111965,0.0,0.0,0.0,0.0,0.0,33.19285901975607,27.407310125050255,0.0,4.678838831793326,4.044707536499538,0.0,1.0,1.0,0.0,97.6199818658498,5.0,15.0,167.0,6.0,0,2.4191360456449047,33.21694978046147,8.332342218289838
2024-06-15 05:35:00+00:00,0.0,33.624551723699604,33.06633221866531,27.322428093632112,0.0,0.0,0.0,0.0,4.983503640453841,32.4839582706823,27.327400210074103,0.03790016597747364,0.0,4.044707536499538,0.0,1.0,1.0,0.0,96.49419641517876,5.0,15.0,167.0,6.0,0,2.4191360456449047,33.22277695286419,6.459088440726319
2024-06-15 05:40:00+00:00,0.0,35.12221151774669,34.56361129457202,27.196656651255946,0.0,0.0,0.0,0.0,19.480428937417308,33.93325038907546,27.402324209226606,0.06449170724339992,1.7614731428448416,4.191496965069941,0.0,1.0,1.0,0.0,95.36643623261246,5.0,15.0,167.0,6.0,0,2.2627441032079907,33.35424220649334,10.35517422820978
2024-06-15 05:45:00+00:00,0.0,34.252993344922366,33.68540753510194,27.27042576705144,0.0,0.0,0.0,0.0,0.0,34.1845606073676,27.6896384755937,0.003326525341985365,0.0,4.191496965069941,0.0,1.0,1.0,0.0,94.23681249220041,5.0,15.0,167.0,6.0,0,2.2627441032079907,33.35051182112753,5.094035843309429
2024-06-15 05:50:00+00:00,0.0,33.35131759319384,33.06715390937869,27.322359071612187,0.0,0.0,0.0,0.0,16.037268283261923,32.73854310118126,27.05125406329102,0.033363460039860564,1.0677099854451195,4.2804727971903676,0.0,1.0,1.0,0.0,93.10543291121301,5.0,15.0,167.0,6.0,0,1.5016043920166573,33.30663427761254,8.100240172226616
2024-06-15 05:55:00+00:00,0.0,33.67898020439131,33.2158623744514,27.30986756054608,0.0,0.0,0.0,0.0,0.0,33.3567374542362,27.308718243216227,0.0,0.31197692600654714,4.30647087435758,0.0,1.0,1.0,0.0,91.97240087180067,5.0,15.0,167.0,6.0,0,0.6282320108593017,33.33940996450857,8.100240172226616
2024-06-15 06:00:00+00:00,0.0,34.08054771399839,33.618678347111484,27.27603101884263,0.0,0.0,0.0,0.0,0.0,34.08703903938586,27.427958998039777,0.0,0.0,4.30647087435758,0.0,1.0,1.0,0.0,90.83781695238508,6.0,15.0,167.0,6.0,1,0.6282320108593017,33.66002611824928,7.103539444135848
2024-06-15 06:05:00+00:00,0.3510623335513143,35.68727305485989,35.10458942627968,27.657997652527023,0.004701725401747164,0.13004031012434972,7.649430007314689,0.010836692510362476,0.0,35.374746366515154,27.6751461837103,0.027047911507239907,0.2865528310526026,4.330350276945297,0.3510623335513143,1.0,1.0,0.0,89.70177816786382,6.0,15.0,167.0,6.0,1,0.3332479485008538,33.948325313737215,3.207453656652386
2024-06-15 06:10:00+00:00,2.481599818574296,35.52493960372023,34.86804353518919,29.27373994130421,0.03142822683656383,0.9200217392298875,21.80807938168857,0.08750517077951978,0.0,34.285353087254116,29.56066749471441,0.0,3.4997733464729643,4.621998055818044,2.481599818574296,1.0,1.0,0.0,88.56437871544861,6.0,15.0,167.0,6.0,1,1.0332026177954468,33.96848380971452,3.207453656652386
2024-06-15 06:15:00+00:00,7.72443230476884,36.26759845187775,36.32189868380119,30.683572146190564,0.09283932617016127,2.848642162545861,21.693139304057123,0.3248920176583415,11.014427366973027,35.98889614475315,30.616737663268204,0.12506652376402977,3.2925411954252057,4.896376488770144,7.72443230476884,1.0,1.0,0.0,87.4257107130158,6.0,15.0,167.0,6.0,1,1.4781688597914637,34.6185544184289,2.202885473394607
2024-06-15 06:20:00+00:00,16.40918336676561,35.34656473625647,35.49316137009007,31.924756369318473,0.19012551781757603,6.069710835916633,21.75865830109405,0.8307012539847276,20.416995468540318,35.14538589960498,31.72195563345458,0.20423197284112624,9.7977226675812,5.712853377735245,16.40918336676561,1.0,1.0,0.0,86.28586340129154,6.0,15.0,167.0,6.0,1,3.3753180081063947,34.97628410750265,6.286284567102671
2024-06-15 06:25:00+00:00,28.130876227182213,36.13107279248934,36.31561676409393,32.70724298634401,0.31719080679204864,10.374436790782031,21.693635945238693,1.6952376532165636,43.74255557662057,36.46648697297799,32.881345132320476,0.33148497632150825,8.884424360406715,6.453222074435804,28.130876227182213,1.0,1.0,0.0,85.14492462801383,6.0,15.0,167.0,6.0,1,5.152202880187737,35.45217369422108,15.034795682426784
2024-06-15 06:30:00+00:00,42.2784506804348,36.798756070316436,38.07009502803589,33.189654357839075,0.46677958280676185,15.492253014652748,21.554928957783517,2.9862587377709593,63.14528303511328,38.19329611954335,32.635074425844294,0.5260304705214136,19.257082789736398,8.057978973580504,42.2784506804348,1.0,1.0,0.0,84.00297988105683,6.0,15.0,167.0,6.0,1,8.946308871924497,36.015883644826715,27.663852289449437
2024-06-15 06:35:00+00:00,58.28743090796093,36.066273077442744,37.95761424081386,33.726744433866784,0.6335416080954016,21.367295904454597,21.563821556490947,4.766866729808842,53.89968196354043,38.46937272125199,33.63159267442842,0.696816930532319,21.30060750802796,9.8330295992495,58.28743090796093,1.0,1.0,0.0,82.86011376351833,6.0,15.0,167.0,6.0,1,12.506475704235495,36.85268757162629,38.443788682157525
2024-06-15 06:40:00+00:00,75.70537610305897,37.03657380430072,39.32494886020764,34.01096326250415,0.8118949454264136,27.613329161910563,21.45572169011064,7.067977493301389,91.81350910689288,39.53798731639015,34.48417918430648,0.7511276134621773,24.95222287486405,11.91238150548817,75.70537610305897,1.0,1.0,0.0,81.71640901558139,6.0,15.0,167.0,6.0,1,16.838412040123263,37.56250580595369,54.6036050301415
2024-06-15 06:45:00+00:00,94.18705388845018,36.12367940590173,38.94459762909728,34.41078259331735,0.9997627411121672,34.4026183293098,21.48579181097019,9.934862354077206,77.46591753442775,39.38358236130142,34.41603131113217,0.9670002092391998,35.47420797320207,14.86856550325501,94.18705388845018,1.0,1.0,0.0,80.57194798765039,6.0,15.0,167.0,6.0,1,21.973709101247437,38.41014509829298,66.01338944331897
2024-06-15 06:50:00+00:00,113.47242642990518,36.6298881583922,40.38224763562348,34.56154902477081,1.192872234547367,41.22751221459673,21.37213289280718,13.370488371960267,123.11499593038948,40.24560251967565,34.63310187179329,1.2197895730092918,44.628929877053764,18.58764299300949,113.47242642990518,1.0,1.0,0.0,79.42681180897236,6.0,15.0,167.0,6.0,1,29.122610204576848,39.16596820763251,81.88787751407277
2024-06-15 06:55:00+00:00,133.36494788885122,36.81997196569175,40.988917363914425,34.76055449459873,1.3908364619648579,48.34624662920434,21.32417029781759,17.399342257727294,117.58551874488367,40.78984503796511,34.570233279022546,1.3757826465620226,48.70101409454505,22.646060834221576,133.36494788885122,1.0,1.0,0.0,78.28108109454647,6.0,15.0,167.0,6.0,1,35.011396465538574,39.685277991316866,92.77592465602683
2024-06-15 07:00:00+00:00,153.714373135907,36.215969903385755,41.266060400340635,34.963187896980756,1.5921282574920157,55.665879422785906,21.302259695408367,22.038165542959455,145.7663959282053,40.45681571527823,34.95855052494466,1.691635213023627,56.10531238671395,27.321503533114402,153.714373135907,1.0,1.0,0.0,77.13483665386045,7.0,15.0,167.0,6.0,1,41.972337441275776,40.08276659012211,111.14926744895983
2024-06-15 07:05:00+00:00,174.40412809462728,38.11011355752385,43.939813344349865,34.87396976852102,1.7930768848280543,62.53170907412741,21.090875933246693,27.24914129913674,183.5429283393722,43.57175166506088,34.84553000012738,1.8483698397900516,62.73906284442696,32.54975877014998,174.40412809462728,1.0,1.0,0.0,75.9881586668586,7.0,15.0,167.0,6.0,1,49.52970543518836,40.88951945985626,129.49515129545568
2024-06-15 07:10:00+00:00,195.34221958554127,37.36620152041625,44.053005629543016,35.046085588593414,1.997633576781888,70.00923730654604,21.081927084346717,33.083244408015574,184.81549494701702,43.16910122984113,35.41775287540332,1.9566006297391316,65.62865022666723,38.018812955705584,195.34221958554127,1.0,1.0,0.0,74.84112817113999,7.0,15.0,167.0,6.0,1,55.560593885881396,41.6466232335642,150.9650667779735
2024-06-15 07:15:00+00:00,216.45479875038515,38.06159089856641,45.09673257661933,35.09639763738567,2.2017130517623564,77.27219674807357,20.999411259824917,39.522594137021706,223.89624722472448,44.64522505633399,34.8943811688616,2.1639120412821633,81.33435578328084,44.79667593764565,216.45479875038515,1.0,1.0,0.0,73.69382609660795,7.0,15.0,167.0,6.0,1,62.90167906712681,42.52654774089587,171.12131703684054
2024-06-15 07:20:00+00:00,237.68152607605379,38.74426488223661,47.20861253230513,35.01077075959264,2.404268652423056,84.17529863445833,20.83244851509305,46.5372023565599,216.6434924070113,47.9276740079951,34.45841803033956,2.340996448155294,87.98207120900574,52.1285152050628,237.68152607605379,1.0,1.0,0.0,72.54633477026502,7.0,15.0,167.0,6.0,1,70.75789049001894,43.954113534901865,190.93291176926607
2024-06-15 07:25:00+00:00,258.97227570768626,38.92529731413077,48.636757653169006,34.987949570406165,2.6071368839717866,91.21837381955073,20.719541042008284,54.138733508189134,248.83233942270869,48.725821830506845,35.06927979523432,2.625707328585425,94.21547265104786,59.97980459265012,258.97227570768626,1.0,1.0,0.0,71.39873697108523,7.0,15.0,167.0,6.0,1,78.37992254288572,45.6079147579476,211.54610046816674
2024-06-15 07:30:00+00:00,280.28470263045347,39.36012318677227,48.96973594503499,35.07734663834268,2.8109270637842463,98.59986299145879,20.693216169992528,62.355388757477364,288.3082019645429,48.970228469917295,35.38734980025111,2.7806634242297874,99.46209117143529,68.26831219026973,280.28470263045347,1.0,1.0,0.0,70.25111746042955,7.0,15.0,167.0,6.0,1,85.7245282082874,46.68761011891887,232.4991551932009
2024-06-15 07:35:00+00:00,301.5824937422887,38.81284576697093,49.736614140045965,35.10775840196794,3.0130452067826856,105.78126317393406,20.6325876821046,71.17049402197188,323.7211225950083,49.65559519324189,34.9700252909615,2.979252242477575,105.9851128914896,77.10040493122719,301.5824937422887,1.0,1.0,0.0,69.10356222027907,7.0,15.0,167.0,6.0,1,93.79582074125187,47.98490891159902,260.28028072279915
2024-06-15 07:40:00+00:00,322.83404698171194,38.705144260479265,50.2844509112077,35.15438814038834,3.214325036787635,112.99762995260055,20.5892763514904,80.58696318468859,306.15502724026925,50.007710579621516,34.78968226159332,3.1510579823726923,112.36712195666557,86.46433176094932,322.83404698171194,1.0,1.0,0.0,67.9561592493219,7.0,15.0,167.0,6.0,1,100.0023739759288,49.05740601625653,276.73203672590813
2024-06-15 07:45:00+00:00,344.0114788559972,39.26625049679217,51.33929328267693,35.13534407565747,3.413155646681968,119.92239802994413,20.50588175459307,90.58049635385059,367.2025632541179,51.2731516271743,34.92077970615772,3.4576413872818206,123.09187188613092,96.72198775146023,344.0114788559972,1.0,1.0,0.0,66.80899938076536,7.0,15.0,167.0,6.0,1,107.02433411135385,49.72650154009237,306.8438508953294
2024-06-15 07:50:00+00:00,365.0898990629279,37.87647169238861,51.46790779251314,35.21544736489263,3.612256437008392,127.20722642596363,20.49571364275661,101.18109855601423,369.11313723326333,51.95612152134003,35.30216129296457,3.5749086283098155,128.86076049256872,107.46038445917429,365.0898990629279,1.0,1.0,0.0,65.66217558649842,7.0,15.0,167.0,6.0,1,113.95339167965804,50.372561478259016,330.9000104574404
2024-06-15 07:55:00+00:00,386.0468177113488,38.3347386772313,52.62440614493341,35.171405328275505,3.8073298073589004,133.90913987304498,20.40428224360056,112.34019354543464,419.217509601042,52.07290291006951,35.05895360240526,3.7620382950708526,131.5942453914286,118.42657157512667,386.0468177113488,1.0,1.0,0.0,64.5157846179892,7.0,15.0,167.0,6.0,1,120.37982252365669,50.99309636628945,357.08187198474013
2024-06-15 08:00:00+00:00,406.8617278625235,38.677300387645595,53.83493466676994,35.11524967311772,4.0001800780018995,140.4673221764682,20.308579282815362,124.045803726807,402.6090059428205,53.4871206498136,35.123725091902074,3.90585631746245,139.54204083639306,130.05507497815944,406.8617278625235,1.0,1.0,0.0,63.36992621891815,8.0,15.0,167.0,6.0,1,127.09120811263737,51.75940145760379,372.8594486543026
2024-06-15 08:05:00+00:00,427.5157404254538,39.220902022744134,54.95127636120501,35.064604501968816,4.191024180689951,146.956605354081,20.220322621796495,136.29218750631375,420.3009771038316,54.46542473863803,34.59310118788345,4.211261949161978,147.66816136286084,142.36075509173116,427.5157404254538,1.0,1.0,0.0,62.2247048357915,8.0,15.0,167.0,6.0,1,134.15141599387644,52.65094428940709,395.68863862701505
2024-06-15 08:10:00+00:00,447.9913375616684,40.835968100376796,57.02573410743511,34.89812441753052,4.3769105134431685,152.74596766253708,20.05631843291807,149.02101814485852,452.8779951470454,56.82986860391755,34.79405181022388,4.388432284461479,151.64953848117938,154.99821663182945,447.9913375616684,1.0,1.0,0.0,61.080228912010455,8.0,15.0,167.0,6.0,1,139.86294931288612,53.76228768475575,412.8237250056006
2024-06-15 08:15:00+00:00,468.27213790240694,39.74855223694137,56.67771044757844,35.007876953381825,4.5669689849846815,159.8798882762548,20.08383277402674,162.34434216787974,452.6726216163805,57.96947789674113,35.16553020391952,4.603530779692827,161.290810581479,168.43911751361938,468.27213790240694,1.0,1.0,0.0,59.93661268883503,8.0,15.0,167.0,6.0,1,146.34895933066818,54.96495895983596,429.53562188222406
2024-06-15 08:20:00+00:00,488.3427465488116,40.49339487343719,58.23717932418548,34.89238645373921,4.749144025010129,165.70896864511997,19.960542999311457,176.1534228883064,490.32275860708637,59.161032977557944,34.83945438225997,4.8209194411737695,169.75039673990588,182.58498390861155,488.3427465488116,1.0,1.0,0.0,58.79397575842236,8.0,15.0,167.0,6.0,1,153.98018960036364,56.38258497333364,443.7566716834329
2024-06-15 08:25:00+00:00,508.18861109170103,42.38789704630571,61.298161433217594,34.59801667515552,4.923767295762384,170.35258300337236,19.718545354926796,190.34947147192076,507.3972881075503,62.27488107525734,34.39320821965957,4.934123983646105,174.36663747213473,197.11553703128945,508.18861109170103,1.0,1.0,0.0,57.65244421577662,8.0,15.0,167.0,6.0,1,160.94510892751197,58.1401370584224,464.71432811637885
2024-06-15 08:30:00+00:00,527.7959044866935,40.94899795113909,60.7413443693901,34.72146472643223,5.106934025951666,177.3202296422973,19.7625666569141,205.12615727544554,547.2339664131428,60.0675973496002,34.9318506590211,5.0897166203304085,178.72764103770828,212.00950711776514,527.7959044866935,1.0,1.0,0.0,56.51215188026102,8.0,15.0,167.0,6.0,1,167.15700486248144,59.26057158061483,490.10092597824104
2024-06-15 08:35:00+00:00,547.1514551146709,42.25874943036626,62.26334060081882,34.599346875565615,5.280555112033692,182.70375801679498,19.64223942544115,220.35147044351177,552.2643926060963,61.54218245753742,34.79674257317442,5.2003659954909445,180.93036676026304,227.0870376811204,547.1514551146709,1.0,1.0,0.0,55.37324006897591,8.0,15.0,167.0,6.0,1,173.01317051829818,60.20303435133881,509.9782054700512
2024-06-15 08:40:00+00:00,566.242653754988,40.80286409665943,61.65490762088107,34.723375221572425,5.458619412528117,189.54169005297305,19.69034142103152,236.14661128125954,548.1034086612245,62.1130173670835,34.63029419266828,5.4640022182674315,191.5170482688386,243.0467917035236,566.242653754988,1.0,1.0,0.0,54.235859758171216,8.0,15.0,167.0,6.0,1,179.05841805577012,61.03174224540728,529.0643628790201
2024-06-15 08:45:00+00:00,585.0574155293026,41.74546566229365,63.070272301713345,34.60792412949425,5.626651809324243,194.72673892017497,19.578444354499837,252.37383952460746,566.0836610954512,62.59360308341622,34.459557551945366,5.644278423991941,192.29107307151511,259.07104779281656,585.0574155293026,1.0,1.0,0.0,53.10017140584043,8.0,15.0,167.0,6.0,1,183.56655332209195,61.71825626657893,544.216543376693
2024-06-15 08:50:00+00:00,603.584111214325,41.21437408447045,63.17328984845232,34.6437170629014,5.7964182923815075,200.80947529949103,19.57029990845177,269.1079624662317,589.7424521186156,63.31805576715315,34.899329423471265,5.809269488553504,199.84440654513818,275.72474833824475,603.584111214325,1.0,1.0,0.0,51.9663473377145,8.0,15.0,167.0,6.0,1,188.66210713669267,61.926891204958096,560.685576178906
2024-06-15 08:55:00+00:00,621.8115477479167,42.03782584736117,64.82119852989338,34.49572649837132,5.957157404947858,205.49647254882873,19.440018186813134,286.2326685119674,591.8851226485405,64.11664517731238,34.38574080566666,5.859790688995892,204.14108767393313,292.73650564440584,621.8115477479167,1.0,1.0,0.0,50.83457183578193,8.0,15.0,167.0,6.0,1,193.7447964639376,62.73670077050053,569.6158074259857
2024-06-15 09:00:00+00:00,639.7289157229286,43.428498588482604,66.72829965674846,34.31468629715609,6.113361805582144,209.77809257956704,19.28924501537235,303.71417622693133,608.5328971744526,67.29162890503852,34.282013827599876,6.175134680162272,209.3350902666007,310.1810964999559,639.7289157229286,1.0,1.0,0.0,49.70504381665715,9.0,15.0,167.0,6.0,1,199.42574116520512,63.886590060000756,580.8695083396569
2024-06-15 09:05:00+00:00,657.3257795890584,41.07096971711758,65.16338360817849,34.54022729269778,6.280529744143109,216.93092488125203,19.412965437094595,321.791753300369,688.2991773111795,65.09334813143475,34.90042071552936,6.31158798764447,217.59832108434983,328.31428992365176,657.3257795890584,1.0,1.0,0.0,48.577977417234756,9.0,15.0,167.0,6.0,1,204.6419957283074,64.482656212871,608.9086620696479
2024-06-15 09:10:00+00:00,674.592047826598,43.441481638588584,68.10616725568563,34.232672070914006,6.425471711866593,219.96106601326352,19.180312424021086,340.12184213480765,662.5563550628646,67.90063047098829,34.27004411705624,6.405977130296955,222.1405291788215,346.82600068855356,674.592047826598,1.0,1.0,0.0,47.453604307946755,9.0,15.0,167.0,6.0,1,210.6118869497687,65.54406169038542,628.2032008631306
2024-06-15 09:15:00+00:00,691.5179477426495,43.4521302553639,69.06022161143073,34.15743881781235,6.575238787673712,224.59331660247145,19.104886009072775,358.83795185168026,710.4470313724547,70.48139145440213,34.058354720317496,6.561031330620609,225.24126110882256,365.59610578095544,691.5179477426495,1.0,1.0,0.0,46.33217624154159,9.0,15.0,167.0,6.0,1,215.69125786250555,66.97672882783522,652.3441167138984
2024-06-15 09:20:00+00:00,708.0940263076988,42.82605147755989,68.92448031755646,34.2091384693663,6.726452009800646,230.10612821081756,19.115617556070834,378.01346253591504,697.3710677859729,69.0100177088186,33.813855870678395,6.630439603590915,226.835888348348,384.4990964766511,708.0940263076988,1.0,1.0,0.0,45.213966373987894,9.0,15.0,167.0,6.0,1,220.23021799738854,67.95540333413646,673.4413057413849
2024-06-15 09:25:00+00:00,724.3111193958126,42.17832252844856,68.7907954816273,34.25905700838431,6.87427743919825,235.50626268094297,19.12618652192311,397.6389844259936,718.4999236624141,68.24633574569985,34.266138303245775,6.89043352925066,236.77663632153198,404.2304828367788,724.3111193958126,1.0,1.0,0.0,44.099273162899216,9.0,15.0,167.0,6.0,1,225.71852720837478,68.14634470226872,695.4347110389772
2024-06-15 09:30:00+00:00,740.1603591673629,43.89896383136477,70.94984518128652,34.03596565009405,7.0076400685416695,238.51179666110696,18.95549459272652,417.5149674810859,715.2908147695989,70.477131789245,34.01864756343563,6.990465373702595,240.1440011213399,424.2424829302238,740.1603591673629,1.0,1.0,0.0,42.98842223284048,9.0,15.0,167.0,6.0,1,230.2276632157728,69.22310143383078,700.833038530661
2024-06-15 09:35:00+00:00,755.6331481288789,43.497974189523575,71.43265253741268,34.00967333171761,7.145245807345935,243.0074757826601,18.917324411159846,437.7655904629742,774.2709817440328,72.03884109474313,33.88490504200763,7.088725152426098,244.71256401687916,444.63519659829706,755.6331481288789,1.0,1.0,0.0,41.88177106269698,9.0,15.0,167.0,6.0,1,234.74207018338433,70.05074355858174,723.1759638668948
2024-06-15 09:40:00+00:00,770.721169133423,44.45885882876169,72.73061085733202,33.88519568031685,7.275012183832225,246.51521142584414,18.814709353396808,458.30852474846125,765.1023860198165,72.23651790393603,34.07030508915354,7.37372380269123,245.18857378020903,465.0675777466478,770.721169133423,1.0,1.0,0.0,40.77971177960251,9.0,15.0,167.0,6.0,1,238.7315327176616,70.40176884848853,734.1070347963671
2024-06-15 09:45:00+00:00,785.4163630883887,44.444739047713455,73.46431236150687,33.82614617290731,7.403769078240672,250.44097507102018,18.756703775654984,479.1786060043796,810.0007336201891,74.22662101914875,33.56786344237809,7.481012780420194,250.12339095078872,485.91119365921355,785.4163630883887,1.0,1.0,0.0,39.68267690317337,9.0,15.0,167.0,6.0,1,243.38903323814975,71.44508951055455,756.6329679632103
2024-06-15 09:50:00+00:00,799.7109386450453,46.219265023671255,75.73781076469248,33.58271044461957,7.520400066676648,252.55541786689957,18.576963666603135,500.2248908266213,789.5605522268562,75.10424745982989,33.26613516613931,7.556593862029445,251.68979795009378,506.885343488388,799.7109386450453,1.0,1.0,0.0,38.59114352886725,9.0,15.0,167.0,6.0,1,246.3716655638621,72.81667185338057,770.8450936760988
2024-06-15 09:55:00+00:00,813.5973622059025,44.57053206172085,74.37305338393618,33.7703347716173,7.652669020148536,258.4331947068006,18.684859779528807,521.7609903855214,832.6066560208802,74.43467331412897,33.612701861265286,7.651613691463207,260.2020908393443,528.5688510583334,813.5973622059025,1.0,1.0,0.0,37.50563976136616,9.0,15.0,167.0,6.0,1,250.383283507463,73.60818015835736,794.308261926355
2024-06-15 10:00:00+00:00,827.068349673938,43.976502507378136,74.98983071291434,33.72119994678488,7.770380578536357,262.02655715143845,18.636098089520186,543.5965368148079,849.053899082876,74.34779680046559,33.710317615091284,7.708316810299657,258.3050489868677,550.094271807239,827.068349673938,1.0,1.0,0.0,36.42675202347398,10.0,15.0,167.0,6.0,1,253.1017805014607,74.06997129950184,809.2648453941237
2024-06-15 10:05:00+00:00,840.1168771005689,45.36700821656154,76.69550918985155,33.54114928015948,7.877923206150164,264.2345982751152,18.501249155814094,565.6160866710675,818.1999157418502,77.16725178226567,33.23516134527074,7.876963262886705,263.30566794666186,572.0364108027942,840.1168771005689,1.0,1.0,0.0,35.35513194312758,10.0,15.0,167.0,6.0,1,256.7251993347512,75.05611807516777,819.8843513385303
2024-06-15 10:10:00+00:00,852.7361645381063,45.59299276744,77.4411452869797,33.47414541324957,7.986733407801405,267.34907546960255,18.442300043194077,587.8951762935344,859.5627554117578,77.98468237092145,33.23241131417774,8.010226601862705,270.07076230643355,594.5423076616637,852.7361645381063,1.0,1.0,0.0,34.291506602773815,10.0,15.0,167.0,6.0,1,260.7146736058802,75.8077303455223,829.796755696844
2024-06-15 10:15:00+00:00,864.9196888016957,46.91488990543645,79.34937823550004,33.26733898712078,8.084524398519346,268.9506137151918,18.291437391263994,610.3077274364671,849.9030559975592,79.52427640957929,33.091716324927845,8.079108379664154,268.01517236992413,616.8769053591574,864.9196888016957,1.0,1.0,0.0,33.23668785172103,10.0,15.0,167.0,6.0,1,263.9797484898463,76.6917361354722,841.8652564509848
2024-06-15 10:20:00+00:00,876.6611690886042,46.57087560942504,79.1152355602865,33.31485507172641,8.19086719842071,272.8775536271437,18.30994843570441,633.0475235720623,859.797911164767,78.91057953794021,33.296617997018416,8.18910398518351,275.61283763178847,639.8446418284731,876.6611690886042,1.0,1.0,0.0,32.19158548081735,10.0,15.0,167.0,6.0,1,267.06189784833515,77.58691738023444,847.3035074797621
2024-06-15 10:25:00+00:00,887.9545795277276,46.26996754278534,78.88090580014318,33.3614319335632,8.2931840530283,276.67249529761546,18.32847427085927,656.1035648468636,889.8222313448354,78.48476309799517,33.20739840156228,8.302518878756137,278.3243933903761,663.0383412776711,887.9545795277276,1.0,1.0,0.0,31.15721992032089,10.0,15.0,167.0,6.0,1,271.06576672903685,78.41431063974036,855.457173932154
2024-06-15 10:30:00+00:00,898.7941363369733,47.550917181306765,80.8269183105389,33.14663978111705,8.377898556575223,277.6991855775394,18.174624811213867,679.2451636449919,910.8347222372528,80.64761246286983,33.32793107184249,8.320716731590075,273.9137333960511,685.864485727342,898.7941363369733,1.0,1.0,0.0,30.134739223364768,10.0,15.0,167.0,6.0,1,273.1873798189147,79.11038277586118,873.9841352312345
2024-06-15 10:35:00+00:00,909.1743085535743,45.070471667517744,78.61506071779132,33.42755249367304,8.48429058280527,283.60906882829903,18.34949167031108,702.8792527140167,929.1406873819764,77.88463925426542,32.96989594730112,8.525323118141563,281.8711692239407,709.3537498293371,909.1743085535743,1.0,1.0,0.0,29.125436232568866,10.0,15.0,167.0,6.0,1,275.5474612024161,79.09037415252998,887.8997216252781
2024-06-15 10:40:00+00:00,919.0898133734057,45.78812456411564,79.48168819144065,33.33973059492667,8.56730430549002,285.6316174697926,18.280977121806103,726.6818875031661,914.1401334620615,78.99808591182233,33.403849643821474,8.617659052865251,289.50541351594006,733.4792009556654,919.0898133734057,1.0,1.0,0.0,28.13076965963046,10.0,15.0,167.0,6.0,1,279.8455094316193,78.98513605297859,900.7471371181786
2024-06-15 10:45:00+00:00,928.5356127492795,45.666882209595165,79.65504615462623,33.33383559894209,8.650393914002976,288.3508085954644,18.2672716451872,750.7111215527881,943.2127129935831,80.21924185764628,33.19729235385704,8.628884761411566,284.9170895579817,757.2222917521639,928.5356127492795,1.0,1.0,0.0,27.152387845343547,10.0,15.0,167.0,6.0,1,281.7063598168579,79.24686851691982,917.4300974839418
2024-06-15 10:50:00+00:00,937.5069229723651,46.36609227300083,81.03988636814606,33.182067839022025,8.721333510007664,289.3918801758104,18.157787807130102,774.8271115674389,945.854220781057,80.70472616822855,33.25669942886823,8.686615796795273,288.17251117211066,781.2366676831731,937.5069229723651,1.0,1.0,0.0,26.192154030138752,10.0,15.0,167.0,6.0,1,283.6759833732049,79.69086113096648,928.6364953711861
2024-06-15 10:55:00+00:00,945.999205063242,45.538444410266386,80.17501812774562,33.29861793111425,8.802554870334806,293.11291144494766,18.226163272724108,799.2531875211846,945.8854443980443,80.09460692843648,33.67530486741515,8.908596421458153,293.3227941175119,805.6802338596324,945.999205063242,1.0,1.0,0.0,25.252176405688076,10.0,15.0,167.0,6.0,1,287.557795517497,79.58026002407982,935.6466398033444
2024-06-15 11:00:00+00:00,954.0081749908734,47.70621875867988,82.95849365622911,32.977489583300155,8.855298463390547,292.0255128334756,18.0061049721193,823.5886469239742,940.0922577287155,83.59552519906073,32.94484817583681,8.912361244632306,292.5510046968998,830.0594842510407,954.0081749908734,1.0,1.0,0.0,24.334838624323226,11.0,15.0,167.0,6.0,1,289.6937626120888,80.72243721303887,937.8369538726923
2024-06-15 11:05:00+00:00,961.5297951950996,47.00141692349878,82.76813379927188,33.01155099567717,8.92335869261503,294.5739105339802,18.021154598457567,848.1364728018059,962.150244462804,82.87780660591687,33.032171269029625,8.80736109206552,297.8710715916561,854.8820735503454,961.5297951950996,1.0,1.0,0.0,23.44283423461404,11.0,15.0,167.0,6.0,1,291.366894227232,81.49838135185777,947.4389760728409
2024-06-15 11:10:00+00:00,968.5602838701211,45.90196707359858,81.87157780677781,33.129438649758264,8.991847368118862,297.89485573008415,18.09203526045239,872.9610441126463,1020.5106319909883,81.82997802431878,33.27783217279454,8.986740982409813,295.9250038887016,879.5424905410705,968.5602838701211,1.0,1.0,0.0,22.579199799598584,11.0,15.0,167.0,6.0,1,293.568477093376,81.82052858519228,962.8985598723218
2024-06-15 11:15:00+00:00,975.0961075750743,46.50281899358223,82.93905715578877,33.01115966613671,9.04258087038072,298.5060809060914,18.007641598977642,897.8365508548205,961.3081996876736,83.42408892397246,32.72700000798609,8.991581627704603,298.7603897203898,904.4391896844363,975.0961075750743,1.0,1.0,0.0,21.74734861099934,11.0,15.0,167.0,6.0,1,295.6860528030318,82.36440113634106,965.9893556536451
2024-06-15 11:20:00+00:00,981.1339886935267,47.97395827863998,84.48851631808064,32.83422750766607,9.085375060826692,298.3112717396591,17.885143180499977,922.6958234997921,978.6067110340746,84.67758744479121,32.94789945964292,9.039786761927699,299.84023002933577,929.4258755202143,981.1339886935267,1.0,1.0,0.0,20.951098159890208,11.0,15.0,167.0,6.0,1,296.9895399853966,83.280997239612,972.5336089808512
2024-06-15 11:25:00+00:00,986.6709029813511,48.63697139882319,85.22663443264246,32.753726898625146,9.129219077117238,299.0159484496167,17.82678843073697,947.6138192039268,973.4511098466855,85.37647749530218,32.898197938159484,9.094726115092117,298.38307937264915,954.2911321346018,986.6709029813511,1.0,1.0,0.0,20.19468979497914,11.0,15.0,167.0,6.0,1,298.1559549205465,83.6371876988603,979.2053794044452
2024-06-15 11:30:00+00:00,991.7040782894893,49.93026429460414,86.41827097561534,32.61801589108315,9.16527256959637,298.95300632120285,17.732579047574877,972.5265697306937,1012.0139967544986,86.47449301241788,32.572303317217845,9.167418303646294,297.1339350852771,979.0522933917082,991.7040782894893,1.0,1.0,0.0,19.482793074156532,11.0,15.0,167.0,6.0,1,298.0085276192707,84.35652498016051,989.1781298627842
2024-06-15 11:35:00+00:00,996.231000201396,50.97830850868216,87.40677855844302,32.505861013627324,9.198160212891516,298.99411746132836,17.65442880102662,997.4427461858044,1022.9024811994702,88.09344015178534,32.61811512586428,9.191565127262088,298.05814972089274,1003.8904725351159,996.231000201396,1.0,1.0,0.0,18.820485925607386,11.0,15.0,167.0,6.0,1,298.43515678570895,85.60921740565382,989.6564997044804
2024-06-15 11:40:00+00:00,1000.2494071874545,48.605929876165916,85.96082802453972,32.68505421631096,9.244102311323033,302.14398522671877,17.768743949118747,1022.6214116213642,1020.0380679793543,86.77021472754164,32.692436984423956,9.179361992265356,299.6981422951737,1028.8653177263805,1000.2494071874545,1.0,1.0,0.0,18.21320357611347,11.0,15.0,167.0,6.0,1,298.6227073006657,86.27844256636766,1001.4024733628166
2024-06-15 11:45:00+00:00,1003.757295945626,47.32515800299358,84.36784973388957,32.881206459270814,9.286539284074017,305.35261549176676,17.894682938685435,1048.0674629123448,1033.0430420288153,83.13453431360932,32.71029193515507,9.23222579749979,305.3146638052154,1054.3082063768152,1003.757295945626,1.0,1.0,0.0,17.666643312348825,11.0,15.0,167.0,6.0,1,299.71759405584163,85.96983194013129,1012.2897395617649
2024-06-15 11:50:00+00:00,1006.75291749648,46.30186817739755,83.81523856830493,32.9517890502683,9.316994496076534,307.0116372172248,17.938371727305775,1073.6517660137802,1005.560564287228,84.7609733069854,32.67062090689329,9.21398541777581,309.1788017503534,1080.073106522678,1006.75291749648,1.0,1.0,0.0,17.18661922956983,11.0,15.0,167.0,6.0,1,301.87673853138244,85.84673110246793,1018.7116304498734
2024-06-15 11:55:00+00:00,1009.2347812635206,48.8168301690733,86.04446019433952,32.68769432939609,9.322919576590808,304.74474537714315,17.76213208816516,1099.0471614618755,1033.9881470167493,86.40967530299231,32.86568321773509,9.318401354537421,303.69597806525303,1105.3811046947824,1009.2347812635206,1.0,1.0,0.0,16.77885997103509,11.0,15.0,167.0,6.0,1,303.1891471273776,85.8337675605828,1023.1064605023236
2024-06-15 12:00:00+00:00,1011.2016520874325,47.84731294253405,85.3001465584847,32.77981483800417,9.345697009090543,306.3502174900774,17.820976648552737,1124.5763462527152,998.9093931295753,85.10489741419673,33.11773871052975,9.35911692341609,307.682083770768,1131.0212783423465,1011.2016520874325,1.0,1.0,0.0,16.448755275628812,12.0,15.0,167.0,6.0,1,305.1139339373527,85.23605901306509,1018.3078428883443
2024-06-15 12:05:00+00:00,1012.6525528710671,48.3519102968954,86.2841074860223,32.66371300147113,9.351374158728166,305.45060169007036,17.743185855222706,1150.030563060221,1035.5996514634141,86.69848629935281,32.48834879739951,9.394431053026336,301.38354429550003,1156.1365737003048,1012.6525528710671,1.0,1.0,0.0,16.201064108643024,12.0,15.0,167.0,6.0,1,305.4510143374179,85.22171332742731,1021.4201595851564
2024-06-15 12:10:00+00:00,1013.586763341413,48.25801153272241,85.53544091013327,32.7549114728472,9.365077073119831,306.752270466431,17.802374553928292,1175.593252265757,1035.5692350648785,84.77010580996277,32.81057711496876,9.414133964707194,302.9934608288984,1181.3860287693797,1013.586763341413,1.0,1.0,0.0,16.039613473245595,12.0,15.0,167.0,6.0,1,304.9867737421546,85.548827626698,1021.9253981923691
2024-06-15 12:15:00+00:00,1014.0038200080523,48.8279365289105,86.50432995741464,32.6391588450642,9.361701618276832,305.55806617903215,17.725775325719688,1201.056424447343,1004.6479580852385,86.63012499220531,32.37851875109045,9.366625568854365,308.0427866136804,1207.0562609871863,1014.0038200080523,1.0,1.0,0.0,15.967025149304078,12.0,15.0,167.0,6.0,1,304.75957071482,85.922657963742,1021.7428769519713
2024-06-15 12:20:00+00:00,1013.9035168640588,50.12905810115414,87.78391504314973,32.48537668079151,9.351412818667097,303.78416791198293,17.62461283423569,1226.3717717733416,1027.7988798378135,88.36124650653025,32.37358621752476,9.331219919131376,303.4119063448549,1232.3405865159243,1013.9035168640588,1.0,1.0,0.0,15.98451209931683,12.0,15.0,167.0,6.0,1,304.7027563707403,86.31297220444957,1020.505023516184
2024-06-15 12:25:00+00:00,1013.2859049333192,49.31016335863981,87.0758228964617,32.56953822022862,9.351174636336651,304.56343972219906,17.68059376630326,1251.7520584168583,997.1558643926494,86.89757367700196,32.45283706621519,9.458186272306108,305.4021096517849,1257.7907623202398,1013.2859049333192,1.0,1.0,0.0,16.09177986530713,12.0,15.0,167.0,6.0,1,304.24676154694373,86.67150745701062,1020.1543177687988
2024-06-15 12:30:00+00:00,1012.1512921625504,49.08016048807418,86.6994047633417,32.61315003268431,9.34391379341701,304.7344624371773,17.71035294106287,1277.1465969532896,991.2052199375013,85.49253172705077,32.367847887728786,9.29758364159429,301.7268035560934,1282.934662616581,1012.1512921625504,1.0,1.0,0.0,16.287050800961453,12.0,15.0,167.0,6.0,1,304.3154133990623,86.43031654255022,1011.2754314636162
2024-06-15 12:35:00+00:00,1010.5002440884973,48.284424940002175,85.5712114831471,32.74628609116705,9.33753476159777,305.7695846894979,17.799546574508838,1302.6273956774144,989.6849250587097,85.61102582649296,32.71410432615011,9.269694825583397,303.8284195113959,1308.253697575864,1010.5002440884973,1.0,1.0,0.0,16.567206556717153,12.0,15.0,167.0,6.0,1,304.4824051355619,86.59850054585624,1002.0985694623826
2024-06-15 12:40:00+00:00,1008.333582614059,47.72224326315472,85.08206369641604,32.80195722108359,9.321909080363792,305.7768628729238,17.838218023059813,1328.1088009168247,991.770250271129,84.94881153484194,32.983180390933015,9.298825523420247,308.1124160583572,1333.9297322473938,1008.333582614059,1.0,1.0,0.0,16.928023606508773,12.0,15.0,167.0,6.0,1,304.49633102449724,86.26223785438359,999.5230278995607
2024-06-15 12:45:00+00:00,1005.6523877380527,48.98299338587772,86.11279242548406,32.67445217561244,9.290765152576837,303.57066165271846,17.756729822361724,1353.4063560545512,988.519962728155,86.83214830713135,32.76956203173899,9.300493244259226,303.45162995730647,1359.2173680771693,1005.6523877380527,1.0,1.0,0.0,17.364462091122235,12.0,15.0,167.0,6.0,1,304.5042757469876,85.9564182145038,991.6672444776289
2024-06-15 12:50:00+00:00,1002.4579955944497,49.48338695666395,86.4850813279736,32.62526435109058,9.259842279072268,302.1048022041378,17.727297099717852,1378.5817562382294,1000.6105066825969,86.9355003160532,32.50515199805845,9.32734493495544,303.3591724059833,1384.4972991110012,1002.4579955944497,1.0,1.0,0.0,17.87096772375199,12.0,15.0,167.0,6.0,1,304.0956882978272,85.96400354231405,992.3581729356183
2024-06-15 12:55:00+00:00,998.7519988377857,51.36842845743917,87.99146299997409,32.43926705134518,9.216173017834205,298.9658977169256,17.608204336943224,1403.4955810479732,1024.4636999848442,88.99063846778469,32.707212120264764,9.192523781654751,298.9869019694353,1409.4128742751209,998.7519988377857,1.0,1.0,0.0,18.441751178691533,12.0,15.0,167.0,6.0,1,303.5477079804956,86.66362489046082,999.009868945087
2024-06-15 13:00:00+00:00,994.5362481794091,49.789532784363566,86.6703386288075,32.59181157079092,9.188499579057126,299.4698468989215,17.71265087546369,1428.4514016228834,990.5209878746391,86.72044557227917,32.61925386393154,9.107468394832992,301.78988587510577,1434.5620314313796,994.5362481794091,1.0,1.0,0.0,19.07102257593867,13.0,15.0,167.0,6.0,1,303.1400012532376,86.88550883961807,999.1770815082727
2024-06-15 13:05:00+00:00,989.8128483831216,50.69616020915567,87.68335647773415,32.4635711292635,9.139473062236505,296.6999338399024,17.63256287611325,1453.1763961095419,976.9364423260295,88.05588193133248,32.807873750967396,9.176133951252872,295.5556703240185,1459.191670625048,989.8128483831216,1.0,1.0,0.0,19.75317197481654,13.0,15.0,167.0,6.0,1,300.6286521063698,87.50692291891616,996.210319919253
2024-06-15 13:10:00+00:00,984.5841623451719,49.26366447266018,85.41876495646113,32.72767688486562,9.109394130835051,298.1293077308609,17.811598817559776,1478.0205050871136,994.4757790516613,85.75165642663612,32.450559580582336,9.086807513249894,293.47995767367667,1483.6483337645209,984.5841623451719,1.0,1.0,0.0,20.48289384325642,13.0,15.0,167.0,6.0,1,298.6343176496439,87.29082454281713,997.4014831839543
2024-06-15 13:15:00+00:00,978.852805520896,48.62290903761529,84.91276128767319,32.78004712192034,9.062206510061497,297.05955642838916,17.85160287231572,1502.7754681228128,974.9059636063172,84.60947691237527,33.36795601411252,9.008755393572764,295.1030136590533,1508.240251569442,978.852805520896,1.0,1.0,0.0,21.255264596869722,13.0,15.0,167.0,6.0,1,296.9830859002579,86.82561986208154,992.2605745686982
2024-06-15 13:20:00+00:00,972.6216509429142,48.88296076788971,84.57762456710465,32.811125888721705,9.009341394632509,295.60663467375883,17.878098387165373,1527.409354345626,973.7164182741927,84.74567543673436,32.760406648561045,8.963704025734907,296.67908569795856,1532.9635087109386,972.6216509429142,1.0,1.0,0.0,22.065779782991243,13.0,15.0,167.0,6.0,1,296.52152264596253,85.97662725587148,982.111118226568
2024-06-15 13:25:00+00:00,965.8938224528914,49.15838904014185,84.78356310382965,32.77655911735289,8.948301099304928,293.2945199812418,17.861817128732525,1551.8505643440628,971.5192593817524,86.10277848621304,32.5247774653003,8.954848769451099,293.7908482303434,1557.4460793968005,965.8938224528914,1.0,1.0,0.0,22.910363988331852,13.0,15.0,167.0,6.0,1,294.9217151170101,85.85309383865825,978.3107725279906
2024-06-15 13:30:00+00:00,958.6727007188792,52.042918346173266,87.52592900568206,32.43739228132294,8.865336625578589,287.5684018298725,17.6450089068449,1575.8145978298855,964.9011531977313,87.26054013338269,32.20891102212239,8.776954443042278,287.00090405588605,1581.3628214014577,958.6727007188792,1.0,1.0,0.0,23.78535914581181,13.0,15.0,167.0,6.0,1,293.2107618633836,85.6940254790683,975.903714702331
2024-06-15 13:35:00+00:00,950.9619163990475,49.11917670299881,84.19305459445151,32.825081023953615,8.819937348303608,289.5151580842605,17.90850203676807,1599.940861003574,940.4414648634471,84.49999145719227,32.99663167523789,8.893660750333577,291.8520350264485,1605.6838243203285,950.9619163990475,1.0,1.0,0.0,24.6875018925481,13.0,15.0,167.0,6.0,1,292.885177333938,85.44369248517953,965.0968518646881
2024-06-15 13:40:00+00:00,942.7653518577886,50.8004361846538,85.1663837392893,32.69622737236642,8.740656007089271,285.78647619143123,17.831551779670303,1623.7564006861933,938.7935256604007,85.13542800953599,32.86234931013969,8.732176233813385,284.53855078296993,1629.3953702189094,942.7653518577886,1.0,1.0,0.0,25.613892767856257,13.0,15.0,167.0,6.0,1,290.7722847587213,85.54888270461167,957.874364275505
2024-06-15 13:45:00+00:00,934.0871440705282,49.07566205429901,83.08468482468038,32.9321431192699,8.677515665877676,285.7691878283903,17.99612844680174,1647.5704996718925,947.7106429647203,83.51357299564059,33.07983371128232,8.679718646895635,283.3939636806813,1653.0115338589662,934.0871440705282,1.0,1.0,0.0,26.561962240562067,13.0,15.0,167.0,6.0,1,288.11526035526583,85.30246221639291,952.6732092136104
2024-06-15 13:50:00+00:00,924.9316761001583,50.92205522869282,85.08964779866555,32.678249898551805,8.582951419408479,280.4758313505602,17.83761843285844,1670.9434856177725,919.0235684681611,84.68949668017225,32.785284540267156,8.63527256419085,282.1962653831577,1676.5278893075626,924.9316761001583,1.0,1.0,0.0,27.52943755492484,13.0,15.0,167.0,6.0,1,285.7963437858287,85.01980585518476,942.174071030892
2024-06-15 13:55:00+00:00,915.3035857769155,50.38257123690495,84.16640805521003,32.77373065428814,8.503516333635162,278.69195393289857,17.910608680811627,1694.1678151121807,911.4066415674785,84.89427534876752,32.533650390635145,8.46598313050809,277.2642086059859,1699.6332400247281,915.3035857769155,1.0,1.0,0.0,28.514308911362292,13.0,15.0,167.0,6.0,1,283.84900469584863,84.54655289826174,931.4751687048416
2024-06-15 14:00:00+00:00,905.2077553073832,49.84336210234191,83.01959288700218,32.894926038010496,8.421152431992583,277.0131864052082,18.001274538815824,1717.2522473126148,909.4771210642592,82.98487689327925,32.85165968641024,8.424081449276612,277.45230505859405,1722.7542654462777,905.2077553073832,1.0,1.0,0.0,29.51479989500954,14.0,15.0,167.0,6.0,1,280.9690587022777,84.24352998547911,925.282299945004
2024-06-15 14:05:00+00:00,894.6493211088831,49.95685774466366,83.2176225444386,32.85446424894645,8.325929837600658,273.5439641886873,17.98561854707497,1740.047577661672,900.6391415980219,83.11004755381305,32.37753151073446,8.321493958453813,270.59203119224225,1745.3036013789645,894.6493211088831,1.0,1.0,0.0,30.52933848836051,14.0,15.0,167.0,6.0,1,278.17975478413223,83.83845389433452,917.6514231325282
2024-06-15 14:10:00+00:00,883.6336625914665,49.33569452038918,81.88868927441462,32.99533959250201,8.236136229864039,271.7541118344732,18.090682447952165,1762.693753647878,878.5953185135498,81.64287628961138,32.806218363206014,8.259985688997963,268.72402918842056,1767.6972704779996,883.6336625914665,1.0,1.0,0.0,31.556533049159142,14.0,15.0,167.0,6.0,1,275.2457678856801,83.46431455312869,903.828358242294
2024-06-15 14:15:00+00:00,872.1664132236456,50.42466143386812,82.6373676417433,32.887236441436144,8.129289353215189,267.3498610600374,18.03149281702924,1784.9729087362145,880.2630887651851,82.86287344642095,33.007257620491,8.251406928863018,265.99265492059453,1789.863325054716,872.1664132236456,1.0,1.0,0.0,32.59514892636975,14.0,15.0,167.0,6.0,1,272.0050457931675,83.09898990637843,896.076262301699
2024-06-15 14:20:00+00:00,860.2534502471512,49.506963500576674,81.18799083198046,33.04029111082149,8.031825656908149,265.3738578556103,18.146078842459897,1807.0873968908488,859.8511566642528,80.74074960656323,32.65080515406918,7.97673769223957,269.7955430981561,1812.3462869795624,860.2534502471512,1.0,1.0,0.0,33.644089766012,14.0,15.0,167.0,6.0,1,270.5113126916015,82.26828475793756,885.7651653210538
2024-06-15 14:25:00+00:00,847.9008989427658,48.71495761845595,80.21958353029702,33.13480568056165,7.927219508654408,262.6668780064212,18.222639984428284,1828.976303391384,827.9967765966892,80.6668695619127,33.59644604536597,7.923601133658181,263.58840638099196,1834.3119875113116,847.9008989427658,1.0,1.0,0.0,34.70237987525414,14.0,15.0,167.0,6.0,1,267.7385329560811,81.80468329166426,869.4690964275396
2024-06-15 14:30:00+00:00,835.1151382129042,48.63651103941848,79.85072059572963,33.15673020374406,7.815006210920052,259.1200524760603,18.25180185407879,1850.5696410977223,844.5141716479785,79.5336959924997,33.39702457119413,7.920640495143443,258.5332612867787,1855.8564259518764,835.1151382129042,1.0,1.0,0.0,35.769148745288355,14.0,15.0,167.0,6.0,1,265.3267789749884,81.0894129794016,858.2441024375312
2024-06-15 14:35:00+00:00,821.9027894751448,50.05620302239972,80.87755762771765,33.01144436468588,7.690855062995184,253.88623402892824,18.170621326373382,1871.7268272667995,808.5911482188202,80.8077098778605,32.76960031754266,7.645685628899383,253.0364140268987,1876.9427937874514,821.9027894751448,1.0,1.0,0.0,36.84361894233132,14.0,15.0,167.0,6.0,1,262.189255942684,80.92237969705141,844.2432683785852
2024-06-15 14:40:00+00:00,808.2707313605611,51.42716878653252,81.51666724080096,32.91130848585377,7.565211477532272,248.98100869778622,18.120094072256677,1892.4752446582818,853.852337150208,82.16113080961387,33.04390330083037,7.645806902853054,249.42885442887862,1897.7285316565246,808.2707313605611,1.0,1.0,0.0,37.925093564695466,14.0,15.0,167.0,6.0,1,258.8764958443408,80.78203116969,838.9611180555897
2024-06-15 14:45:00+00:00,794.2260869434257,49.96784441760575,79.36599149921904,33.14155788975133,7.451381489270205,246.95039098527002,18.29012396617939,1913.0544439070543,798.2883042541918,80.10774877144651,33.24065969172624,7.455244334849947,247.20777065815912,1918.3291792113712,794.2260869434257,1.0,1.0,0.0,39.012947487425976,14.0,15.0,167.0,6.0,1,254.35894135634143,80.65543100266666,826.6485475735775
2024-06-15 14:50:00+00:00,779.7762402592364,49.64432174508945,78.45922865147301,33.22253885055687,7.326585597014383,243.40777463874076,18.36181157014237,1933.3384251269495,775.30075587503,78.57306415606185,33.182933782376644,7.377996479106137,244.83264067938114,1938.7318992679864,779.7762402592364,1.0,1.0,0.0,40.10661759133027,14.0,15.0,167.0,6.0,1,250.60778821601926,80.23666992149649,816.1093434292457
2024-06-15 14:55:00+00:00,764.928823726809,49.99924683773516,77.69976993688311,33.28461502264841,7.197136394631446,239.55391416079945,18.421853482637005,1953.3012513070162,777.4153363917407,77.43218236670312,33.39088536498153,7.225121633608161,243.63018806737185,1959.0344149402674,764.928823726809,1.0,1.0,0.0,41.20559644256531,14.0,15.0,167.0,6.0,1,247.62717357213788,79.81636719633717,802.6895763779982
2024-06-15 15:00:00+00:00,749.691736831789,50.9652600045975,78.30220179331276,33.183842447940094,7.05690099960703,234.17509094167065,18.37422592881104,1972.8158422188221,771.385658702658,78.32284000687426,33.118985890398534,7.072751520343915,233.50623575937237,1978.4932679202152,749.691736831789,1.0,1.0,0.0,42.30942460430774,15.0,15.0,167.0,6.0,1,243.72113791863262,79.31939322213991,795.2484784747656
2024-06-15 15:05:00+00:00,734.0731363365037,49.81988104522314,77.08814643692745,33.296896249986546,6.922393441677224,230.49421622911382,18.47020771698644,1992.0236935712483,756.5317288966228,77.50169030967334,33.28181726330619,6.877771558028983,235.8037159672372,1998.1435775841517,734.0731363365037,1.0,1.0,0.0,43.41768599090336,15.0,15.0,167.0,6.0,1,240.99611022630432,78.38750512215181,775.7843568240487
2024-06-15 15:10:00+00:00,718.0814470214975,49.12624227664853,75.46736942684196,33.45636152035854,6.786067975736379,227.03714349796397,18.59834444060732,2010.943455529412,722.4197108811248,75.54591352624915,33.55538154501677,6.778608517688641,223.16421644668947,2016.7405956213759,718.0814470214975,1.0,1.0,0.0,44.53000247742332,15.0,15.0,167.0,6.0,1,236.1873993840104,77.47513807311235,760.6106381494353
2024-06-15 15:15:00+00:00,701.725374518709,50.575590005010945,76.49206110855012,33.30137417820489,6.633342108616939,220.8994076110953,18.517333521771093,2029.351739497003,717.5677249531636,76.7716651762713,33.38730127951695,6.667529870051463,221.3407355994582,2035.1856569213307,701.725374518709,1.0,1.0,0.0,45.64602912389597,15.0,15.0,167.0,6.0,1,231.48901836802582,77.11485827715424,749.064031965062
2024-06-15 15:20:00+00:00,685.013897729025,49.82568264632069,75.08479477066916,33.43212834528462,6.488798245764101,216.93433575904308,18.62859034283651,2047.4296008102567,695.3831954648575,75.6938489871509,33.490425325292485,6.469480755548053,215.4649290813278,2053.141067678108,685.013897729025,1.0,1.0,0.0,46.765451435815834,15.0,15.0,167.0,6.0,1,225.855966570817,76.7671916012438,732.6576037796854
2024-06-15 15:25:00+00:00,667.9562956055066,50.855834684823975,75.35786435767662,33.36277040746501,6.333025858776721,211.28728771090664,18.607001782546035,2065.0368747861658,669.1387552184292,74.45056021044022,33.42529328162128,6.278692541441318,212.33520977817608,2070.835668492956,667.9562956055066,1.0,1.0,0.0,47.887980846547784,15.0,15.0,167.0,6.0,1,221.62176137457777,75.99273564195697,712.2082230828396
2024-06-15 15:30:00+00:00,650.5621403875384,49.42202976233477,73.16331724762361,33.582358231062706,6.184914065373315,207.70399977170504,18.780500095246698,2082.3455414338077,627.7334313622799,73.20470597778285,33.76996038629961,6.135797003900165,205.01083740492467,2087.9199049433664,650.5621403875384,1.0,1.0,0.0,49.013353005390286,15.0,15.0,167.0,6.0,1,215.46318566211525,75.13333877557889,686.448563575971
2024-06-15 15:35:00+00:00,632.8413294850512,47.928645759473966,71.24501023613439,33.767013409610705,6.031859998936231,203.67789746897412,18.93215919074326,2099.3186995562223,633.0295640409377,71.30975395237935,33.919643412761026,6.1025299458322655,202.01001429112105,2104.75407280096,632.8413294850512,1.0,1.0,0.0,50.14132400580209,15.0,15.0,167.0,6.0,1,211.23234523100155,74.28610686080492,668.5705342079336
2024-06-15 15:40:00+00:00,614.804083226789,47.69491867112083,69.98410890894183,33.87194168106788,5.872546358114991,198.91454776143854,19.031844566257774,2115.8949118696755,576.1417678929612,69.71968567964588,33.63067929664529,5.952325487892184,198.97460499923,2121.335289884229,614.804083226789,1.0,1.0,0.0,51.271669329934475,15.0,15.0,167.0,6.0,1,206.7591191109559,72.87571096147983,640.2853427958931
2024-06-15 15:45:00+00:00,596.4609837077596,50.61965534755813,72.77242679313473,33.499405454352505,5.693968498006057,190.74455935901543,18.811403434707465,2131.79029181626,583.0271246343855,73.03643210006922,33.34454972368908,5.657997558913589,187.9855860203174,2137.0007553859223,596.4609837077596,1.0,1.0,0.0,52.4041806381357,15.0,15.0,167.0,6.0,1,201.26325049875385,72.3442275840635,617.8141286297987
2024-06-15 15:50:00+00:00,577.8229819523626,50.593774052565514,71.76055111018854,33.57078443557282,5.527724795767599,185.57005753788482,18.89140113575921,2147.2544632777503,598.0936017857398,71.3527687058039,33.860393474467124,5.526615171884914,191.86570010436878,2152.989563727953,577.8229819523626,1.0,1.0,0.0,53.53866505724276,15.0,15.0,167.0,6.0,1,197.1693485639924,71.72466928313625,603.6050979432608
2024-06-15 15:55:00+00:00,558.9014340245385,48.58774834379248,68.39713368806372,33.914581850327494,5.367007249318979,182.01980664832953,19.15730896019073,2162.4227804984444,561.437388131402,68.20295607544735,34.224814514593945,5.4290694900333065,184.3569884687712,2168.3526461003503,558.9014340245385,1.0,1.0,0.0,54.67494315358154,15.0,15.0,167.0,6.0,1,193.03857877676168,70.72431930266914,590.3458892970851
2024-06-15 16:00:00+00:00,539.7081439988394,48.277066716708404,67.96035218100857,33.912895771393266,5.192298371499885,176.0858734866506,19.19184039227791,2177.0966032889987,538.9175289201171,67.78684228870452,34.022398408883916,5.206910201979579,177.74224266075987,2183.1644996554137,539.7081439988394,1.0,1.0,0.0,55.812847074368655,16.0,15.0,167.0,6.0,1,188.18502445068947,70.01973696993417,571.5234822729211
2024-06-15 16:05:00+00:00,520.2553888245981,50.010562998971665,68.66183645324254,33.77566459542864,5.010965749278177,169.24869844680046,19.13638187099071,2191.2006614928987,507.0217682995632,69.60438153794004,33.71923963969861,5.014266042509024,170.03861387579605,2197.3343841450633,520.2553888245981,1.0,1.0,0.0,56.95222036594335,16.0,15.0,167.0,6.0,1,182.39782622600268,69.996676141593,557.6994823542416
2024-06-15 16:10:00+00:00,500.55599092320324,47.32686877608536,65.57483839116219,34.076838547937705,4.839559551940163,164.91688949459467,19.380436306016353,2204.943735617448,487.5944005423907,65.00998626817089,34.23986660557792,4.870414982324553,165.93443779412328,2211.1622539612404,500.55599092320324,1.0,1.0,0.0,58.092915635806264,16.0,15.0,167.0,6.0,1,177.98759658076384,68.39138697521334,538.6129375358425
2024-06-15 16:15:00+00:00,480.62336084895793,47.41996910406962,64.7981508620731,34.10521681624394,4.6576875780352305,158.85144471121765,19.441840308316106,2218.1813560100495,470.20462658103133,64.73135324826247,34.24072165627601,4.602248787883919,158.55801792143208,2224.37542212136,480.62336084895793,1.0,1.0,0.0,59.234794773411934,16.0,15.0,167.0,6.0,1,171.3260601441765,67.06710388370504,513.0351424949009
2024-06-15 16:20:00+00:00,460.4715962921266,48.83484723757897,65.61672789713188,33.94491469201183,4.468547485914533,151.68446320657273,19.377124570956163,2230.8217279439305,439.4577152884493,66.12310702168213,33.63489017493005,4.434301413177621,152.18739034787495,2237.0577046503495,460.4715962921266,1.0,1.0,0.0,60.37772682601614,16.0,15.0,167.0,6.0,1,164.89214051999724,66.651134072952,488.63920792631035
2024-06-15 16:25:00+00:00,440.1155565826379,47.669840919815236,63.71677618695521,34.0959851744683,4.285044329627446,146.10280793491685,19.527332517925426,2242.996961938507,405.8976447363081,64.02478781149334,34.10919482504404,4.323295801413676,145.62646094959595,2249.193243062816,440.1155565826379,1.0,1.0,0.0,61.52158841196278,16.0,15.0,167.0,6.0,1,158.46898417776447,65.89872317750977,462.0352310895485
2024-06-15 16:30:00+00:00,419.57100291545066,47.92841153619228,63.35719474470304,34.06429189638915,4.0947720839736075,139.48551151766267,19.555760603712887,2254.620754564979,434.86590224465544,62.72204386517307,33.783945654706756,4.10483653534047,137.36862048498375,2260.640628103231,419.57100291545066,1.0,1.0,0.0,62.666261760700316,16.0,15.0,167.0,6.0,1,151.934985499602,64.52225564295638,447.604057878567
2024-06-15 16:35:00+00:00,398.8547268403102,47.63540193240431,61.984878849176546,34.144768024802005,3.9049635074107987,133.33407310585892,19.664254283923928,2265.731927323801,423.48308220858127,62.025312677590755,34.052677952187246,3.928077565847121,132.95620169877054,2271.7203115781285,398.8547268403102,1.0,1.0,0.0,63.811635120733165,16.0,15.0,167.0,6.0,1,145.33933828053145,63.925320924840356,434.7817942118051
2024-06-15 16:40:00+00:00,377.98474292887425,47.998018979988714,61.88533113711794,34.07343220512719,3.7098689773231697,126.40796908872557,19.672124408924326,2276.2659247478614,368.2426355713384,60.95819827085346,34.07974591882644,3.7144427153594908,129.32876227580738,2282.497708434446,377.98474292887425,1.0,1.0,0.0,64.95760169444233,16.0,15.0,167.0,6.0,1,139.49348715140653,63.170689929358545,414.3893960098665
2024-06-15 16:45:00+00:00,356.9805297159884,48.92587993610349,61.6462534913747,34.01276437522943,3.5133373888362995,119.49831677717287,19.69102560632896,2286.224117812626,368.3038457095188,62.0412553024877,34.35683769098765,3.4487984814388444,120.15865599702327,2292.5109297675313,356.9805297159884,1.0,1.0,0.0,66.10405862390047,16.0,15.0,167.0,6.0,1,133.0877402812362,62.35431958551967,400.1586220940804
2024-06-15 16:50:00+00:00,335.8633048438086,47.46335827500299,59.28691045553433,34.188499237208084,3.319665693248905,113.49438802142603,19.87755249104481,2295.681983481078,317.1936657996792,59.595293728765476,33.7652001885656,3.3408580750899866,116.78218529742072,2302.2427785423165,335.8633048438086,1.0,1.0,0.0,67.2509075605714,16.0,15.0,167.0,6.0,1,127.31888515080114,61.46842076897409,382.4178263067546
2024-06-15 16:55:00+00:00,314.65642429031516,47.86757841387441,59.07556147295192,34.111267249807426,3.1197191054291054,106.41757214962236,19.894261492961913,2304.5501144935465,319.71698866167293,58.78463206028006,34.0399858816,3.1846577772372724,108.46106190937199,2311.2812003680974,314.65642429031516,1.0,1.0,0.0,68.39805296976515,16.0,15.0,167.0,6.0,1,121.5373734356788,60.6809384079955,359.3880435901581
2024-06-15 17:00:00+00:00,293.3858451062931,45.02089571083445,55.59442708570936,34.398017040444955,2.924484229465885,100.59645835968004,20.16947588216509,2312.9331526901865,272.4077687182506,55.04943494466992,34.5345146971266,2.9503140361027342,105.18547039689372,2320.046656234505,293.3858451062931,1.0,1.0,0.0,69.54540293118133,17.0,15.0,167.0,6.0,1,115.98322717530343,59.28576286141132,329.17298089209197
2024-06-15 17:05:00+00:00,272.0807790929004,46.866412155892576,56.455949977049166,34.18195770677162,2.72004067662722,92.9763153691701,20.101364895932115,2320.6811789709504,285.52764211165305,56.48785546726872,34.31543130374828,2.7567030724886425,93.44337644580175,2327.833604271655,272.0807790929004,1.0,1.0,0.0,70.6928675096211,17.0,15.0,167.0,6.0,1,108.80615000930229,58.39169430069437,312.6299822001549
2024-06-15 17:10:00+00:00,250.77449789436187,45.91267180586373,54.89388374078891,34.230389104812055,2.518871307436976,86.22194495851437,20.224860014845863,2327.8663410508266,251.3652655662966,54.514717440049765,34.40058780284869,2.471974995035662,86.5776042528859,2335.048404626062,250.77449789436187,1.0,1.0,0.0,71.84035961468021,17.0,15.0,167.0,6.0,1,102.08993966047481,56.88638672820679,289.2422661715105
2024-06-15 17:15:00+00:00,229.5054530035036,45.37464509057706,53.247212796842156,34.27583764755577,2.316999265137966,79.41709064137494,20.355043882414364,2334.484431937608,210.16591541108005,52.729765628840234,34.077104883386426,2.3045322764359617,78.60250076054722,2341.5986130227743,229.5054530035036,1.0,1.0,0.0,72.98779342225309,17.0,15.0,167.0,6.0,1,94.45400275310011,55.51328110822173,267.83671609379064
2024-06-15 17:20:00+00:00,208.31872495101274,45.549723729936645,53.3195274366534,34.114472841717124,2.112460569138227,72.06547871506434,20.349326772066934,2340.4898884971967,216.33436646097567,53.36474079257095,34.088628036387625,2.089769255372463,74.54046688587201,2347.810318596597,208.31872495101274,1.0,1.0,0.0,74.13508512493655,17.0,15.0,167.0,6.0,1,87.66988374840011,54.42930285467992,247.16019165365122
2024-06-15 17:25:00+00:00,187.26802039155666,45.92511128113977,52.531563887852805,34.033709329035894,1.909329039327357,64.9815495379546,20.411622243219163,2345.9050176253595,211.81598759782443,53.05404849932102,33.94119687467209,1.8840771813880333,64.14245753542116,2353.1555233912154,187.26802039155666,1.0,1.0,0.0,75.28215216164334,17.0,15.0,167.0,6.0,1,79.4612811761056,54.03022556561014,235.04183542956594
2024-06-15 17:30:00+00:00,166.41840078206604,47.003516832443225,53.2419098605517,33.768061085574814,1.7053955631413316,57.587901551224746,20.35546312631874,2350.704009421295,166.28516354328406,52.99185471312075,34.030114833423355,1.674448168898156,58.91441291787607,2358.0650578010386,166.41840078206604,1.0,1.0,0.0,76.42891246050225,17.0,15.0,167.0,6.0,1,72.55548847052049,53.33102541478055,211.19333971589217
2024-06-15 17:35:00+00:00,145.85002215607997,44.58670376589626,49.92984480430606,33.92399094812746,1.5068863752964063,51.11959975541189,20.617311093118396,2354.963976067579,145.01493595886467,49.457076812930616,33.89643258993014,1.5365441715019108,47.7069220268818,2362.040634636612,145.85002215607997,1.0,1.0,0.0,77.57528523709352,17.0,15.0,167.0,6.0,1,64.78135202531965,52.31949728935672,189.9232737944058
2024-06-15 17:40:00+00:00,125.6633996438308,45.76639585610488,49.63780778529505,33.71824529238678,1.3077082178741641,44.09362646115105,20.64039919626844,2358.6384449393418,125.60338949080753,49.19169945891545,33.72185770890222,1.3353847808112291,43.180366445906465,2365.638998507104,125.6633996438308,1.0,1.0,0.0,78.72118949189978,17.0,15.0,167.0,6.0,1,57.696925162391494,51.61188405537175,173.01076861035125
2024-06-15 17:45:00+00:00,105.98673838707046,45.07153289686245,48.32223934088467,33.58921728124601,1.112760187552523,37.37674372162176,20.74440648975594,2361.75317358281,107.64263885291942,48.93296342524573,33.627426596228034,1.155065966150945,40.29188835512186,2368.9966558700307,105.98673838707046,1.0,1.0,0.0,79.8665449787469,17.0,15.0,167.0,6.0,1,50.84720945624147,50.725528581906715,151.27242308874003
2024-06-15 17:50:00+00:00,86.98626752539734,45.045322989106275,47.98717807962987,33.30932967308513,0.9221232169581689,30.715306232865455,20.770896038881027,2364.312782435549,105.5126209429837,47.4721268125631,33.04743984623398,1.0122951400461002,31.785983276782307,2371.6454878097625,86.98626752539734,1.0,1.0,0.0,81.01127072019955,17.0,15.0,167.0,6.0,1,44.3759146045137,49.60914424455513,130.01174975777187
2024-06-15 17:55:00+00:00,68.8805031210612,46.19049040690982,48.64913513795984,32.86649606187532,0.7381615946450372,24.26078514342872,20.71856249262247,2366.3345145308344,88.02440838542381,48.10735939840425,32.970015737410634,0.746950231144648,27.00346983420067,2373.8957769626127,68.8805031210612,1.0,1.0,0.0,82.15528598621849,17.0,15.0,167.0,6.0,1,37.993725987778625,48.63224518161183,114.35959872619983
2024-06-15 18:00:00+00:00,51.959288218471514,45.538115437003924,47.486588745196606,32.540777846121415,0.5648928995812077,18.382054352123454,20.810472042732687,2367.8663523935115,20.088079994995045,47.79510834500932,32.31970081279902,0.5883564014205779,17.368605900421574,2375.343160787648,51.959288218471514,1.0,1.0,0.0,83.29850881920044,18.0,15.0,167.0,6.0,1,31.926062762486573,48.299851488027564,89.37422753342591
2024-06-15 18:05:00+00:00,36.60650102800405,46.14728579663662,47.15590346216994,32.02028834801226,0.4049571607717552,12.96684505650396,20.836615632167273,2368.946922814887,54.50460845839928,47.23215579977928,32.05691958623006,0.41404481816578015,12.540665837624234,2376.3882162741165,36.60650102800405,1.0,1.0,0.0,84.44085686304511,18.0,15.0,167.0,6.0,1,25.798122640830126,47.907942756200335,75.15447132694426
2024-06-15 18:10:00+00:00,23.318814244665695,44.462980453100435,44.23233223421355,31.607639067546863,0.26422960621443853,8.35167402418601,21.067749733953946,2369.642895650236,20.03531693407177,44.79182457002314,31.462543692691696,0.1836155132686833,4.983123371470076,2376.8034765550724,23.318814244665695,1.0,1.0,0.0,85.58224665752611,18.0,15.0,167.0,6.0,1,18.73636964409977,47.07971498515581,57.63300694317472
2024-06-15 18:15:00+00:00,12.692871223613789,43.72694429051931,43.59420589353891,30.72985725508178,0.14828770218411394,4.5568599208019,21.118199251710806,2370.0226339769692,37.470253059742646,43.73628556995433,30.969514206706464,0.09538717387606023,4.558858452227402,2377.1833814260913,12.692871223613789,1.0,1.0,0.0,86.7225929334072,18.0,15.0,167.0,6.0,1,13.290944679188788,46.33254673663406,44.02453336652651
2024-06-15 18:20:00+00:00,5.305563346643826,44.00232380052649,43.84117549753801,29.434987340996198,0.0646504774639244,1.9029859857399747,21.098674125371115,2370.1812161424477,11.984707564139967,43.45643056598501,29.442567276344885,0.08818576149278992,3.584927953458937,2377.482125422213,5.305563346643826,1.0,1.0,0.0,87.86180943480046,18.0,15.0,167.0,6.0,1,8.607236303040445,45.40236097015021,28.816593202269747
2024-06-15 18:25:00+00:00,1.353260984081359,44.26996368985859,43.70444092438657,27.831881752860838,0.017448798735999204,0.4856329031497975,21.109484199860262,2370.2216855510437,15.567380127768203,44.29753717176173,28.218070836182818,0.0,0.048696571668087496,2377.4861834698518,1.353260984081359,1.0,1.0,0.0,88.99980744273589,18.0,15.0,167.0,6.0,1,5.143254437289747,44.7028467355007,27.912453228824376
2024-06-15 18:30:00+00:00,0.09222393487405106,44.00340768210461,43.897105667911,26.557181207347828,0.0012453021267131127,0.033071714237015756,1.945394955118574,2370.2244415272303,0.0,43.219100483384935,26.11038088554463,0.0,0.24389983710076946,2377.5065084562766,0.09222393487405106,1.0,1.0,0.0,90.13649673880637,18.0,15.0,167.0,6.0,1,2.6839012371850544,43.900235672221825,17.011531537144517
2024-06-15 18:35:00+00:00,0.0,42.53999231060366,42.114323151278064,26.56239685529264,0.0,0.0,0.0,2370.2244415272303,0.0,42.402484309175634,26.83686456193356,0.0,0.0,2377.5065084562766,0.0,1.0,1.0,0.0,91.27178411862505,18.0,15.0,167.0,6.0,1,1.6872765628910393,43.42236762005233,13.004468150330164
2024-06-15 18:40:00+00:00,0.0,43.51069121488456,42.98582184663063,26.489190964883026,0.0,0.0,0.0,2370.2244415272303,3.368164496168532,42.80907816460053,26.661189238173915,0.014473290724234037,0.0,2377.5065084562766,0.0,1.0,1.0,0.0,92.4055743372678,18.0,15.0,167.0,6.0,1,0.7755048724455589,43.236926138981566,6.1840504376153405
2024-06-15 18:45:00+00:00,0.0,43.44262298317052,42.96414814612579,26.491011555725432,0.0,0.0,0.0,2370.2244415272303,14.237815453728873,43.52646258305337,26.54951816182123,0.0,0.032974635648358695,2377.5092563425806,0.0,1.0,1.0,0.0,93.5377686070315,18.0,15.0,167.0,6.0,1,0.06511420888344313,43.25093254239524,6.634672015533122
2024-06-15 18:50:00+00:00,0.0,45.52453203257666,44.82683050215414,26.334546237819048,0.0,0.0,0.0,2370.2244415272303,10.811819809783756,44.70694786017601,26.775988675062973,0.009420525124777706,1.5795174590114822,2377.6408827974983,0.0,1.0,1.0,0.0,94.66826536672303,18.0,15.0,167.0,6.0,1,0.37127838635212207,43.332814680078094,5.683559951936232
2024-06-15 18:55:00+00:00,0.0,44.675134751591585,44.08897344503257,26.396526230617265,0.0,0.0,0.0,2370.2244415272303,11.51243643099437,44.28444696110997,26.110913861003656,0.009693873855163604,0.0,2377.6408827974983,0.0,1.0,1.0,0.0,95.7969595154771,18.0,15.0,167.0,6.0,1,0.3224984189319682,43.545883975623106,7.9860472381351055
2024-06-15 19:00:00+00:00,0.0,41.73494710046639,41.067865595939395,26.650299289941092,0.0,0.0,0.0,2370.2244415272303,3.150017191640168,40.933148887414426,26.69281585365018,0.0,1.433707717231922,2377.760358440601,0.0,1.0,1.0,0.0,96.92374163583796,19.0,15.0,167.0,6.0,0,0.6092399623783525,43.25201689127086,8.61605067646314
2024-06-15 19:05:00+00:00,0.0,42.08947556171256,41.761568632270254,26.5920282348893,0.0,0.0,0.0,2370.2244415272303,10.54820019311872,41.856496550699816,26.84147133542931,0.055185040526987486,2.343374172523162,2377.955639621645,0.0,1.0,1.0,0.0,98.04849871231993,19.0,15.0,167.0,6.0,0,1.077914796882985,43.06150056849072,10.052057815853178
2024-06-15 19:10:00+00:00,0.0,40.700954137544024,39.97650028544139,26.741973976022923,0.0,0.0,0.0,2370.2244415272303,0.0,40.20981573485572,26.863413483643292,0.0,0.0,2377.955639621645,0.0,1.0,1.0,0.0,99.17111256344342,19.0,15.0,167.0,6.0,0,1.071319869753313,42.39817119885119,7.204494725107404
2024-06-15 19:15:00+00:00,0.0,41.36019620619779,40.45296196929179,26.701951194579486,0.0,0.0,0.0,2370.2244415272303,0.0,40.22859244161544,26.6262448872012,0.0,0.0,2377.955639621645,0.0,1.0,1.0,0.0,100.29146066891572,19.0,15.0,167.0,6.0,0,0.7554163779510168,41.50250011513907,5.042130763150652
2024-06-15 19:20:00+00:00,0.0,42.05208678025965,41.7946241601725,26.58925157054551,0.0,0.0,0.0,2370.2244415272303,0.0,41.672480891119925,26.71884184503566,0.0,0.0,2377.955639621645,0.0,1.0,1.0,0.0,101.40941456308467,19.0,15.0,167.0,6.0,0,0.7554163779510168,40.98010690114106,2.7396434769517777
2024-06-15 19:25:00+00:00,0.0,42.727087482787404,42.449011396716045,26.534283042675845,0.0,0.0,0.0,2370.2244415272303,0.0,43.17521502762335,26.451238713054906,0.051706773000018795,0.5028575118105546,2377.9975444142956,0.0,1.0,1.0,0.0,102.52484060979789,19.0,15.0,167.0,6.0,0,0.5692463368667433,41.42852012918285,2.109640038623744
2024-06-15 19:30:00+00:00,0.0,40.57617808445691,39.74223200037685,26.761652511968343,0.0,0.0,0.0,2370.2244415272303,0.0,39.71133090037149,26.693503093184567,0.005501255532179249,0.0,2377.9975444142956,0.0,1.0,1.0,0.0,103.63759834872533,19.0,15.0,167.0,6.0,0,0.10057150236211092,40.99948699911719,0.0
2024-06-15 19:35:00+00:00,0.0,40.43452230845185,39.982358305125615,26.741481902369447,0.0,0.0,0.0,2370.2244415272303,0.5344777974712772,41.17316561499936,26.609077912472912,0.048206253429836005,0.18221096816458482,2378.0127286616425,0.0,1.0,1.0,0.0,104.74754105965883,19.0,15.0,167.0,6.0,0,0.13701369599502788,41.19215697514592,0.10689555949425544
2024-06-15 19:40:00+00:00,0.0,38.72426839773793,37.87331304972129,26.91864170382341,0.0,0.0,0.0,2370.2244415272303,15.397109100935506,37.86471913864079,27.129493669308978,0.010307249275055805,0.0,2378.0127286616425,0.0,1.0,1.0,0.0,105.85451479363155,19.0,15.0,167.0,6.0,0,0.13701369599502788,40.71938231455099,3.1863173796813564
2024-06-15 19:45:00+00:00,0.0,40.49136537175652,40.10199929972957,26.731432058822712,0.0,0.0,0.0,2370.2244415272303,0.6819081003477597,39.340698829265214,26.793860548293935,0.0,0.0,2378.0127286616425,0.0,1.0,1.0,0.0,106.95835737959865,19.0,15.0,167.0,6.0,0,0.13701369599502788,40.25302590218004,3.3226989997509087
2024-06-15 19:50:00+00:00,0.0,39.3737794617938,38.51001806772612,26.865158482311006,0.0,0.0,0.0,2370.2244415272303,0.0,37.57445362880509,27.3684458653853,0.0,0.7731538053946383,2378.0771581454255,0.0,1.0,1.0,0.0,108.05889887017358,19.0,15.0,167.0,6.0,0,0.19107295471184463,39.13287362241639,3.3226989997509087
2024-06-15 19:55:00+00:00,0.0,39.688709422979535,39.15583796877817,26.810909610622634,0.0,0.0,0.0,2370.2244415272303,20.32141852818857,39.84049289596052,26.98029896079371,0.0,0.0,2378.0771581454255,0.0,1.0,1.0,0.0,109.15595972510968,19.0,15.0,167.0,6.0,0,0.19107295471184463,39.158706021534194,7.386982705388623
2024-06-15 20:00:00+00:00,0.0,39.12313922183241,38.558582016001736,26.861079110655854,0.0,0.0,0.0,2370.2244415272303,2.02984920643939,38.331988581120605,26.564396368958377,0.0019911943758757155,2.0576708669491452,2378.2486307176714,0.0,1.0,1.0,0.0,110.24935131375493,20.0,15.0,167.0,6.0,0,0.5661649344687567,38.590470614758445,7.686056987182245
2024-06-15 20:05:00+00:00,0.0,39.687588595401834,38.79640908998436,26.841101636441312,0.0,0.0,0.0,2370.2244415272303,11.39984418201885,38.2484007395998,27.001614286021482,0.012993905715809329,0.0,2378.2486307176714,0.0,1.0,1.0,0.0,111.33887401054915,20.0,15.0,167.0,6.0,0,0.5661649344687567,38.667206934950244,6.886604003398913
2024-06-15 20:10:00+00:00,0.0,37.806077734990005,37.39652035435105,26.95869229023451,0.0,0.0,0.0,2370.2244415272303,0.0,38.22191464323178,26.740931553395292,0.0,0.0,2378.2486307176714,0.0,1.0,1.0,0.0,112.42431758710039,20.0,15.0,167.0,6.0,0,0.5661649344687567,38.443450097743565,6.750222383329363
2024-06-15 20:15:00+00:00,0.0,37.87892346230758,37.61420398628882,26.940406865151736,0.0,0.0,0.0,2370.2244415272303,12.158880384122297,37.48457868506956,26.885172711814807,0.07053697150551418,0.0,2378.2486307176714,0.0,1.0,1.0,0.0,113.5054592047487,20.0,15.0,167.0,6.0,0,0.41153417338982906,38.42547510899645,9.181998460153823
2024-06-15 20:20:00+00:00,0.0,41.257689684551714,40.869830736558804,26.66693421812906,0.0,0.0,0.0,2370.2244415272303,22.7689105643185,40.616987682371416,26.6951612327912,0.015225863052970336,0.8668864828767754,2378.320871257911,0.0,1.0,1.0,0.0,114.58206353405153,20.0,15.0,167.0,6.0,0,0.5849114699651842,38.580774066278636,9.671496867379807
2024-06-15 20:25:00+00:00,0.0,37.623908670206326,37.01082518254554,26.991090684666172,0.0,0.0,0.0,2370.2244415272303,0.0,37.373912672317516,26.77301447064579,0.0,0.0,2378.320871257911,0.0,1.0,1.0,0.0,115.6538813474076,20.0,15.0,167.0,6.0,0,0.17337729657535508,38.38915888451801,9.26552702609193
2024-06-15 20:30:00+00:00,0.0,37.59795249934484,37.489392267389974,26.950891049539237,0.0,0.0,0.0,2370.2244415272303,18.19976330788653,37.46635986331683,26.849809307961255,0.07451286897759789,2.3043499756976966,2378.512900422553,0.0,1.0,1.0,0.0,116.72064805059522,20.0,15.0,167.0,6.0,0,0.6342472917148945,38.23275070926142,10.625510851265465
2024-06-15 20:35:00+00:00,0.0,40.31567966642215,39.656311940759366,26.76886979697621,0.0,0.0,0.0,2370.2244415272303,0.0,39.817556131046246,26.63410145148163,0.0,0.0,2378.512900422553,0.0,1.0,1.0,0.0,117.78208356992785,20.0,15.0,167.0,6.0,0,0.6342472917148945,38.55187900682431,10.625510851265465
2024-06-15 20:40:00+00:00,0.0,41.168585392571096,40.80327822197553,26.672524629354054,0.0,0.0,0.0,2370.2244415272303,0.0,40.850178392954156,26.70070740542889,0.019893729770287916,0.0,2378.512900422553,0.0,1.0,1.0,0.0,118.83789000787228,20.0,15.0,167.0,6.0,0,0.6342472917148945,39.22499894840123,8.193734774441007
2024-06-15 20:45:00+00:00,0.0,36.87753015101338,36.09057698582999,27.06839153319028,0.0,0.0,0.0,2370.2244415272303,0.0,35.68762964415171,27.05368819006514,0.0,0.6932280469823362,2378.570669426468,0.0,1.0,1.0,0.0,119.88775149337383,20.0,15.0,167.0,6.0,0,0.5995156045360066,38.23912734075729,3.6399526615773063
2024-06-15 20:50:00+00:00,0.0,37.46735490383095,37.46735490383095,26.952742188078197,0.0,0.0,0.0,2370.2244415272303,31.083747066692755,36.930196355125986,26.931906582101668,0.07883078713498103,0.0,2378.570669426468,0.0,1.0,1.0,0.0,120.93133166712764,20.0,15.0,167.0,6.0,0,0.5995156045360066,38.15038407731898,9.856702074915857
2024-06-15 20:55:00+00:00,0.0,37.964696627678784,37.66133807145483,26.936447601997795,0.0,0.0,0.0,2370.2244415272303,0.0,38.05569665612613,27.277711866865175,0.041925979622124875,0.7325483329004625,2378.6317151208764,0.0,1.0,1.0,0.0,121.96827332635922,20.0,15.0,167.0,6.0,0,0.28515527597655976,38.26825143588085,6.216749413338551
2024-06-15 21:00:00+00:00,0.0,39.14050719338039,39.06212423118891,26.81878156458013,0.0,0.0,0.0,2370.2244415272303,0.0,39.23526044856266,26.92727198775771,0.0,1.657886866754727,2378.7698723597728,0.0,1.0,1.0,0.0,122.99819571927898,21.0,15.0,167.0,6.0,0,0.6167326493275052,38.15179229938413,6.216749413338551
2024-06-15 21:05:00+00:00,0.0,36.21485278126185,35.92141014785283,27.08260154758036,0.0,0.0,0.0,2370.2244415272303,0.3534460633662719,35.802810329644856,27.16919876565291,0.05044100222492595,0.4679219935532476,2378.8088658592355,0.0,1.0,1.0,0.0,124.02069382508193,21.0,15.0,167.0,6.0,0,0.7103170480381547,37.14231868672227,6.287438626011805
2024-06-15 21:10:00+00:00,0.0,36.74766415901515,36.185747683737915,27.060397194566015,0.0,0.0,0.0,2370.2244415272303,9.521201983009524,34.77068208566078,27.279857005522334,0.0,0.0,2378.8088658592355,0.0,1.0,1.0,0.0,125.03533612264857,21.0,15.0,167.0,6.0,0,0.5716714386416875,36.95892917502408,8.191679022613709
2024-06-15 21:15:00+00:00,0.0,37.56294292303013,37.10774957939257,26.98294903533102,0.0,0.0,0.0,2370.2244415272303,0.0,36.732059717488234,27.355405267651605,0.04191796214163513,0.0,2378.8088658592355,0.0,1.0,1.0,0.0,126.04166225974342,21.0,15.0,167.0,6.0,0,0.5716714386416875,36.91930184749653,1.9749296092751591
2024-06-15 21:20:00+00:00,0.0,37.01456464120994,36.57790903344694,27.027455641190457,0.0,0.0,0.0,2370.2244415272303,6.183481699700623,36.488819257601705,27.307104695355502,0.0,0.0,2378.8088658592355,0.0,1.0,1.0,0.0,127.03918195597652,21.0,15.0,167.0,6.0,0,0.4251617720615949,36.605926367791646,3.2116259492152834
2024-06-15 21:25:00+00:00,0.0,35.99946354593288,35.5392597637779,27.114702179842656,0.0,0.0,0.0,2370.2244415272303,0.0,36.139275548764395,26.90369298034167,0.0,1.9077492385209458,2378.9678449624457,0.0,1.0,1.0,0.0,128.02737175635644,21.0,15.0,167.0,6.0,0,0.47513424641483865,35.986729387832,3.2116259492152834
2024-06-15 21:30:00+00:00,0.0,36.03934271183306,35.48849565167807,27.11896636525904,0.0,0.0,0.0,2370.2244415272303,11.349239334026214,35.70661089149944,27.224592271695503,0.04925313863769495,0.0,2378.9678449624457,0.0,1.0,1.0,0.0,129.0056738155129,21.0,15.0,167.0,6.0,0,0.38154984770418915,35.96748950020291,5.410784603347272
2024-06-15 21:35:00+00:00,0.0,34.597637293042645,34.34977130352842,27.214619210503606,0.0,0.0,0.0,2370.2244415272303,15.588107363093787,35.22572534885866,27.369386654321282,0.03896505765124633,0.0,2378.9678449624457,0.0,1.0,1.0,0.0,129.97349243781673,21.0,15.0,167.0,6.0,0,0.3815498477041892,36.05849815284249,6.624165679364124
2024-06-15 21:40:00+00:00,0.0,35.535643638618346,34.85893122839359,27.17184977681494,0.0,0.0,0.0,2370.2244415272303,0.0,33.78554443447765,27.364588456039215,0.009860169440675512,1.7401181374118904,2379.11285480723,0.0,1.0,1.0,0.0,130.93019262063046,21.0,15.0,167.0,6.0,0,0.7295734751865673,35.46919509624037,6.624165679364124
2024-06-15 21:45:00+00:00,0.0,35.31072560780103,34.64505911520466,27.189815034322805,0.0,0.0,0.0,2370.2244415272303,0.0,34.24904614749482,27.161594808995478,0.014519648728283414,1.186110974956798,2379.2116973884768,0.0,1.0,1.0,0.0,131.8750964172523,21.0,15.0,167.0,6.0,0,0.9667956701779268,35.021240474219,5.387469339423999
2024-06-15 21:50:00+00:00,0.0,35.61468375727592,35.01842427286189,27.1584523610796,0.0,0.0,0.0,2370.2244415272303,5.7092574336763215,35.09738254588069,27.172850694824643,0.020383683260474947,2.1095447403717857,2379.3874927835077,0.0,1.0,1.0,0.0,132.80748116320882,21.0,15.0,167.0,6.0,0,1.007154770548095,34.81286187364225,6.529320826159264
2024-06-15 21:55:00+00:00,0.0,34.634785091987105,33.99565173129929,27.24436525457086,0.0,0.0,0.0,2370.2244415272303,4.7530382548798675,33.28845519082402,27.067135673869917,0.0,0.0,2379.3874927835077,0.0,1.0,1.0,0.0,133.72657636222488,21.0,15.0,167.0,6.0,0,1.007154770548095,34.329230733507174,5.210080610329994
2024-06-15 22:00:00+00:00,0.0,35.47153852254514,34.89743402234297,27.16861554212319,0.0,0.0,0.0,2370.2244415272303,7.711768730281904,34.883859266147944,27.09490604760817,0.028231681565326013,2.234209524603142,2379.573676910558,0.0,1.0,1.0,0.0,134.63156058375256,22.0,15.0,167.0,6.0,0,1.4539966754687232,34.260857516965025,3.6348128837676184
2024-06-15 22:05:00+00:00,0.0,35.82498323621462,34.816214910531855,27.175437947515324,0.0,0.0,0.0,2370.2244415272303,0.0,34.998068116352115,26.94215605275941,0.0,0.0,2379.573676910558,0.0,1.0,1.0,0.0,135.5215596115221,22.0,15.0,167.0,6.0,0,1.105973047986345,34.503362253339915,3.6348128837676184
2024-06-15 22:10:00+00:00,0.0,34.78243324420023,34.304206786963356,27.218446629895077,0.0,0.0,0.0,2370.2244415272303,0.0,34.529592498122156,27.473247920514588,0.0,0.0,2379.573676910558,0.0,1.0,1.0,0.0,136.39564284868976,22.0,15.0,167.0,6.0,0,0.8687508529949856,34.559471523465376,3.6348128837676184
2024-06-15 22:15:00+00:00,0.0,34.796054078203184,34.37282488278683,27.212682709845904,0.0,0.0,0.0,2370.2244415272303,0.0,34.81269094492648,27.108788521631354,0.023381965732374915,1.5357324997664912,2379.7016546188715,0.0,1.0,1.0,0.0,137.25282180369047,22.0,15.0,167.0,6.0,0,0.7539884048739267,34.50253320327454,2.4929613970323543
2024-06-15 22:20:00+00:00,0.0,34.317390984067416,34.00577287915676,27.243515078150832,0.0,0.0,0.0,2370.2244415272303,20.22412108496067,33.12626081045921,27.056978473530176,0.01960997417595231,0.6661934579094586,2379.757170740364,0.0,1.0,1.0,0.0,138.0920469271042,22.0,15.0,167.0,6.0,0,0.8872270964558183,34.47009432720158,5.587177963048515
2024-06-15 22:25:00+00:00,0.0,34.08698790945559,33.845053577100046,27.257015499523597,0.0,0.0,0.0,2370.2244415272303,0.0,33.207127493663485,27.31608302620895,0.0,0.0,2379.757170740364,0.0,1.0,1.0,0.0,138.91220665226436,22.0,15.0,167.0,6.0,0,0.44038519153518996,34.13474797270469,4.044824216992135
2024-06-15 22:30:00+00:00,0.0,33.19082767636995,33.00194562327022,27.327836567645303,0.0,0.0,0.0,2370.2244415272303,0.0,32.87352443513847,27.34919282512041,0.0,0.0,2379.757170740364,0.0,1.0,1.0,0.0,139.71212508940303,22.0,15.0,167.0,6.0,0,0.44038519153518996,33.70983923646196,4.044824216992135
2024-06-15 22:35:00+00:00,0.0,34.05725953983272,33.77945886814045,27.2625254550762,0.0,0.0,0.0,2370.2244415272303,0.0,33.844025988967125,27.12527407490873,0.06613516412654684,1.2782331131169486,2379.863690166457,0.0,1.0,1.0,0.0,140.4905620141762,22.0,15.0,167.0,6.0,0,0.6960318141585796,33.57272593463095,4.044824216992135
2024-06-15 22:40:00+00:00,0.0,33.47483730472111,32.99250740013413,27.328629378388733,0.0,0.0,0.0,2370.2244415272303,0.0,32.45492230530639,27.403957855853687,0.0,0.0,2379.863690166457,0.0,1.0,1.0,0.0,141.24621252326216,22.0,15.0,167.0,6.0,0,0.38888531420528144,33.10117220670694,4.044824216992135
2024-06-15 22:45:00+00:00,0.0,35.499710157929904,34.91613637580548,27.16704454443234,0.0,0.0,0.0,2370.2244415272303,17.784447391958157,34.549154296418145,27.041806411262073,0.0,1.0909301629218244,2379.954601013367,0.0,1.0,1.0,0.0,141.97770771748753,22.0,15.0,167.0,6.0,0,0.47383265520775464,33.385750903898725,3.556889478391631
2024-06-15 22:50:00+00:00,0.0,34.81745282631864,34.3046673116806,27.21840794581883,0.0,0.0,0.0,2370.2244415272303,0.0,34.06394209047074,27.32040169239698,0.0,0.0,2379.954601013367,0.0,1.0,1.0,0.0,142.68361756109644,22.0,15.0,167.0,6.0,0,0.47383265520775464,33.55711382326017,3.556889478391631
2024-06-15 22:55:00+00:00,0.0,33.47071599473381,33.162099814091235,27.31438361561634,0.0,0.0,0.0,2370.2244415272303,1.525515553697814,33.50577759838236,27.308982453539418,0.039972738037374,1.0300129107142006,2380.0404354225934,0.0,1.0,1.0,0.0,143.36245366283822,22.0,15.0,167.0,6.0,0,0.6798352373505947,33.68356445590895,3.8619925891311944
2024-06-15 23:00:00+00:00,0.0,32.16587497843977,31.440828837434776,27.45897037765548,0.0,0.0,0.0,2370.2244415272303,7.478206205915839,31.606622445371297,27.502450346661917,0.0,0.0,2380.0404354225934,0.0,1.0,1.0,0.0,144.012675234904,23.0,15.0,167.0,6.0,0,0.424188614727205,33.23608374718979,5.357633830314362
2024-06-15 23:05:00+00:00,0.0,31.66394890741903,30.979095739343794,27.497755957895123,0.0,0.0,0.0,2370.2244415272303,29.853723343314233,31.435240941306855,27.421544250245343,0.0,3.19649787344519,2380.3068102453803,0.0,1.0,1.0,0.0,144.63269543331603,23.0,15.0,167.0,6.0,0,1.063488189416243,33.03214747438987,11.328378498977209
2024-06-15 23:10:00+00:00,0.0,33.81836958498762,33.35828166184312,27.297904340405175,0.0,0.0,0.0,2370.2244415272303,10.07496407653539,33.51600730274607,27.164014854163895,0.0,0.0,2380.3068102453803,0.0,1.0,1.0,0.0,145.22089119851415,23.0,15.0,167.0,6.0,0,0.8453021568318781,32.82551807565547,9.786481835892655
2024-06-15 23:15:00+00:00,0.0,32.74435115035737,32.407580186523546,27.37776326433202,0.0,0.0,0.0,2370.2244415272303,20.250465304908143,33.74550954692251,27.42877687903181,0.0,0.0,2380.3068102453803,0.0,1.0,1.0,0.0,145.7756139874291,23.0,15.0,167.0,6.0,0,0.8453021568318781,32.761831566945816,13.836574896874286
2024-06-15 23:20:00+00:00,0.0,32.81969897220183,32.18259199199438,27.39666227267247,0.0,0.0,0.0,2370.2244415272303,0.463632352129201,32.01650194327811,27.08242891528867,0.03343131352968312,0.0,2380.3068102453803,0.0,1.0,1.0,0.0,146.29520410490883,23.0,15.0,167.0,6.0,0,0.639299574689038,32.46397643592497,13.624198256560561
2024-06-15 23:25:00+00:00,0.0,30.456569182096985,29.90957578522546,27.58759563404106,0.0,0.0,0.0,2370.2244415272303,0.0,29.914352780982153,27.864543653864935,0.0,1.0983347104173655,2380.3983381379153,0.0,1.0,1.0,0.0,146.7780066266007,23.0,15.0,167.0,6.0,0,0.858966516772511,32.125522503047144,12.128557015377394
2024-06-15 23:30:00+00:00,0.0,32.99390507864584,32.8559368934996,27.34010130094603,0.0,0.0,0.0,2370.2244415272303,0.0,32.90320715813458,27.2489631215633,0.0,0.0,2380.3983381379153,0.0,1.0,1.0,0.0,147.22238975288622,23.0,15.0,167.0,6.0,0,0.2196669420834731,32.419115746412686,6.157812346714548
2024-06-15 23:35:00+00:00,0.0,32.38997429553954,31.90696935953564,27.419814573799002,0.0,0.0,0.0,2370.2244415272303,0.0,32.62480788021351,27.835150086656554,0.0,3.1083788534300094,2380.6573697090344,0.0,1.0,1.0,0.0,147.62676592734408,23.0,15.0,167.0,6.0,0,0.8413427127694749,32.24087586190617,4.14281953140747
2024-06-15 23:40:00+00:00,0.0,30.698048872695605,30.132539919677008,27.56886664674713,0.0,0.0,0.0,2370.2244415272303,1.8291845781705034,31.361900842031517,27.703226050962176,0.0,0.0,2380.6573697090344,0.0,1.0,1.0,0.0,147.98961384624,23.0,15.0,167.0,6.0,0,0.8413427127694749,31.76415412092797,0.45856338605994085
2024-06-15 23:45:00+00:00,0.0,31.2137790695246,30.938702766146537,27.50114896764369,0.0,0.0,0.0,2370.2244415272303,0.0,31.073863054025818,27.48255346426137,0.0,3.2894548026829327,2380.931490942591,0.0,1.0,1.0,0.0,148.3095026799101,23.0,15.0,167.0,6.0,0,1.4992336733060614,31.57562634307751,0.3658369156341007
2024-06-15 23:50:00+00:00,0.0,31.829802746227667,31.282341898018306,27.47228328056646,0.0,0.0,0.0,2370.2244415272303,0.0,31.422373192847743,27.351704364255358,0.011545555823360787,0.0,2380.931490942591,0.0,1.0,1.0,0.0,148.5851161131435,23.0,15.0,167.0,6.0,0,1.2795667312225885,31.87723042545063,0.3658369156341007
2024-06-15 23:55:00+00:00,0.0,31.503348091626776,31.367053712941225,27.465167488112932,0.0,0.0,0.0,2370.2244415272303,27.140257455297757,32.005855893937174,27.569009602462703,0.0,0.012799513529860418,2380.9325575687185,0.0,1.0,1.0,0.0,148.8152769511675,23.0,15.0,167.0,6.0,0,1.2821266339285606,31.69776017261115,5.793888406693652
