timestamp,true_irradiance,true_ambient_temp,true_panel_temp,true_voltage,true_current,true_power,true_efficiency,true_energy,measured_irradiance,measured_temperature,measured_voltage,measured_current,measured_power,measured_energy,ghi,cloud_factor,dust_factor,shading_factor,solar_zenith
2024-06-15 00:00:00+00:00,0.0,21.376513849478922,21.049890390621993,28.331809207187746,0.0,0.0,0.0,0.0,21.689440993414195,20.820957787456212,28.3806551085221,0.0,0.0,0.0,0.0,1.0,1.0,0.0,149.04236477353575
2024-06-15 00:05:00+00:00,0.0,19.94620184809944,19.238443883682447,28.483970713770677,0.0,0.0,0.0,0.0,1.5345770946042265,18.927014542606404,28.61960637778645,0.0,0.6264852816329155,0.05220710680274296,0.0,1.0,1.0,0.0,149.1768685846622
2024-06-15 00:10:00+00:00,0.0,21.654364530380683,21.48990832197341,28.294847700954232,0.0,0.0,0.0,0.0,4.901291666461313,21.55755333518818,28.177741824683817,0.014740841378330713,0.4606852841707335,0.09059754715030408,0.0,1.0,1.0,0.0,149.26335596057493
2024-06-15 00:15:00+00:00,0.0,21.76558278412971,21.36731872132285,28.305145227408882,0.0,0.0,0.0,0.0,17.046935919636958,21.789270018226198,28.123410602783814,0.0,0.0,0.09059754715030408,0.0,1.0,1.0,0.0,149.30142008853844
2024-06-15 00:20:00+00:00,0.0,18.798502515052963,18.444721048786214,28.550643431901953,0.0,0.0,0.0,0.0,12.363659036519534,18.370471704709203,28.15227578967768,0.08447985349073057,0.0,0.09059754715030408,0.0,1.0,1.0,0.0,149.29088054528165
2024-06-15 00:25:00+00:00,0.0,19.375328660182106,18.886975477766942,28.51349405986758,0.0,0.0,0.0,0.0,8.684347656672573,19.018217368695073,28.70781865626482,0.010739916927287619,3.4040447648344694,0.3742679442198432,0.0,1.0,1.0,0.0,149.2317874943386
2024-06-15 00:30:00+00:00,0.0,20.73680414307699,20.16708807191518,28.405964601959123,0.0,0.0,0.0,0.0,0.0,20.43292209094052,28.409296062074333,0.0,2.29786494837985,0.5657566899181641,0.0,1.0,1.0,0.0,149.1244204939769
2024-06-15 00:35:00+00:00,0.0,20.22769445339403,19.979667690799914,28.421707913972806,0.0,0.0,0.0,0.0,0.0,20.32457134073479,28.46285418296217,0.0,0.0,0.5657566899181641,0.0,1.0,1.0,0.0,148.96928202538382
2024-06-15 00:40:00+00:00,0.0,20.465657876208443,19.784587206844385,28.43809467462507,0.0,0.0,0.0,0.0,5.642533442899021,19.338637873328846,28.28137569932395,0.08371244287693119,1.6960939504374668,0.7070978524546196,0.0,1.0,1.0,0.0,148.76708584087248
2024-06-15 00:45:00+00:00,0.0,19.571515036465573,19.0557644443819,28.499315786671914,0.0,0.0,0.0,0.0,0.0,19.290174656543922,28.744615392529106,0.039096024704122254,0.9678917535618381,0.7877554985847728,0.0,1.0,1.0,0.0,148.51874119806683
2024-06-15 00:50:00+00:00,0.0,21.249662368877015,21.222648932204994,28.317297489694777,0.0,0.0,0.0,0.0,12.40852298248612,21.21375511797992,28.50593760523038,0.0,0.0,0.7877554985847728,0.0,1.0,1.0,0.0,148.22533316426106
2024-06-15 00:55:00+00:00,0.0,21.097393100341517,21.087040960440774,28.328688559322973,0.0,0.0,0.0,0.0,3.1688167207616287,20.786326111297434,28.304323783025435,0.0,0.0,0.7877554985847728,0.0,1.0,1.0,0.0,147.88810049185767
2024-06-15 01:00:00+00:00,0.0,20.33862408724867,19.841703910480998,28.43329687151959,0.0,0.0,0.0,0.0,0.0,19.502886398293004,28.322124179939134,0.04593104030769149,0.20793640257694346,0.8050835321328514,0.0,1.0,1.0,0.0,147.50841192943997
2024-06-15 01:05:00+00:00,0.0,21.356504648461943,20.911746477908533,28.343413295855687,0.0,0.0,0.0,0.0,4.015878942617402,20.79813881165044,28.27207501904397,0.0,0.0,0.8050835321328514,0.0,1.0,1.0,0.0,147.08774133010277
2024-06-15 01:10:00+00:00,0.0,20.657141285292578,20.182996313686235,28.404628309650356,0.0,0.0,0.0,0.0,10.637707122066935,19.68621861151859,28.244903201165425,0.017877937088848057,0.0,0.8050835321328514,0.0,1.0,1.0,0.0,146.62764367065682
2024-06-15 01:15:00+00:00,0.0,19.294425293890917,18.801420908023474,28.520680643726024,0.0,0.0,0.0,0.0,2.6628017442204737,18.07196946458426,28.525993473574133,0.0,0.0,0.8050835321328514,0.0,1.0,1.0,0.0,146.1297311449133
2024-06-15 01:20:00+00:00,0.0,20.490288759984836,19.93389880010729,28.42555250079099,0.0,0.0,0.0,0.0,0.0,19.965777491815956,28.30231895685088,0.0,3.325455796359732,1.0822048484961624,0.0,1.0,1.0,0.0,145.59565173557064
2024-06-15 01:25:00+00:00,0.0,19.134225315428914,18.39731291296684,28.554625715310785,0.0,0.0,0.0,0.0,3.934934995096549,18.784571825172623,28.671734219419193,0.005513773771185689,0.0,1.0822048484961624,0.0,1.0,1.0,0.0,145.02706873797908
2024-06-15 01:30:00+00:00,0.0,20.946891410316788,20.724667635546176,28.359127918614124,0.0,0.0,0.0,0.0,5.355025570819635,20.604101781306426,28.287234203682374,0.036306211543575544,1.0932829729945095,1.1733117629123715,0.0,1.0,1.0,0.0,144.42564365085008
2024-06-15 01:35:00+00:00,0.0,19.99762338323519,19.790616281460387,28.437588232357328,0.0,0.0,0.0,0.0,12.364310639646638,20.160639729861995,28.366796819569455,0.0,1.6102548924339115,1.3074996706151976,0.0,1.0,1.0,0.0,143.79302037568164
2024-06-15 01:40:00+00:00,0.0,19.845580051720777,19.618911016192623,28.452011474639818,0.0,0.0,0.0,0.0,10.83051633988806,19.418928214494628,28.759462075480215,0.046333188737019054,0.0,1.3074996706151976,0.0,1.0,1.0,0.0,143.13081257096843
2024-06-15 01:45:00+00:00,0.0,19.33619906968723,18.763969902895052,28.523826528156814,0.0,0.0,0.0,0.0,0.0,18.2662900378426,28.3786826236464,0.0,1.3065316834730314,1.416377310904617,0.0,1.0,1.0,0.0,142.4405934284257
2024-06-15 01:50:00+00:00,0.0,21.230155566019167,20.418918721357556,28.38481082740596,0.0,0.0,0.0,0.0,0.0,19.657803393876538,28.07122764981687,0.0,4.122025759601303,1.7598794575380587,0.0,1.0,1.0,0.0,141.72388673259113
2024-06-15 01:55:00+00:00,0.0,19.847374301291925,19.4552091608518,28.465762430488446,0.0,0.0,0.0,0.0,9.085696919299993,19.04508343037137,28.539005468969936,0.00921649265094687,0.8644697280123829,1.8319186015390907,0.0,1.0,1.0,0.0,140.98216129633545
2024-06-15 02:00:00+00:00,0.0,19.57167217783689,19.57167217783689,28.455979537061697,0.0,0.0,0.0,0.0,0.0,20.298313371691652,28.040405834779822,0.0,0.3207114917365697,1.8586445591838048,0.0,1.0,1.0,0.0,140.21682567261252
2024-06-15 02:05:00+00:00,0.0,19.6497702328725,19.575768448525093,28.45563545032389,0.0,0.0,0.0,0.0,11.658432164735501,19.461573086840918,28.508511177489034,0.06463249746457025,0.05803387886081278,1.863480715755539,0.0,1.0,1.0,0.0,139.42922598073622
2024-06-15 02:10:00+00:00,0.0,20.539923412898485,20.248182593597488,28.39915266213781,0.0,0.0,0.0,0.0,0.0,19.33998977674034,28.595496690516338,0.014587641066211085,2.0708054686547546,2.0360478381434355,0.0,1.0,1.0,0.0,138.62064343883748
2024-06-15 02:15:00+00:00,0.0,20.382572678455247,20.02200490032905,28.41815158837236,0.0,0.0,0.0,0.0,0.0,20.021368500582053,28.432174594523183,0.0,0.89854330981547,2.1109264472947245,0.0,1.0,1.0,0.0,137.7922946628496
2024-06-15 02:20:00+00:00,0.0,20.443175026862026,20.045272183675706,28.41619713657124,0.0,0.0,0.0,0.0,21.65009901373735,19.851806624741393,28.41805215143048,0.027665293301101443,1.1597390523369935,2.207571368322807,0.0,1.0,1.0,0.0,136.94533126909653
2024-06-15 02:25:00+00:00,0.0,20.478370297229326,19.968725016484097,28.42262709861533,0.0,0.0,0.0,0.0,0.0,19.731323945476056,28.01250522816542,0.0,0.0,2.207571368322807,0.0,1.0,1.0,0.0,136.08084126043667
2024-06-15 02:30:00+00:00,0.0,22.210088709879976,21.788025292585587,28.269805875422808,0.0,0.0,0.0,0.0,0.0,21.467737116776284,28.380866612534565,0.0,0.0,2.207571368322807,0.0,1.0,1.0,0.0,135.19985101686225
2024-06-15 02:35:00+00:00,0.0,19.686692899873297,18.924357997237443,28.51035392823205,0.0,0.0,0.0,0.0,4.2211965476580495,18.501742221451593,28.58961244168137,0.0,1.7924761287958562,2.356944379055795,0.0,1.0,1.0,0.0,134.30332652649076
2024-06-15 02:40:00+00:00,0.0,19.609295246830797,19.27829957325114,28.4806228358469,0.0,0.0,0.0,0.0,0.0,19.092852620095762,28.246223284172,0.0,4.487751556000131,2.7309236753891395,0.0,1.0,1.0,0.0,133.3921766841707
2024-06-15 02:45:00+00:00,0.0,19.33994502852628,19.055524518395167,28.49933594045481,0.0,0.0,0.0,0.0,0.0,18.14817693922029,28.88197008990405,0.0,2.516091896711937,2.940598000115134,0.0,1.0,1.0,0.0,132.4672548874853
2024-06-15 02:50:00+00:00,0.0,20.805611365616027,20.185892480985913,28.40438503159718,0.0,0.0,0.0,0.0,3.7478631805462865,19.612797647187485,28.159581791449135,0.010782128385956213,1.6050322343260095,3.0743506863089682,0.0,1.0,1.0,0.0,131.52936269642532
2024-06-15 02:55:00+00:00,0.0,21.3582357342148,21.242146251696333,28.315659714857507,0.0,0.0,0.0,0.0,32.05244750895103,21.07744599480983,27.979801642514076,0.09260791142300644,0.0,3.0743506863089682,0.0,1.0,1.0,0.0,130.57925158412803
2024-06-15 03:00:00+00:00,0.0,20.15864593203258,19.56122300570258,28.45685726752098,0.0,0.0,0.0,0.0,13.794461036051441,19.94334787957103,28.09464571353885,0.0,1.142445936982479,3.1695545143908417,0.0,1.0,1.0,0.0,129.617626694071
2024-06-15 03:05:00+00:00,0.0,19.479444687950043,18.953806392018475,28.50788026307044,0.0,0.0,0.0,0.0,6.568586004288422,19.182484806840318,28.513074444534652,0.0,0.0,3.1695545143908417,0.0,1.0,1.0,0.0,128.645148672365
2024-06-15 03:10:00+00:00,0.0,19.545783178322946,19.082643800802487,28.497057920732587,0.0,0.0,0.0,0.0,3.8592630922570015,20.008668053289824,28.564632170762007,0.0,2.5862203717477987,3.3850728787031583,0.0,1.0,1.0,0.0,127.66243670179936
2024-06-15 03:15:00+00:00,0.0,21.075151751863856,20.178082725076543,28.405041051093573,0.0,0.0,0.0,0.0,11.966836046685438,20.782842878139828,28.4932358332805,0.0,0.0,3.3850728787031583,0.0,1.0,1.0,0.0,126.67007147806191
2024-06-15 03:20:00+00:00,0.0,21.225713204916175,20.881265066239855,28.345973734435848,0.0,0.0,0.0,0.0,9.361321976747485,19.950845986194842,28.27850173879275,0.007591247000433288,0.0,3.3850728787031583,0.0,1.0,1.0,0.0,125.6685967579196
2024-06-15 03:25:00+00:00,0.0,21.087091314042805,20.072016771411786,28.413950591201406,0.0,0.0,0.0,0.0,0.0,20.335091446377625,28.251415586794234,0.0,5.21674793761316,3.819801873504255,0.0,1.0,1.0,0.0,124.65852278688426
2024-06-15 03:30:00+00:00,0.0,19.94345403262101,19.499811894928033,28.46201580082604,0.0,0.0,0.0,0.0,7.605869635524162,19.989381757702898,28.63056871722765,0.07610443024275944,0.8416195631697465,3.889936837101734,0.0,1.0,1.0,0.0,123.64032747084084
2024-06-15 03:35:00+00:00,0.0,20.909669490111142,20.7289236013537,28.358770417486287,0.0,0.0,0.0,0.0,0.7835688223460042,20.84201285851026,28.179253340173933,0.0,0.0,3.889936837101734,0.0,1.0,1.0,0.0,122.61445958490191
2024-06-15 03:40:00+00:00,0.0,20.86622351284753,20.348743617598824,28.390705536121697,0.0,0.0,0.0,0.0,25.7378502306487,19.421241859765036,28.14873749492573,0.0,1.0071859336919509,3.97386899824273,0.0,1.0,1.0,0.0,121.58133968555228
2024-06-15 03:45:00+00:00,0.0,21.043706664467507,20.8127679645472,28.351727490978032,0.0,0.0,0.0,0.0,0.0,20.630435916931546,28.631990624476675,0.017440728697616162,0.0,3.97386899824273,0.0,1.0,1.0,0.0,120.5413630957672
2024-06-15 03:50:00+00:00,0.0,21.775342112522416,21.46328107447579,28.297084389744033,0.0,0.0,0.0,0.0,18.776426966279455,21.053900729118173,28.332598691372603,0.022226578526114735,0.0,3.97386899824273,0.0,1.0,1.0,0.0,119.49490070541894
2024-06-15 03:55:00+00:00,0.0,21.20978150311462,20.610523178110746,28.368716053038696,0.0,0.0,0.0,0.0,0.0,20.795095327340988,28.462974032116893,0.0,0.0,3.97386899824273,0.0,1.0,1.0,0.0,118.44230103810699
2024-06-15 04:00:00+00:00,0.0,21.750710332796388,21.111814810633856,28.326607555906758,0.0,0.0,0.0,0.0,4.693690123893436,21.687918601854427,28.451775696835657,0.0,0.0,3.97386899824273,0.0,1.0,1.0,0.0,117.38389222546752
2024-06-15 04:05:00+00:00,0.0,21.22828410410532,20.883826029168883,28.34575861354981,0.0,0.0,0.0,0.0,0.0,21.206026632463576,28.231399191749944,0.0,0.0,3.97386899824273,0.0,1.0,1.0,0.0,116.31998246095681
2024-06-15 04:10:00+00:00,0.0,21.541987832186898,20.7951365459253,28.353208530142272,0.0,0.0,0.0,0.0,0.0,20.277140264366132,28.246636012941966,0.03645431222517458,1.511056304289208,4.0997903569334975,0.0,1.0,1.0,0.0,115.25086248161169
2024-06-15 04:15:00+00:00,0.0,21.97953132741818,21.190154387912894,28.320027031415314,0.0,0.0,0.0,0.0,11.77984087182975,21.584479361480337,28.448143368028443,0.0,0.3622377287626036,4.129976834330381,0.0,1.0,1.0,0.0,114.17680568123122
2024-06-15 04:20:00+00:00,0.0,19.989627825832397,19.130552386691573,28.493033599517904,0.0,0.0,0.0,0.0,0.0,19.133920553030844,28.369603354742363,0.005834461700862564,0.0,4.129976834330381,0.0,1.0,1.0,0.0,113.09807042539127
2024-06-15 04:25:00+00:00,0.0,21.22877194950284,20.59641859772141,28.369900837791402,0.0,0.0,0.0,0.0,0.0,21.09148945238104,28.437104976080334,0.04437792382113391,0.0,4.129976834330381,0.0,1.0,1.0,0.0,112.01489998653238
2024-06-15 04:30:00+00:00,0.0,21.182800623377325,20.341943445355902,28.3912767505901,0.0,0.0,0.0,0.0,0.0,20.191217915395985,28.373384840004483,0.0,0.0,4.129976834330381,0.0,1.0,1.0,0.0,110.92752471309348
2024-06-15 04:35:00+00:00,0.0,21.122046287013603,21.092245894007117,28.3282513449034,0.0,0.0,0.0,0.0,5.938813013124692,21.188925553744106,28.089397041735133,0.0,0.0,4.129976834330381,0.0,1.0,1.0,0.0,109.83616195537911
2024-06-15 04:40:00+00:00,0.0,21.596502203821494,21.17597884097861,28.321217777357795,0.0,0.0,0.0,0.0,4.1642800629688725,21.139838459329955,28.514495931144356,0.0,0.6539488507017286,4.1844725718888585,0.0,1.0,1.0,0.0,108.74101737693952
2024-06-15 04:45:00+00:00,0.0,23.480222851402576,23.196974165483432,28.15145417009939,0.0,0.0,0.0,0.0,0.0,23.079374754652587,27.89358178013893,0.0363447037630171,1.273379100877548,4.2905874969619875,0.0,1.0,1.0,0.0,107.64228621100014
2024-06-15 04:50:00+00:00,0.0,21.235950189825765,20.706143724543917,28.360683927138307,0.0,0.0,0.0,0.0,10.51931500307444,21.45258146807641,28.40727661604426,0.011361967217035869,0.1607391672364877,4.303982427565028,0.0,1.0,1.0,0.0,106.54015299253874
2024-06-15 04:55:00+00:00,0.0,23.189366658113435,22.83222896291262,28.182092767115336,0.0,0.0,0.0,0.0,0.0,23.26965293422639,28.195489702934303,0.0,0.0,4.303982427565028,0.0,1.0,1.0,0.0,105.43479344450708
2024-06-15 05:00:00+00:00,0.0,20.660275978891814,20.201815439379246,28.40304750309214,0.0,0.0,0.0,0.0,30.117063838780844,20.40298618022062,28.656369746550926,0.11427287284612644,1.6454723293489615,4.441105121677442,0.0,1.0,1.0,0.0,104.32637395550857
2024-06-15 05:05:00+00:00,0.0,22.13301052375607,21.16246680370506,28.32235278848877,0.0,0.0,0.0,0.0,13.26363393469684,20.458577485894367,28.098427743788076,0.04653270287967878,1.871835890958058,4.5970914459239465,0.0,1.0,1.0,0.0,103.21505338155323
2024-06-15 05:10:00+00:00,0.0,22.75803140417972,22.300461353284817,28.22676124632407,0.0,0.0,0.0,0.0,14.349772528271439,21.94052192618029,28.118121906011357,0.007623993268385171,0.0,4.5970914459239465,0.0,1.0,1.0,0.0,102.1009824321406
2024-06-15 05:15:00+00:00,0.0,23.311455810558726,22.708007731261173,28.19252735057406,0.0,0.0,0.0,0.0,0.0,22.70281366829316,28.172466041612694,0.13864355106842954,0.0,4.5970914459239465,0.0,1.0,1.0,0.0,100.98430540045194
2024-06-15 05:20:00+00:00,0.0,23.56892570230054,23.1269930347816,28.157332585078343,0.0,0.0,0.0,0.0,26.305691924501758,23.40411917067032,28.19350199777496,0.0,1.4807473972766003,4.720487062363663,0.0,1.0,1.0,0.0,99.86515962181471
2024-06-15 05:25:00+00:00,0.0,23.78595945772745,23.267031135738243,28.145569384597984,0.0,0.0,0.0,0.0,1.0062466386759903,22.39429036362668,28.319260813345537,0.0,2.8655197817673606,4.959280377510943,0.0,1.0,1.0,0.0,98.74367639254277
2024-06-15 05:30:00+00:00,0.0,22.7811834956818,22.27967932557278,28.228506936651883,0.0,0.0,0.0,0.0,0.0,22.67599559666175,28.290726652590173,0.0,1.9004767492659735,5.117653439949774,0.0,1.0,1.0,0.0,97.6199818658498
2024-06-15 05:35:00+00:00,0.0,22.807171020426775,22.195090003933487,28.235612439669588,0.0,0.0,0.0,0.0,4.983503640453841,21.61271605595048,28.24058455611158,0.0033743494068610522,1.2811964720720597,5.224419812622446,0.0,1.0,1.0,0.0,96.49419641517876
2024-06-15 05:40:00+00:00,0.0,24.269364390448786,23.478037506561993,28.127844849448795,0.0,0.0,0.0,0.0,19.480428937417308,22.847676601065434,28.333512407419455,0.0,0.8037221169101308,5.29139665569829,0.0,1.0,1.0,0.0,95.36643623261246
2024-06-15 05:45:00+00:00,0.0,23.36413381096157,22.452285311560736,28.214008033828893,0.0,0.0,0.0,0.0,0.0,22.951438383826396,28.633220742371154,0.034572995455558336,0.0,5.29139665569829,0.0,1.0,1.0,0.0,94.23681249220041
2024-06-15 05:50:00+00:00,0.0,22.425916809887486,21.848511789410193,28.26472500968954,0.0,0.0,0.0,0.0,16.037268283261923,21.51990098121276,27.99362000136837,0.04926465311706482,0.0,5.29139665569829,0.0,1.0,1.0,0.0,93.10543291121301
2024-06-15 05:55:00+00:00,0.0,22.71652672071235,22.069139999203447,28.246192240066907,0.0,0.0,0.0,0.0,0.0,22.210015078988253,28.245042922737053,0.0,0.4201379757700853,5.326408153679131,0.0,1.0,1.0,0.0,91.97240087180067
2024-06-15 06:00:00+00:00,0.0,23.08054771399839,22.86826384129478,28.179065837331237,0.0,0.0,0.0,0.0,0.0,23.33662453356915,28.330993816528384,0.0,0.0,5.326408153679131,0.0,1.0,1.0,0.0,90.83781695238508
2024-06-15 06:05:00+00:00,0.3667182398792298,24.649250592698664,24.182679723298794,28.612622875214072,0.0049356760061441485,0.1412226361980453,8.307213894002665,0.011768553016503773,0.0,24.45283666353427,28.62977140639735,0.0,1.0939572437145493,5.41757125732201,0.3667182398792298,1.0,1.0,0.0,89.70177816786382
2024-06-15 06:10:00+00:00,2.5210767635516387,24.448436830190293,23.792148112830382,30.295767668110635,0.0320898313329107,0.9721860745707195,22.68372664331505,0.0927840592307304,0.0,23.209457664895307,30.582695221520833,0.0,1.806658433959509,5.568126126818635,2.5210767635516387,1.0,1.0,0.0,88.56437871544861
2024-06-15 06:15:00+00:00,7.7824374398887874,25.15217583231576,24.678884842707994,31.804523458742178,0.094068842615648,2.9918147117061027,22.61362228067062,0.3421019518729056,11.072432502092976,24.345882303659955,31.737688975819818,0.1160815950485902,4.8131556076089135,5.969222427452711,7.7824374398887874,1.0,1.0,0.0,87.4257107130158
2024-06-15 06:20:00+00:00,16.476431914078542,24.19180125973787,24.153787323854058,33.05278867806194,0.19198648334650906,6.345688663096421,22.655135872749423,0.870909340464274,20.48424401585325,23.806011853368968,32.84998794219805,0.1964963344055044,4.507023928716626,6.344807754845763,16.476431914078542,1.0,1.0,0.0,86.28586340129154
2024-06-15 06:25:00+00:00,28.200580267131258,24.936566172206817,25.09623581566268,33.850942083618634,0.3197953931793977,10.82537533312384,22.580627003749964,1.7730239515579274,43.81225961656961,25.247106024546735,34.025044229595096,0.3087250134306989,11.267604751735854,7.283774817490418,28.200580267131258,1.0,1.0,0.0,85.14492462801383
2024-06-15 06:30:00+00:00,42.34681705329896,25.56412293504662,26.264769290713758,34.41580006205801,0.4704000629190622,16.189194514601954,22.488244121957685,3.1221234944414236,63.21364940797744,26.38797038222122,33.86122013006323,0.4858042981000298,12.943397934744556,8.362391312052464,42.34681705329896,1.0,1.0,0.0,84.00297988105683
2024-06-15 06:35:00+00:00,58.352642596569176,24.79114915401015,25.814592670588105,35.00697512337201,0.6382593603972183,22.34352955168475,22.523834555925273,4.9840842904151526,53.964893652148675,26.326351151026238,34.91182336393364,0.6188219289674388,21.66161777261337,10.167526126436911,58.352642596569176,1.0,1.0,0.0,82.86011376351833
2024-06-15 06:40:00+00:00,75.76671357887959,25.720614090952065,27.515984101052773,35.27134965867566,0.8176101699346163,28.83821418825308,22.389324551069706,7.3872688061029095,91.8748465827135,27.729022557235286,35.74456558047799,0.7849705760268831,30.865334373970327,12.739637324267772,75.76671357887959,1.0,1.0,0.0,81.71640901558139
2024-06-15 06:45:00+00:00,94.24436098559505,24.766558336508055,27.300619196200657,35.66633718607107,1.0065072797461538,35.89842801966148,22.406351047076843,10.378804474408032,77.52322463157262,27.7396039284048,35.67158590388589,0.986512827635338,34.03060024900764,15.575520678351742,94.24436098559505,1.0,1.0,0.0,80.57194798765039
2024-06-15 06:50:00+00:00,113.52581888674057,25.23129975740074,28.19502128337813,35.887112913983835,1.201167181101272,43.10642225675302,22.335640670302343,13.971006329137449,123.16838838722487,28.0583761674303,35.958665761006316,1.1886817149524178,42.764761526286385,19.139250805542275,113.52581888674057,1.0,1.0,0.0,79.42681180897236
2024-06-15 06:55:00+00:00,133.4146611301881,25.379629993753735,29.548838154072115,36.01428575518411,1.3998772934370112,50.41558086803424,22.228609501231002,18.172304734806968,117.63523198622056,29.3497658281228,35.82396453960793,1.400771661571553,48.1307519961185,23.150146805218817,133.4146611301881,1.0,1.0,0.0,78.28108109454647
2024-06-15 07:00:00+00:00,153.76068480467396,24.733607993590795,28.942907959640593,36.322582599964356,1.6031151882527517,58.22928384256798,22.276513629543707,23.024745055020965,145.81270759697225,28.13366327457819,36.31794522792826,1.6286677197120045,58.72933893930399,28.04425838349415,153.76068480467396,1.0,1.0,0.0,77.13483665386045
2024-06-15 07:05:00+00:00,174.4473197675184,26.585485342176195,32.03696408491115,36.19470696816302,1.8051784192660925,65.33790391058794,22.03190119234585,28.469570380903292,183.5861200122633,31.668902405622163,36.16626719976938,1.7684874137419107,69.45631237429868,33.8322844146857,174.4473197675184,1.0,1.0,0.0,75.9881586668586
2024-06-15 07:10:00+00:00,195.38255884073493,25.799080748292454,31.835651563916773,36.40881892183264,2.011378083366626,73.23190042063828,22.047816723417405,34.57222874928981,184.85583420221067,30.95174716421489,36.78048620864255,1.9966908439303688,70.6747386271274,39.72184596694632,195.38255884073493,1.0,1.0,0.0,74.84112817113999
2024-06-15 07:15:00+00:00,216.49253171069037,26.45177154259866,32.60422100832248,36.49640771955617,2.2172199333439964,80.92056269124964,21.987054527342035,41.315608973560614,223.9339801850297,32.15271348803714,36.294391251032096,2.1883716799435815,80.17432277351958,46.403039531406286,216.49253171069037,1.0,1.0,0.0,73.69382609660795
2024-06-15 07:20:00+00:00,237.716875266686,27.091561237570463,33.90083125533771,36.50854171753657,2.422434208204428,88.43954034821903,21.884546046636828,48.685570669245536,216.67884159764353,34.619892731027676,35.95618898828349,2.391095514644899,89.72525985919367,53.88014451967243,237.716875266686,1.0,1.0,0.0,72.54633477026502
2024-06-15 07:25:00+00:00,259.0054405136254,27.22954408651061,35.11407129759638,36.51588898527729,2.6272767857002326,95.93734744022585,21.78862871623709,56.68034962259769,248.8655042286478,35.20313547493422,36.59721921010545,2.6667718659350843,98.13141380723616,62.057762336942105,259.0054405136254,1.0,1.0,0.0,71.39873697108523
2024-06-15 07:30:00+00:00,280.3158609404873,27.621175571212373,36.05907173607234,36.54141478267601,2.8317142775046165,103.4748459603219,21.7139180933364,65.30325345262452,288.33936027457673,36.059564260954645,36.85141794458443,2.7962308576227985,104.3415795725249,70.75289396798584,280.3158609404873,1.0,1.0,0.0,70.25111746042955
2024-06-15 07:35:00+00:00,301.61180403927006,27.03057951667486,35.61331314574851,36.71467018819062,3.037386774121745,111.5166536458521,21.749159243065527,74.59630792311219,323.75043289198965,35.53229419894444,36.576937077184176,3.029600596731965,113.23854671152861,80.18943952727989,301.61180403927006,1.0,1.0,0.0,69.10356222027907
2024-06-15 07:40:00+00:00,322.8616505090424,26.87945574597458,36.589889857275324,36.71734766643326,3.239605421785417,118.94971857375732,21.671952237165996,84.5087844709253,306.18263076759973,36.31314952568914,36.35264178763824,3.188475490877294,117.2625959204288,89.96132252064895,322.8616505090424,1.0,1.0,0.0,67.9561592493219
2024-06-15 07:45:00+00:00,344.03750167994826,27.397056755252457,37.087498604650094,36.76658248280618,3.4412038625609718,126.52130565299919,21.632611875020604,95.05222660867524,367.22858607806893,37.02135694914747,36.552018113306424,3.476362747577379,126.89912733084908,100.5362497982197,344.03750167994826,1.0,1.0,0.0,66.80899938076536
2024-06-15 07:50:00+00:00,365.1144539508428,25.963710467119284,36.8740171163772,36.89033421045108,3.642612863848279,134.37720594665134,21.649489470328767,106.25032710422951,369.13769212117825,37.362230845204095,36.97704813852302,3.6976664289714063,133.88275860676538,111.69314634878349,365.1144539508428,1.0,1.0,0.0,65.66217558649842
2024-06-15 07:55:00+00:00,386.0700058044466,26.378368447300424,37.84104708446906,36.87231116706624,3.8399530648032005,141.5879442723533,21.573037218733738,118.04932246025895,419.24069769413984,37.28954384960516,36.759859441196,3.8484348723925508,139.72613324425984,123.33699078580514,386.0700058044466,1.0,1.0,0.0,64.5157846179892
2024-06-15 08:00:00+00:00,406.8836401422708,26.677300387645598,38.48819554246691,36.88515008123832,4.035967754140901,148.8672763345255,21.52187442299556,130.45492882146942,402.6309182225678,38.14038152551057,36.89362550002268,4.132797979031608,148.62378906789698,135.7223065414632,406.8836401422708,1.0,1.0,0.0,63.36992621891815
2024-06-15 08:05:00+00:00,427.5364589913509,27.177272252675007,40.00502981710637,36.792157408513205,4.2278568591152625,155.55197506123096,21.40195528975347,143.41759340990535,420.3216956697287,39.519178194539386,36.32065409442784,4.122416319194614,154.00045895630342,148.55567812115515,427.5364589913509,1.0,1.0,0.0,62.2247048357915
2024-06-15 08:10:00+00:00,448.0109367373298,28.748729325646124,42.49965709386038,36.58063919452598,4.414881546744041,161.49918894801456,21.204732992108923,156.87585915557324,452.8975943227068,42.30379159034281,36.47656658721934,4.380169963676256,159.41618884806218,161.84036052516035,448.0109367373298,1.0,1.0,0.0,61.080228912010455
2024-06-15 08:15:00+00:00,468.2906851933319,27.617745978481082,41.779261753696275,36.736943759336945,4.607434071734903,169.26304636817795,21.26168660017836,170.98111301958807,452.6911689073055,43.071029202858966,36.894597009874644,4.640198599340267,169.62210790699984,175.97553618407701,468.2906851933319,1.0,1.0,0.0,59.93661268883503
2024-06-15 08:20:00+00:00,488.3603034692566,28.319083387941877,43.089245555403664,36.653706078450774,4.792349423461289,175.6573671927831,21.158120821972794,185.61922695232,490.3403155275314,44.013099208776126,36.600774006971534,4.7143998051968925,179.47710304658855,190.9319614379594,488.3603034692566,1.0,1.0,0.0,58.79397575842236
2024-06-15 08:25:00+00:00,508.205233880192,30.170163296601782,45.89276226840817,36.3924575174822,4.970273622154702,180.88047164452735,20.936478088897616,200.69259958936394,507.4139108960413,46.86948191044792,36.18764906198625,4.961840620930662,178.2865923242296,205.7891774649785,508.205233880192,1.0,1.0,0.0,57.65244421577662
2024-06-15 08:30:00+00:00,527.8116447258866,28.687945566698986,44.74601748221815,36.58776379782037,5.156703903348759,188.6722643910227,21.02713838258228,216.41528828861584,547.2497066523358,44.07227046242825,36.79814973040924,5.160270204372032,186.29609051024795,221.31385167416585,527.8116447258866,1.0,1.0,0.0,56.51215188026102
2024-06-15 08:35:00+00:00,547.1663602681524,29.95450265798642,46.738999439865545,36.41359738815766,5.331118564026666,194.12520501900025,20.869575573695336,232.59238870686585,552.2792977595778,46.017841296584145,36.61099308576647,5.318659399447845,194.63732669979998,237.53362889914916,547.1663602681524,1.0,1.0,0.0,55.37324006897591
2024-06-15 08:40:00+00:00,566.2567676346556,28.455567741325563,45.42000229061169,36.62355634930614,5.512899199862959,201.90197449422584,20.973853936553997,249.41755324805132,548.1175225408921,45.87811203681412,36.530475320402,5.510622438581831,198.75383634067225,254.09644859420519,566.2567676346556,1.0,1.0,0.0,54.235859758171216
2024-06-15 08:45:00+00:00,585.0707787015955,29.355285018261398,47.13009388413994,36.47631701544526,5.682193976934379,207.26550884591208,20.838656107042112,266.68967898521066,566.0970242677441,46.65342466584281,36.32795043789638,5.724664711252549,205.71153998089997,271.23907692594685,585.0707787015955,1.0,1.0,0.0,53.10017140584043
2024-06-15 08:50:00+00:00,603.5967613556551,28.781494856594243,47.21459258624536,36.516865603301184,5.85373139170058,213.7599225085553,20.831975739063896,284.5030058609236,589.7551022599456,47.35935850494619,36.77247796387105,5.9078889925389735,214.77201031984308,289.13674445260045,603.5967613556551,1.0,1.0,0.0,51.9663473377145
2024-06-15 08:55:00+00:00,621.8235199549521,29.56245406270882,48.520984543956715,36.41147976790896,6.017965256430791,219.12302017850877,20.728693927818952,302.763257542466,591.8970948555758,47.81643119137572,36.301494075204296,5.947389145700417,217.85760589255548,307.2915449436467,621.8235199549521,1.0,1.0,0.0,50.83457183578193
2024-06-15 09:00:00+00:00,639.7402427855023,30.91086049827756,50.346962580722966,36.24239210149811,6.1769283396374,223.86665886799435,20.58433425244166,321.4188124481322,608.5442242370264,50.91029182901303,36.209719631941894,6.110798268234965,223.80308278186902,325.9418018421358,639.7402427855023,1.0,1.0,0.0,49.70504381665715
2024-06-15 09:05:00+00:00,657.3364922295602,28.51131168905559,48.3988735213069,36.51538775470661,6.346509039587034,231.7452384692712,20.738347881609624,340.7309156539048,688.3098899516814,48.32883804456316,36.87558117753819,6.368707487392953,235.00139195670016,345.5252511718608,657.3364922295602,1.0,1.0,0.0,48.577977417234756
2024-06-15 09:10:00+00:00,674.602174911263,30.84007003958004,51.67131606272435,36.17120811779443,6.493155467908868,234.86527777092653,20.479632424217556,360.3030221348153,662.5664821475295,51.46577927802701,36.20858016393666,6.434307099004976,236.06460648610798,365.19730171236984,674.602174911263,1.0,1.0,0.0,47.453604307946755
2024-06-15 09:15:00+00:00,691.5275164684795,30.80925132475757,52.179883122552866,36.150695301432485,6.646766489368163,240.28523009692054,20.4394257107817,380.3267913095587,710.4566000982846,53.601052965524254,36.05161120393763,6.742297831688635,237.47143765344182,384.98658818348997,691.5275164684795,1.0,1.0,0.0,46.33217624154159
2024-06-15 09:20:00+00:00,708.1030623675093,30.142011190908555,51.49406208604259,36.26949523177069,6.801788300603144,246.6974283362394,20.493645915079927,400.8849103375787,697.3801038457834,51.57959947730472,35.874212633082784,6.796627581808651,245.48842458794653,405.44395689915217,708.1030623675093,1.0,1.0,0.0,45.213966373987894
2024-06-15 09:25:00+00:00,724.3196471253241,29.45344645188116,51.69151964259872,36.28228478535614,6.949808586216579,252.15493432882326,20.478035152961606,421.89782153164725,718.5084513919255,51.14705990667128,36.289366080217604,6.961333463522137,255.62778415162245,426.74627224512074,724.3196471253241,1.0,1.0,0.0,44.099273162899216
2024-06-15 09:30:00+00:00,740.1684016755343,31.133596966634588,54.118070042144254,36.02943669991959,7.0847182619467075,255.25840815557325,20.286194933138713,443.1693555446117,715.2988572777703,53.64535665010274,36.01211861326117,7.075890658931548,255.06063001944176,448.00132474674086,740.1684016755343,1.0,1.0,0.0,42.98842223284048
2024-06-15 09:35:00+00:00,755.6407274146474,30.692480809806096,53.69530036416805,36.112303808400256,7.228108041049201,261.0236335383096,20.31961860650342,464.92132500613747,774.2785610298013,54.3014889214985,35.98753551869028,7.209717422337287,258.35485837274683,469.5308962778031,755.6407274146474,1.0,1.0,0.0,41.88177106269698
2024-06-15 09:40:00+00:00,770.72830618953,31.6136223052803,55.08303942219494,35.97899779779881,7.359790526671553,264.79788715137636,20.20990558921,486.9878156020855,765.1095230759236,54.58894646879896,36.16410720663551,7.323167711669084,265.7954250087514,491.6805150285324,770.72830618953,1.0,1.0,0.0,40.77971177960251
2024-06-15 09:45:00+00:00,785.4230779948318,31.56016166727545,55.98731166892812,35.90142768362638,7.4897296873429156,268.8919887400513,20.138414889232976,509.39548133042314,810.0074485266322,56.749620326569996,35.64314495309716,7.574130883202732,269.9319234222507,514.1748419803866,785.4230779948318,1.0,1.0,0.0,39.68267690317337
2024-06-15 09:50:00+00:00,799.717250652532,33.29576779720119,57.72956145122691,35.722763146889115,7.611758261488597,271.9130375065336,20.00067467115006,532.0549011226343,789.5668642343429,57.095998146364316,35.40618786840885,7.629990919018625,275.5974535829252,537.1412964456304,799.717250652532,1.0,1.0,0.0,38.59114352886725
2024-06-15 09:55:00+00:00,813.6032898110581,31.608554523882077,56.34976155737054,35.91378895555264,7.744747787831134,278.1432375661505,20.109760027464354,555.2335042531469,832.6125836260358,56.41138148756333,35.756156045200626,7.643871632808217,279.0337102011939,560.3941056290632,813.6032898110581,1.0,1.0,0.0,37.50563976136616
2024-06-15 10:00:00+00:00,827.0739106871978,30.976502507378136,56.228965603426495,35.95397349942176,7.867910873006066,282.8826590238724,20.119310013470283,578.8070591718028,849.0594600961358,55.58693169097775,35.94309116772816,7.836078593954773,284.5549898424433,584.1070214492669,827.0739106871978,1.0,1.0,0.0,36.42675202347398
2024-06-15 10:05:00+00:00,840.1220887071169,32.32946170024049,57.92528160139755,35.77656541822532,7.97813177962051,285.43015352881554,19.98520126633657,602.5929052992042,818.2051273483982,58.397024193811674,35.47057748333658,8.004659600945232,288.0617193866545,608.1121647314881,840.1220887071169,1.0,1.0,0.0,35.35513194312758
2024-06-15 10:10:00+00:00,852.74104335335,32.51839355074635,59.017618430061226,35.66970067202004,8.08713020563012,288.4655137304782,19.898842401764572,626.6316981100773,859.5676342270016,59.56115551400297,35.42796657294821,8.10811498817545,285.29819834127954,631.8870145932614,852.74104335335,1.0,1.0,0.0,34.291506602773815
2024-06-15 10:15:00+00:00,864.924250921167,33.80374943939725,60.24987224193467,35.5448607290475,8.191181610610824,291.1544095554967,19.801421865108225,650.8945655730354,849.9076181170306,60.42477041601391,35.369238066854564,8.252594651828415,290.9127344289055,656.1297424623368,864.924250921167,1.0,1.0,0.0,33.23668785172103
2024-06-15 10:20:00+00:00,876.6654301335852,33.423722736722944,60.395172368265094,35.54844344478103,8.296722655705075,294.93557610336535,19.789934608061866,675.4725302483158,859.802172209748,60.19051634591881,35.53020637007303,8.310160485996663,294.453678596039,680.6675490120067,876.6654301335852,1.0,1.0,0.0,32.19158548081735
2024-06-15 10:25:00+00:00,887.9585546864093,33.08734824605817,60.45675061968962,35.56094096646314,8.398580376018854,298.6614209537023,19.785066303949243,700.3609819944577,889.8262065035171,60.0606079175416,35.40690743446222,8.38585656379283,298.46589447423395,705.5397068848596,887.9585546864093,1.0,1.0,0.0,31.15721992032089
2024-06-15 10:30:00+00:00,898.7978404022548,34.333394323289326,61.70318793350485,35.430872265479785,8.489813453326903,300.80149602257734,19.68652443631585,725.4277733296725,910.8384263025342,61.52388208583578,35.612163556205225,8.48106987275703,300.43031738726125,730.5755666671314,898.7978404022548,1.0,1.0,0.0,30.134739223364768
2024-06-15 10:35:00+00:00,909.177755957293,31.81862472314962,59.36061096914647,35.728549043578006,8.596426013460361,307.1378284214083,19.871725815145126,751.0225923647898,929.1441347856951,58.630189505620564,35.270892497206084,8.611000869299367,306.2491452022429,756.0963287673183,909.177755957293,1.0,1.0,0.0,29.125436232568866
2024-06-15 10:40:00+00:00,919.0930182177457,32.50254934474256,60.27561365039703,35.636029973697795,8.681021113997128,309.35712862070505,19.799386779639196,776.802353083182,914.1433383064015,59.792011370778695,35.7001490225926,8.708221227491924,311.1864279449233,782.0285310960619,919.0930182177457,1.0,1.0,0.0,28.13076965963046
2024-06-15 10:45:00+00:00,928.5385888356259,32.34819057939503,60.53631951263186,35.62070868738989,8.76487502125797,312.2110598136104,19.778775680883694,802.8199414009829,943.2156890799295,61.10051521565191,35.48416544230484,8.732874311703574,311.2381653858906,807.9650448782195,928.5385888356259,1.0,1.0,0.0,27.152387845343547
2024-06-15 10:50:00+00:00,937.5096838275692,33.01491185776951,61.8395230227886,35.47966638057407,8.838455151991196,313.58544011231373,19.675745944551302,828.9520614103424,945.8569816362611,61.50436282287109,35.55429797042028,8.822160228546895,316.2522252453326,834.3193969819972,937.5096838275692,1.0,1.0,0.0,26.192154030138752
2024-06-15 10:55:00+00:00,946.0017639640065,32.155418298701846,61.12979338182046,35.57854555346624,8.919091557839991,317.3283052861463,19.73185633499019,855.3960868508545,945.8880032988088,61.04938218251133,35.95523248976714,8.947572172467884,315.3771284845728,860.6008243557117,946.0017639640065,1.0,1.0,0.0,25.252176405688076
2024-06-15 11:00:00+00:00,954.0105449860014,34.29200519630679,63.413129009173275,35.318146812567086,8.978022387424677,317.0871127655788,19.551338506568886,881.8200129146528,940.0946277238435,64.0501605520049,35.28550540510374,8.985214571206962,315.84559100640917,886.9212902729124,954.0105449860014,1.0,1.0,0.0,24.334838624323226
2024-06-15 11:05:00+00:00,961.5319891262476,33.556688999379276,63.07426917224964,35.37079658944413,9.047716618143456,320.02494409928556,19.57812836661744,908.48875825626,962.152438393952,63.18394197889464,35.39141686279659,9.042469158439957,315.568671968519,913.2186796036224,961.5319891262476,1.0,1.0,0.0,23.44283423461404
2024-06-15 11:10:00+00:00,968.5623143908176,32.42741239997833,62.16229367771349,35.49127857831479,9.116380403490096,323.5519965261568,19.650228076303122,935.4514246334397,1020.5126625116848,62.120693895254455,35.63967210135107,9.158345899537972,320.5145371282816,939.9282243643125,968.5623143908176,1.0,1.0,0.0,22.579199799598584
2024-06-15 11:15:00+00:00,975.0979871685482,32.99913937862428,62.76501319467236,35.42939947961655,9.171631049384025,324.9453803282814,19.602577780374137,962.5302063274631,961.3100792811475,63.25004496285605,35.14523982146593,9.134571339488177,328.77287529124897,967.3259639719166,975.0979871685482,1.0,1.0,0.0,21.74734861099934
2024-06-15 11:20:00+00:00,981.1357296891555,34.44186939240202,64.6171816066946,35.2168202288268,9.214774740253958,324.5150654766578,19.45614752474132,989.573128450518,978.6084520297034,64.80625273340517,35.330492180803645,9.24500518921791,322.0682852730258,994.1649877446688,981.1357296891555,1.0,1.0,0.0,20.951098159890208
2024-06-15 11:25:00+00:00,986.6725175700841,35.077202432637435,65.59304034079598,35.10838924320441,9.258536652082341,325.0523086037814,19.378997281292364,1016.6608208341664,973.4527244354185,65.7428834034557,35.252860282738745,9.319708683432738,325.2410074058255,1021.2684050284876,986.6725175700841,1.0,1.0,0.0,20.19468979497914
2024-06-15 11:30:00+00:00,991.7055785383501,36.34355761402166,66.93797520980407,34.95480891501486,9.295368094715663,324.9178155455117,19.272668312824905,1043.737305462959,1012.0154970033594,66.9941972466066,34.90909634114956,9.295007022123821,326.2751554991232,1048.4580013200812,991.7055785383501,1.0,1.0,0.0,19.482793074156532
2024-06-15 11:35:00+00:00,996.2323980670217,37.365419300147195,67.83920414530819,34.8535874283903,9.330295602724902,325.1942735222979,19.20141821345328,1070.8368282564838,1022.9038790650959,68.52586573865051,34.96584154062725,9.325785804487401,326.0261964436952,1075.6268510237223,996.2323980670217,1.0,1.0,0.0,18.820485925607386
2024-06-15 11:40:00+00:00,1000.2507145290253,34.967625787587934,65.72471229381999,35.11341636426833,9.379564068252478,329.3485384438798,19.368587451594472,1098.282539793474,1020.0393753209252,66.53409899682191,35.12079913238133,9.326706610559464,332.1569257658286,1103.3065948375413,1000.2507145290253,1.0,1.0,0.0,18.21320357611347
2024-06-15 11:45:00+00:00,1003.7585245370641,33.66221877838849,64.44462017595467,35.27238482537373,9.41899598648429,332.2304511039245,19.469790028442173,1125.968410718801,1033.0442706202534,63.21130475567441,35.10147030125798,9.400653242854544,336.9804069901317,1131.3882954200524,1003.7585245370641,1.0,1.0,0.0,17.666643312348825
2024-06-15 11:50:00+00:00,1006.754079038232,32.61508528577178,63.40863044516598,35.401298737187716,9.452300489208449,334.6237133721339,19.55169415774688,1153.8537201664788,1005.56172582898,64.35436518384645,35.1201305938127,9.4192249523339,334.17228584389784,1159.2359859070439,1006.754079038232,1.0,1.0,0.0,17.18661922956983
2024-06-15 11:55:00+00:00,1009.2358873938504,35.107006427727406,66.23933827450963,35.06525833993393,9.456910359844048,331.60900486552913,19.327901727003468,1181.4878039052728,1033.989253147079,66.60455338316243,35.243247228272935,9.506902111111927,330.9904463991134,1186.81852310697,1009.2358873938504,1.0,1.0,0.0,16.77885997103509
2024-06-15 12:00:00+00:00,1011.2027143934786,34.11526213496518,65.02628491885392,35.2138554628713,9.482172778976322,333.9038617128449,19.423804298180013,1209.3131257146765,998.9104554356213,64.83103577456595,35.55177933539688,9.469153387801459,336.00632508429203,1214.8190501973277,1011.2027143934786,1.0,1.0,0.0,16.448755275628812
2024-06-15 12:05:00+00:00,1012.6535828996298,34.59845678548038,65.64917060022921,35.14125755521972,9.491270861353104,333.53519386516155,19.374559689017172,1237.10772520344,1035.6006814919767,66.06354941355973,34.9658933511481,9.477037412695388,332.1957276831685,1242.5020275042584,1012.6535828996298,1.0,1.0,0.0,16.201064108643024
2024-06-15 12:10:00+00:00,1013.5877726096293,34.48398986636597,65.96731103214475,35.104463258477836,9.497638307212313,333.40949499784625,19.349407880752793,1264.8918497865939,1035.570244333095,65.20197593197425,35.160128900599396,9.551681078933788,330.06441690662734,1270.0073955798107,1013.5877726096293,1.0,1.0,0.0,16.039613473245595
2024-06-15 12:15:00+00:00,1014.0048200139959,35.03419104584513,65.86126547348594,35.11782249213651,9.502046998764351,333.691199814545,19.357791717860877,1292.6994497711394,1004.6489580911821,65.98706050827661,34.85718239816276,9.498194092375067,334.3152629814699,1297.8670008282666,1014.0048200139959,1.0,1.0,0.0,15.967025149304078
2024-06-15 12:20:00+00:00,1013.9045190972801,36.316442527080845,67.62614493481007,34.9057594850395,9.489929969772803,331.2532130547577,19.218262423977368,1320.3038841923692,1027.7998820710347,68.20347639819059,34.79396902177275,9.517517452370853,329.89245607106346,1325.3580388341886,1013.9045190972801,1.0,1.0,0.0,15.98451209931683
2024-06-15 12:25:00+00:00,1013.2869208853856,35.47954040040092,67.05853051386552,34.97299013074997,9.48802049933058,331.82444728344177,19.263137352315574,1347.9559214659894,997.1568803447158,66.88028129440578,34.856288976736536,9.470053067703786,330.8629702602708,1352.9299530225446,1013.2869208853856,1.0,1.0,0.0,16.09177986530713
2024-06-15 12:30:00+00:00,1012.1523333375889,35.232401423051606,66.62342276724783,35.02353168365381,9.480619899383623,332.0447914267411,19.2975364588717,1375.6263207515512,991.2062611125398,65.4165497309569,34.778229538698284,9.49995756168064,330.738745183882,1380.4915151212015,1012.1523333375889,1.0,1.0,0.0,16.287050800961453
2024-06-15 12:35:00+00:00,1010.5013220137465,34.42040920143658,65.75383680453574,35.12545024912326,9.471313764595367,332.6841604321309,19.366284902041407,1403.350000787562,989.6860029839589,65.7936511478816,35.09326848410632,9.462516665367488,332.1587049898512,1408.1714072036891,1010.5013220137465,1.0,1.0,0.0,16.567206556717153
2024-06-15 12:40:00+00:00,1008.3347088505006,33.842858021582906,64.84027434349667,35.23184812554761,9.457605333912287,333.20891475576667,19.438510075431793,1431.1174103505425,991.7713765075707,64.70702218192257,35.41307129539703,9.521908522908513,333.73458272312405,1435.9826224306162,1008.3347088505006,1.0,1.0,0.0,16.928023606508773
2024-06-15 12:45:00+00:00,1005.6535738911042,35.08913312688751,66.08426993737108,35.07846432867522,9.42577005731134,330.6415387256908,19.34016124730431,1458.6708719110168,988.5211488812065,66.80362581901836,35.17357418480177,9.43736274446715,328.7466145636746,1463.3781736442556,1005.6535738911042,1.0,1.0,0.0,17.364462091122235
2024-06-15 12:50:00+00:00,1002.4592533248644,35.575953055167496,66.48701271347966,35.02529005813628,9.394602678700716,329.04868380243664,19.30832087724019,1486.0915955612197,1000.6117644130117,66.93743170155925,34.90517770510415,9.324415692495167,335.0744523639886,1491.301044674588,1002.4592533248644,1.0,1.0,0.0,17.87096772375199
2024-06-15 12:55:00+00:00,998.7533398727913,37.448328748667315,68.00444512832142,34.83758129729071,9.351836452376178,325.7953626886219,19.188354455737414,1513.241209118605,1024.4650410198499,69.00362059613202,35.10552636621029,9.327481666342054,321.1832537772042,1518.0663158226882,998.7533398727913,1.0,1.0,0.0,18.441751178691533
2024-06-15 13:00:00+00:00,994.5376843241477,35.857681131785434,66.35201492661687,35.0294331338873,9.324414162777373,326.62894242768175,19.31899364344864,1540.4602876542451,990.5224240193777,66.40212187008855,35.056875427027926,9.26123921859799,329.28168814245004,1545.5064565012258,994.5376843241477,1.0,1.0,0.0,19.07102257593867
2024-06-15 13:05:00+00:00,989.8143915326207,36.75347606952915,67.10616383726247,34.93173981103963,9.277363637094354,324.0744527033802,19.259371517807015,1567.4664920461935,976.9379854755285,67.4786892908608,35.27604243274352,9.30433396229229,323.4483009295049,1572.4604815786845,989.8143915326207,1.0,1.0,0.0,19.75317197481654
2024-06-15 13:10:00+00:00,984.5858244967652,35.31107245842032,65.47692235961206,35.11908782068205,9.240516750377454,324.51851926498927,19.388177432275373,1594.5097019849427,994.4774412032547,65.80981382978705,34.84197051639876,9.279834175051228,323.05457984629453,1599.3816965658757,984.5858244967652,1.0,1.0,0.0,20.48289384325642
2024-06-15 13:15:00+00:00,978.8545987874246,34.66133847680882,64.59651102191528,35.2157395132296,9.194404815666129,323.7877649676822,19.457781716855642,1621.4920157322495,974.9077568728458,64.29322664661736,35.80364840542178,9.207264328700187,323.307479721406,1626.3239865426594,978.8545987874246,1.0,1.0,0.0,21.255264596869722
2024-06-15 13:20:00+00:00,972.6235875665761,34.913345261865295,65.30783237332079,35.120719401126124,9.134118510994893,320.7968132012836,19.40154548766217,1648.2250834990232,973.7183548978546,65.4758832429505,35.07000016096546,9.108857798152636,322.76385455481284,1653.220974422227,972.6235875665761,1.0,1.0,0.0,22.065779782991243
2024-06-15 13:25:00+00:00,965.8959148201236,35.18166601920633,64.9570229204013,35.152165833511816,9.075778139061882,319.03325821246455,19.42928007029298,1674.811188350062,971.5213517489846,66.27623830278469,34.90038418145923,9.018836381684348,318.24159801175955,1679.7411075898738,965.8959148201236,1.0,1.0,0.0,22.910363988331852
2024-06-15 13:30:00+00:00,958.6749613761019,38.060028623425644,68.01862116642883,34.773987040764844,8.992453146708952,312.7034491883421,19.187233714842332,1700.869809115757,964.903413854954,67.75323229412946,34.545505781564295,8.990140856213959,312.43330068781705,1705.7772159805252,958.6749613761019,1.0,1.0,0.0,23.78535914581181
2024-06-15 13:35:00+00:00,950.9643580696936,35.13106402655417,64.33968523453264,35.20229293165426,8.945167746458937,314.89041533363314,19.478086061458125,1727.1106770602266,940.4439065340932,64.6466220972734,35.37384358293854,8.91183668968617,314.38691683420103,1731.9761257167086,950.9643580696936,1.0,1.0,0.0,24.6875018925481
2024-06-15 13:40:00+00:00,942.7679874605617,36.80804678847031,65.77070463966895,35.01776260122849,8.863020723039268,310.36315560915756,19.36495135084029,1752.9742733609899,938.7961612631739,65.73974890991563,35.18388453900176,8.909518477022406,308.60430586006686,1757.6931512050476,942.7679874605617,1.0,1.0,0.0,25.613892767856257
2024-06-15 13:45:00+00:00,934.0899867390073,35.079944207821804,63.508873224718364,35.2742970889897,8.798073630053478,310.3458630373124,19.54376908152815,1778.8364286140993,947.7134856331993,63.937761395678564,35.421987681002115,8.778573575242744,312.5453605562332,1783.738597918067,934.0899867390073,1.0,1.0,0.0,26.561962240562067
2024-06-15 13:50:00+00:00,924.9347392041925,36.92395878552911,65.03126078747984,35.0771136217087,8.706861998379551,305.4115876056972,19.423410911860415,1804.2873942479075,919.0266315721954,64.63110966898654,35.18414826342405,8.729709227900264,306.7144286445101,1809.2981336384428,924.9347392041925,1.0,1.0,0.0,27.52943755492484
2024-06-15 13:55:00+00:00,915.3068829455774,36.38304718274514,64.43569351273133,35.13233256880919,8.623541825039535,302.9651393183247,19.470495759934646,1829.5344891911013,911.4099387361404,65.16356080628883,34.8922523051562,8.599553177156928,303.35966771212406,1834.5781059477865,915.3068829455774,1.0,1.0,0.0,28.514308911362292
2024-06-15 14:00:00+00:00,905.211300454147,35.84336210234191,63.756305510883216,35.19654042781885,8.536352149530675,300.45006353705475,19.52420737608076,1854.5719944858558,909.480666211023,63.7215895171603,35.153274076218594,8.591043769031979,302.4802920151277,1859.7847969490472,905.211300454147,1.0,1.0,0.0,29.51479989500954
2024-06-15 14:05:00+00:00,894.6531284587669,35.957333690503845,63.29395367670387,35.23376589847367,8.443651003698477,297.5016227927244,19.560760368147648,1879.3637963852495,900.6429489479057,63.18637868607832,34.75683316026168,8.392859904887178,299.3635000179891,1884.7317552838797,894.6531284587669,1.0,1.0,0.0,30.52933848836051
2024-06-15 14:10:00+00:00,883.6377467109077,35.33759807722547,62.58325707127241,35.2995667571641,8.34805360280635,294.6826754446471,19.6169472056594,1903.9206860056368,878.599402632991,62.337444086469176,35.1104455278681,8.330309937931885,295.28345248318885,1909.3387096574788,883.6377467109077,1.0,1.0,0.0,31.556533049159142
2024-06-15 14:15:00+00:00,872.1707890528514,36.42894358739091,63.18462890815336,35.20772358186027,8.241193277694345,290.15365490574754,19.569403455731877,1928.1001572477824,880.267464594391,63.410134712831,35.32774476091513,8.27019891767277,289.6810386174505,1933.478796208933,872.1707890528514,1.0,1.0,0.0,32.59514892636975
2024-06-15 14:20:00+00:00,860.2581331357782,35.51457410439318,61.651106685646056,35.369417999185785,8.141598274999557,287.9635925699093,19.690641918499512,1952.0971232952747,859.8558395528797,61.20386546022882,34.979932042433475,8.225407156165046,287.93480329829106,1957.4733631504573,860.2581331357782,1.0,1.0,0.0,33.644089766012
2024-06-15 14:25:00+00:00,847.9059046889348,34.72684494201131,60.86334730003788,35.44094001829381,8.033830801367879,284.7265155484003,19.752921248749942,1975.824332924308,828.0017823428582,61.31063333165357,35.90258038309813,7.9622645137497,285.8190401206353,1981.2916164938435,847.9059046889348,1.0,1.0,0.0,34.70237987525414
2024-06-15 14:30:00+00:00,835.1204831059249,34.65362131667086,60.049716753920386,35.514289631404196,7.9220617595591145,281.34639580685393,19.81724592251359,1999.2698659082125,844.5195165409992,59.73269215069046,35.754583998854265,7.858492630311055,283.743882367052,2004.9369400244311,835.1204831059249,1.0,1.0,0.0,35.769148745288355
2024-06-15 14:35:00+00:00,821.9084903428607,36.079480001464205,61.094769982505525,35.36519378353158,7.79695862531775,275.7409527065402,19.73462524373603,2022.2482786337575,808.596849086536,61.02492223264837,35.12334973638836,7.820470718593874,275.76918555826654,2027.91770548762,821.9084903428607,1.0,1.0,0.0,36.84361894233132
2024-06-15 14:40:00+00:00,808.2768056211721,37.4575532805081,62.454901410452436,35.17761299615193,7.666527403838418,269.69013403662126,19.62709485319717,2044.7224564701426,853.858411410819,63.099364979265346,35.31020781112853,7.745503310580832,271.1318345051861,2050.5120250297186,808.2768056211721,1.0,1.0,0.0,37.925093564695466
2024-06-15 14:45:00+00:00,794.2325526631331,36.00627385679928,60.082567595467836,35.43245771494789,7.550604206955147,267.53646428524587,19.814648773628896,2067.0171618272466,798.2947699738992,60.8243248676953,35.5315595169228,7.592610072580027,268.7749141224431,2072.9099345399222,794.2325526631331,1.0,1.0,0.0,39.012947487425976
2024-06-15 14:50:00+00:00,779.7831162156174,35.69172973084959,59.38531052624475,35.48672769392656,7.422491394642639,263.3999309321965,19.869773097219234,2088.9671560715965,775.307631831411,59.49914603083358,35.44712262574633,7.458313410924606,260.40896302443264,2094.610681458625,779.7831162156174,1.0,1.0,0.0,40.10661759133027
2024-06-15 14:55:00+00:00,764.9361294795275,36.056562698108635,59.43533527250071,35.450887788203445,7.2870783080832116,258.33339540370935,19.86581819963289,2110.494939021906,777.4226421444591,59.16774770232072,35.557158130536564,7.233730798555731,255.707195284737,2115.91961439902,764.9361294795275,1.0,1.0,0.0,41.20559644256531
2024-06-15 15:00:00+00:00,749.6994928006803,37.03340835201937,60.15209836654755,35.334655696969804,7.1449822388401305,252.4654873703805,19.80915175266824,2131.533729636104,771.3934146715494,60.172736580109046,35.269799139428244,7.158079654694194,255.21934764887658,2137.1878933697594,749.6994928006803,1.0,1.0,0.0,42.30942460430774
2024-06-15 15:05:00+00:00,734.0813638889117,35.899781336451284,58.55462546262367,35.49111563959993,7.009699924850652,248.78207063176947,19.935446081072573,2152.265568855418,756.5399564490308,58.96816933536956,35.476036652919575,7.03525247424737,248.0749791981321,2157.860808302937,734.0813638889117,1.0,1.0,0.0,43.41768599090336
2024-06-15 15:10:00+00:00,718.0901685695009,35.21880837515208,57.29354178717473,35.60591504398786,6.869075023323719,244.57970171124325,20.035145872825712,2172.6472106646884,722.4284324291282,57.37208588658193,35.70493506864609,6.879712372328813,242.77439686412063,2178.092008041614,718.0901685695009,1.0,1.0,0.0,44.53000247742332
2024-06-15 15:15:00+00:00,701.7346136275657,36.68172974602073,57.97528780605917,35.48927161040108,6.716566840544145,238.3660648934846,19.98124783462685,2192.511049405812,717.5769640620204,58.25489187378035,35.57519871171314,6.731784609105851,241.3133815822276,2198.2014565068,701.7346136275657,1.0,1.0,0.0,45.64602912389597
2024-06-15 15:20:00+00:00,685.0236792391195,35.946297404748876,57.09219367282171,35.55583670302232,6.567211911350038,233.50271431410505,20.05106421786633,2211.9696089319878,695.392976974952,57.70124788930345,35.61413368303019,6.604905455040795,230.75331504831192,2217.4308994274925,685.0236792391195,1.0,1.0,0.0,46.765451435815834
2024-06-15 15:25:00+00:00,667.9666457686268,36.99181894625838,57.256398564372994,35.4969551062137,6.4101582996919175,227.54110138788712,20.038082372322506,2230.9313673809784,669.1491053815494,56.34909441713659,35.55947798036997,6.288405183003888,230.01708262031065,2236.598989645852,667.9666457686268,1.0,1.0,0.0,47.887980846547784
2024-06-15 15:30:00+00:00,650.5730870207866,35.5742706973122,55.715118548931386,35.637129703971915,6.25649938785878,222.9636801779442,20.159934157072723,2249.5116740624735,627.7443779955281,55.75650727909063,35.82473185920882,6.1546387344709474,224.32724512784992,2255.2929267398395,650.5730870207866,1.0,1.0,0.0,49.013353005390286
2024-06-15 15:35:00+00:00,632.8529021437132,34.098022801235075,53.42569313933583,35.86293093338919,6.102064532478669,218.83791887936627,20.34093343651369,2267.748167302421,633.0411366995996,53.49043685558079,36.01556093653951,6.042582194368112,219.39066893207104,2273.575482484179,632.8529021437132,1.0,1.0,0.0,50.14132400580209
2024-06-15 15:40:00+00:00,614.8163134003618,33.88230309704753,52.56790095216534,35.917828593413965,5.938826324083142,213.30974595447304,20.408749477664102,2285.5239794652935,576.153998066534,52.30347772286938,35.676566208991375,5.943146626405938,211.46184437449648,2291.19730284872,614.8163134003618,1.0,1.0,0.0,51.271669329934475
2024-06-15 15:45:00+00:00,596.4739050412779,36.82590986449276,54.35443686076796,35.66007058918111,5.763131453039211,205.51367443010818,20.267508050536936,2302.650119001136,583.0400459679038,54.61844216770246,35.50521485851768,5.743661862502746,207.03451601919681,2308.4501791836533,596.4739050412779,1.0,1.0,0.0,52.4041806381357
2024-06-15 15:50:00+00:00,577.8366304983541,36.81975238620907,54.72147600316272,35.56687702786689,5.589672610622849,198.80719836805855,20.23849036774996,2319.2173855318074,598.1072503317313,54.31369359877807,35.85648606676119,5.522995522033232,197.27965594088897,2324.8901505120607,577.8366304983541,1.0,1.0,0.0,53.53866505724276
2024-06-15 15:55:00+00:00,558.915848529522,34.83429483237746,51.432411457302486,35.899030146581204,5.42544212298717,194.76811033164793,20.49851994125797,2335.448061392778,561.4518026363855,51.238233844686114,36.209262810847655,5.506442195822404,195.8509401641405,2341.2110621924057,558.915848529522,1.0,1.0,0.0,54.67494315358154
2024-06-15 16:00:00+00:00,539.7233662298872,34.54501590913952,50.87391050032668,35.908480243628496,5.2490426183358725,188.48514315847765,20.542674369856524,2351.1551566559847,538.9327511511649,50.700400608022626,36.017982881119146,5.238659949620155,188.87242012126558,2356.9504305358446,539.7233662298872,1.0,1.0,0.0,55.812847074368655
2024-06-15 16:05:00+00:00,520.2714639436266,36.30073925762578,51.956429526360125,35.72356243400275,5.064867145717371,180.93509769996382,20.457091689210113,2366.233081464315,507.0378434185917,52.89897461105762,35.66713747827272,5.074687568609156,181.3664438891673,2372.064300859942,520.2714639436266,1.0,1.0,0.0,56.95222036594335
2024-06-15 16:10:00+00:00,500.57296791517183,33.640085884459594,48.753404153461666,36.034893715594,4.890799504557652,176.2394403310148,20.710319106926324,2380.9197014918996,487.6113775343593,48.188552030470376,36.19792177323422,4.937500236753389,174.34595280606263,2386.593130260447,500.57296791517183,1.0,1.0,0.0,58.092915635806264
2024-06-15 16:15:00+00:00,480.6412930149145,33.75702987946453,48.165888581631805,36.03774350664321,4.706218962238794,169.60151184726226,20.756767396840402,2395.0531608125048,470.2225587469879,48.099090967821176,36.17324834667528,4.812717298549493,166.96199140728248,2400.5066295443876,480.6412930149145,1.0,1.0,0.0,59.234794773411934
2024-06-15 16:20:00+00:00,460.4905418159557,35.19654314900098,49.1252938568401,35.8574118766616,4.515028619984444,161.89724086169724,20.680917944494524,2408.5445975509797,439.4766608122784,49.631672981390345,35.54738735957982,4.512059990061001,161.40005856078648,2413.956634424453,460.4905418159557,1.0,1.0,0.0,60.37772682601614
2024-06-15 16:25:00+00:00,440.13557918606807,34.05695171128027,46.94767601548053,36.036747412098435,4.329721649506391,156.029085447956,20.853077849129065,2421.547021338309,405.9176673397383,47.25568764001866,36.04995706267418,4.338990737124116,157.2010506472843,2427.0567219783934,440.13557918606807,1.0,1.0,0.0,61.52158841196278
2024-06-15 16:30:00+00:00,419.5921726137595,34.341704855609805,47.06807803584597,35.94546543985839,4.136224130909039,148.67850154909914,20.843559007048412,2433.936896467401,434.88707194296427,46.432927156316005,35.665119198175994,4.073959515168441,147.91379525765856,2439.3828715831983,419.5921726137595,1.0,1.0,0.0,62.666261760700316
2024-06-15 16:35:00+00:00,398.87712081748566,34.07563296621854,45.757484348720155,36.014552207737246,3.9439867567524813,142.04091695768653,20.947173002077655,2445.773639547208,423.5054761857567,45.79791817713436,35.92246213512249,3.9415992485164777,139.0794742032858,2450.9728277668055,398.87712081748566,1.0,1.0,0.0,63.811635120733165
2024-06-15 16:40:00+00:00,378.0084465495597,34.46593009375076,45.93978582847775,35.906298792040005,3.7463322317973025,134.516924489164,20.93276046156035,2456.9833832546383,368.26633919202385,45.012652962213274,35.912612505739254,3.6832994840501314,135.32581882256738,2462.2499793353527,378.0084465495597,1.0,1.0,0.0,64.95760169444233
2024-06-15 16:45:00+00:00,357.0056376943015,35.42220032114554,46.09368946069279,35.79585365358873,3.5470332771614625,126.96908409368095,20.92059302146052,2467.564140262445,368.3289536878319,46.488691271805784,36.13992696934695,3.5243607422296557,127.17922446440707,2472.84824804072,357.0056376943015,1.0,1.0,0.0,66.10405862390047
2024-06-15 16:50:00+00:00,335.88992259150706,33.98880360138274,44.25335432043989,35.90734070740641,3.350013383526613,120.29007193666143,21.066087752548754,2477.5883129238337,317.2202835473777,44.56173759367103,35.48404165876393,3.388115165316777,120.41676824474044,2482.882978727782,335.88992259150706,1.0,1.0,0.0,67.2509075605714
2024-06-15 16:55:00+00:00,314.6846694599631,34.42285048975491,43.64299048029187,35.87051466387402,3.1489405340249594,112.95411760140959,21.11434239967575,2487.0011560572843,319.7452338313209,43.35206106762001,35.799233295666596,3.1668270979405433,112.77214480689445,2492.2806574616898,314.6846694599631,1.0,1.0,0.0,68.39805296976515
2024-06-15 17:00:00+00:00,293.4158493436828,31.60668214846136,39.91464595121981,36.17976547387555,2.951652136838767,106.79008207129021,21.409100931856504,2495.900329563225,272.4377729556403,39.36965381018037,36.316263130557196,2.999019776266758,104.20092639793924,2500.9640679948516,293.4158493436828,1.0,1.0,0.0,69.54540293118133
2024-06-15 17:05:00+00:00,272.11268998947105,33.48338604432804,41.506246651454234,35.87492441835756,2.7443853615591887,98.45461742078278,21.28327085296738,2504.104881014957,285.5595530082237,41.53815214167379,36.008398015334215,2.756949154113169,97.0239234601863,2509.0493949498673,272.11268998947105,1.0,1.0,0.0,70.6928675096211
2024-06-15 17:10:00+00:00,250.80848110229073,32.56149139063241,39.94847784975497,35.916573955100155,2.5412091171261513,91.27152519063618,21.406426221760547,2511.7108414475097,251.39924877422547,39.56931154901583,36.08677265313679,2.599485843251114,90.98580652623684,2516.6315454937203,250.80848110229073,1.0,1.0,0.0,71.84035961468021
2024-06-15 17:15:00+00:00,229.54169439994794,32.05595346037693,39.007785651142285,35.8758714365328,2.336460380376516,83.8225522229404,21.480796240286164,2518.696054132755,210.2021568075244,38.49033848314036,35.677138672363455,2.287345113433115,85.35708948038169,2523.7446362837522,229.54169439994794,1.0,1.0,0.0,72.98779342225309
2024-06-15 17:20:00+00:00,208.3574326152793,32.264148510563565,38.33264144317912,35.79099943599988,2.1311414569422085,76.27568268345455,21.534172347080425,2525.0523610230425,216.37307412524223,38.37785479909667,35.76515463067038,2.191969747313883,76.7504235468465,2530.140504912656,208.3574326152793,1.0,1.0,0.0,74.13508512493655
2024-06-15 17:25:00+00:00,187.30942590651685,32.67326433677166,38.424882461280696,35.60405601240506,1.9252634497697367,68.5471877042379,21.526879880708165,2530.764626665062,211.85739311278462,38.94736707274891,35.511543558041254,1.896663372776839,68.89561235839622,2535.8818059425225,187.30942590651685,1.0,1.0,0.0,75.28215216164334
2024-06-15 17:30:00+00:00,166.46275891126874,33.785993974425786,38.71617468708264,35.37623648572994,1.7201670183879474,60.85303523744499,21.503850660032995,2535.835712934849,166.32952167248675,38.46611953965169,35.63829023357848,1.7012928117766337,65.07004736973443,2541.3043098900002,166.46275891126874,1.0,1.0,0.0,76.42891246050225
2024-06-15 17:35:00+00:00,145.8976070818114,31.404084469169092,35.406688178948414,35.522064849474454,1.5197334809956171,53.984071265843866,21.765494769852552,2540.3343855403364,145.0625208845961,34.93392018757297,35.494506491277136,1.5040821198207117,54.573075066689924,2545.8520661455577,145.8976070818114,1.0,1.0,0.0,77.57528523709352
2024-06-15 17:40:00+00:00,125.71449429099742,32.619242983402785,35.71806763056111,35.23935093551781,1.3185100424051224,46.46343809631858,21.740877476736816,2544.2063387150297,125.65448413797415,35.27195930418151,35.24296335203325,1.410101466480398,44.90083847656,2549.593802685271,125.71449429099742,1.0,1.0,0.0,78.72118949189978
2024-06-15 17:45:00+00:00,106.04161022031745,31.960392430823237,34.07189003490078,35.134086721399726,1.1221880778543822,39.42705324505673,21.871022340770192,2547.491926485451,107.69751068616641,34.68261411926184,35.17229603638175,1.0844222828660166,39.83444746168516,2552.9133399737448,106.04161022031745,1.0,1.0,0.0,79.8665449787469
2024-06-15 17:50:00+00:00,87.04511816630246,31.970723772412633,34.33752998637731,34.77546982778431,0.9297628648289901,32.33294045285485,21.850021158724054,2550.1863381898556,105.57147158388882,33.82247871931054,34.51358000093316,0.953824769315919,27.074194652184943,2555.1695228614267,87.04511816630246,1.0,1.0,0.0,81.01127072019955
2024-06-15 17:55:00+00:00,68.94336771491336,33.15294389058878,34.448599092518464,34.375103318602044,0.7446885860537402,25.59874708578099,21.84124016586207,2552.319567113671,88.08727297927598,33.906823352962874,34.47862299413736,0.7656103993073072,25.466215298660764,2557.2917074696484,68.94336771491336,1.0,1.0,0.0,82.15528598621849
2024-06-15 18:00:00+00:00,52.025839563048265,32.538115437003924,33.60298480324877,33.99629842630485,0.5699555280884814,19.376378222618186,21.90809343673139,2553.934265298889,20.154631339571797,33.911504403061485,33.77522139298245,0.5748115311880257,18.96700109897927,2558.8722908945633,52.025839563048265,1.0,1.0,0.0,83.29850881920044
2024-06-15 18:05:00+00:00,36.67567945909642,33.185308258797846,33.86923515358121,33.39059936544428,0.40868621194292143,13.64627756916714,21.887043997269817,2555.0714550963194,54.57378688949166,33.94548749119055,33.42723060366208,0.3691567953283312,10.503248641040967,2559.7475616146503,36.67567945909642,1.0,1.0,0.0,84.44085686304511
2024-06-15 18:10:00+00:00,23.388169121393606,31.53948322663037,31.662214898742384,32.87740381207561,0.26679840455042214,8.77163888282174,22.061528422122954,2555.8024250032213,20.10467181079968,32.22170723455197,32.732308437220446,0.20948956609036173,5.673800057859024,2560.2203782861384,23.388169121393606,1.0,1.0,0.0,85.58224665752611
2024-06-15 18:15:00+00:00,12.75756466947251,30.84236691008131,30.725561685082333,31.99434604953582,0.1500494302745134,4.800733396738479,22.13557912324996,2556.202486119616,37.53494650560136,30.867641361497753,32.23400300116051,0.09244044303594354,6.2618727904600995,2560.742201018677,12.75756466947251,1.0,1.0,0.0,86.7225929334072
2024-06-15 18:20:00+00:00,5.357592529460467,31.157087277045093,30.796913112187678,30.669893871954013,0.06571833153058751,2.015574253485008,22.12993816336587,2556.37045064074,12.036736746956606,30.412168180634673,30.6774738073027,0.12007375122365276,1.4288887720046892,2560.8612750830107,5.357592529460467,1.0,1.0,0.0,87.86180943480046
2024-06-15 18:25:00+00:00,1.3836241283202724,31.46447031014112,31.109791854857797,28.96785614370458,0.0179492037587626,0.5199499523778764,22.105202338063005,2556.413779803438,15.597743272007117,31.70288810223296,29.35404522702656,0.0,0.0,2560.8612750830107,1.3836241283202724,1.0,1.0,0.0,88.99980744273589
2024-06-15 18:30:00+00:00,0.10036787525533983,31.238040817374433,31.090704728425873,27.6514728748801,0.0013641104096169697,0.03771966198986522,2.2188036464626597,2556.416923108604,0.0,30.412699543899805,27.2046725530769,0.0,1.1818951916823153,2560.9597663489844,0.10036787525533983,1.0,1.0,0.0,90.13649673880637
2024-06-15 18:35:00+00:00,0.0,29.81511623403625,29.70102253466677,27.60511410708799,0.0,0.0,0.0,2556.416923108604,0.0,29.98918369256434,27.879581813728908,0.04769813976176112,0.5484151755216996,2561.005467613611,0.0,1.0,1.0,0.0,91.27178411862505
2024-06-15 18:40:00+00:00,0.0,30.82665092823322,30.163339707412913,27.566279464577317,0.0,0.0,0.0,2556.416923108604,3.368164496168532,29.986596025382813,27.738277737868206,0.030652092283093003,1.5063766150241802,2561.1309989981964,0.0,1.0,1.0,0.0,92.4055743372678
2024-06-15 18:45:00+00:00,0.0,30.799744052564197,30.368919075085625,27.5490107976928,0.0,0.0,0.0,2556.416923108604,14.237815453728873,30.931233512013208,27.6075174037886,0.0,0.0,2561.1309989981964,0.0,1.0,1.0,0.0,93.5377686070315
2024-06-15 18:50:00+00:00,0.0,32.92312043356811,32.57214265848215,27.363940016687497,0.0,0.0,0.0,2556.416923108604,10.811819809783756,32.45226001650402,27.805382453931422,0.0,0.24351430730304752,2561.1512918571384,0.0,1.0,1.0,0.0,94.66826536672303
2024-06-15 18:55:00+00:00,0.0,32.1154767235296,31.613350316848816,27.444478573384696,0.0,0.0,0.0,2556.416923108604,11.51243643099437,31.808823832926215,27.158866203771087,0.0,4.127403245162726,2561.4952421275684,0.0,1.0,1.0,0.0,95.7969595154771
2024-06-15 19:00:00+00:00,0.0,29.21730901026135,28.518575947032442,27.70443962044927,0.0,0.0,0.0,2556.416923108604,3.150017191640168,28.383859238507473,27.74695618415836,0.0,0.8211443286593499,2561.5636708216234,0.0,1.0,1.0,0.0,96.92374163583796
2024-06-15 19:05:00+00:00,0.0,29.614103777060212,29.069012791303614,27.6582029255305,0.0,0.0,0.0,2556.416923108604,10.54820019311872,29.16394070973318,27.907646026070513,0.0,0.0,2561.5636708216234,0.0,1.0,1.0,0.0,98.04849871231993
2024-06-15 19:10:00+00:00,0.0,28.268074909667817,27.93208864382806,27.753704553918443,0.0,0.0,0.0,2556.416923108604,0.0,28.165404093242387,27.875144061538812,0.0,1.5839121199134378,2561.695663498283,0.0,1.0,1.0,0.0,99.17111256344342
2024-06-15 19:15:00+00:00,0.0,28.970015562165536,28.1634423232533,27.73427084484672,0.0,0.0,0.0,2556.416923108604,0.0,27.93907279557695,27.658564537468433,0.0,1.3152912569057762,2561.805271103025,0.0,1.0,1.0,0.0,100.29146066891572
2024-06-15 19:20:00+00:00,0.0,29.704790424925786,28.80999404918038,27.679960499868848,0.0,0.0,0.0,2556.416923108604,0.0,28.6878507801278,27.809550774358996,0.10222964153986465,3.865243487503395,2562.127374726984,0.0,1.0,1.0,0.0,101.40941456308467
2024-06-15 19:25:00+00:00,0.0,30.422840710407566,29.799201546576853,27.59686707008754,0.0,0.0,0.0,2556.416923108604,0.0,30.525405177484163,27.5138227404666,0.0,0.0,2562.127374726984,0.0,1.0,1.0,0.0,102.52484060979789
2024-06-15 19:30:00+00:00,0.0,28.315125700016807,27.571709822180786,27.783976374936813,0.0,0.0,0.0,2556.416923108604,0.0,27.540808722175427,27.715826956153037,0.014065328404821664,0.5430214055496958,2562.1726265107795,0.0,1.0,1.0,0.0,103.63759834872533
2024-06-15 19:35:00+00:00,0.0,28.21678855874792,27.406298559544467,27.797870920998264,0.0,0.0,0.0,2556.416923108604,0.5344777974712772,28.59710586941822,27.66546693110173,0.0,1.8119969837746501,2562.3236262594273,0.0,1.0,1.0,0.0,104.74754105965883
2024-06-15 19:40:00+00:00,0.0,26.54995691224261,25.767432083141482,27.93553570501611,0.0,0.0,0.0,2556.416923108604,15.397109100935506,25.75883817206098,28.146387670501678,0.008648182506279209,0.8951439604899682,2562.398221589468,0.0,1.0,1.0,0.0,105.85451479363155
2024-06-15 19:45:00+00:00,0.0,28.360559113296237,27.70703431901808,27.772609117202478,0.0,0.0,0.0,2556.416923108604,0.6819081003477597,26.945733848553726,27.8350376066737,0.0,0.0,2562.398221589468,0.0,1.0,1.0,0.0,106.95835737959865
2024-06-15 19:50:00+00:00,0.0,27.286540687063127,26.636953925294407,27.86249587027527,0.0,0.0,0.0,2556.416923108604,0.0,25.701389486373373,28.365783253349566,0.05879176117574112,2.576986618633404,2562.612970474354,0.0,1.0,1.0,0.0,108.05889887017358
2024-06-15 19:55:00+00:00,0.0,27.64507965291041,27.015164509573786,27.830726181195796,0.0,0.0,0.0,2556.416923108604,20.32141852818857,27.69981943675614,28.000115531366873,0.0,0.0,2562.612970474354,0.0,1.0,1.0,0.0,109.15595972510968
2024-06-15 20:00:00+00:00,0.0,27.12313922183241,26.897473640469173,27.840612214200586,0.0,0.0,0.0,2556.416923108604,2.02984920643939,26.670880205588045,27.54392947250311,0.08432865163247977,0.19784325341269826,2562.6294574121384,0.0,1.0,1.0,0.0,110.24935131375493
2024-06-15 20:05:00+00:00,0.0,27.73121836547096,27.056037576256063,27.827292843594492,0.0,0.0,0.0,2556.416923108604,11.39984418201885,26.508029225871503,27.987805493174662,0.06725654938190255,0.6393825189894264,2562.6827392887208,0.0,1.0,1.0,0.0,111.33887401054915
2024-06-15 20:10:00+00:00,0.0,25.893316509720677,25.732270002502315,27.938489319789806,0.0,0.0,0.0,2556.416923108604,0.0,26.557664291383045,27.72072858295059,0.0,0.0,2562.6827392887208,0.0,1.0,1.0,0.0,112.42431758710039
2024-06-15 20:15:00+00:00,0.0,26.009729720767865,25.708379584549128,27.940496114897872,0.0,0.0,0.0,2556.416923108604,12.158880384122297,25.578754283329868,27.885261961560943,0.0,0.85971143555382,2562.7543819083503,0.0,1.0,1.0,0.0,113.5054592047487
2024-06-15 20:20:00+00:00,0.0,29.432001170047034,28.60610990309501,27.697086768140018,0.0,0.0,0.0,2556.416923108604,22.7689105643185,28.353266848907623,27.725313782802157,0.0,0.0,2562.7543819083503,0.0,1.0,1.0,0.0,114.58206353405153
2024-06-15 20:25:00+00:00,0.0,25.841642419910258,25.13158737923671,27.988946660144116,0.0,0.0,0.0,2556.416923108604,0.0,25.494674869008687,27.77087044612373,0.0,0.0,2562.7543819083503,0.0,1.0,1.0,0.0,115.6538813474076
2024-06-15 20:30:00+00:00,0.0,25.859004883784948,24.987155311363484,28.001078953845465,0.0,0.0,0.0,2556.416923108604,18.19976330788653,24.964122907290342,27.899997212267483,0.060400794802506014,0.0,2562.7543819083503,0.0,1.0,1.0,0.0,116.72064805059522
2024-06-15 20:35:00+00:00,0.0,28.619926438801983,28.187845034723807,27.732221017083198,0.0,0.0,0.0,2556.416923108604,0.0,28.349089225010687,27.597452671588616,0.08034331901679592,3.529718873824308,2563.048525147836,0.0,1.0,1.0,0.0,117.78208356992785
2024-06-15 20:40:00+00:00,0.0,29.515881747904963,29.303943958224156,27.63846870750917,0.0,0.0,0.0,2556.416923108604,0.0,29.350844129202777,27.666651483584005,0.0,1.0699774272548135,2563.1376899334405,0.0,1.0,1.0,0.0,118.83789000787228
2024-06-15 20:45:00+00:00,0.0,25.267710795045634,24.82782009431322,28.01446311207769,0.0,0.0,0.0,2556.416923108604,0.0,24.424872752634943,27.99975976895255,0.0535322159624616,0.0,2563.1376899334405,0.0,1.0,1.0,0.0,119.88775149337383
2024-06-15 20:50:00+00:00,0.0,25.900234131707155,25.37472630739701,27.96852299017865,0.0,0.0,0.0,2556.416923108604,31.083747066692755,24.83756775869205,27.94768738420212,0.0,0.8474852584868812,2563.2083137049813,0.0,1.0,1.0,0.0,120.93133166712764
2024-06-15 20:55:00+00:00,0.0,26.440068412331122,25.92032123324612,27.922693016407326,0.0,0.0,0.0,2556.416923108604,0.0,26.314679817917423,28.263957281274706,0.0,0.16991463551222288,2563.2224732579407,0.0,1.0,1.0,0.0,121.96827332635922
2024-06-15 21:00:00+00:00,0.0,27.658145283585426,26.87472516389625,27.842523086232717,0.0,0.0,0.0,2556.416923108604,0.0,27.04786138127,27.951013509410295,0.0,0.0,2563.2224732579407,0.0,1.0,1.0,0.0,122.99819571927898
2024-06-15 21:05:00+00:00,0.0,24.77451080932383,24.36482841557469,28.053354413091718,0.0,0.0,0.0,2556.416923108604,0.3534460633662719,24.246228597366713,28.13995163116427,0.038715200773884045,0.0,2563.2224732579407,0.0,1.0,1.0,0.0,124.02069382508193
2024-06-15 21:10:00+00:00,0.0,25.3490757580237,24.76106714007297,28.020070360233866,0.0,0.0,0.0,2556.416923108604,9.521201983009524,23.346001541995836,28.239530171190186,0.0,0.0,2563.2224732579407,0.0,1.0,1.0,0.0,125.03533612264857
2024-06-15 21:15:00+00:00,0.0,26.20582185363645,25.952978640995102,27.91994979415641,0.0,0.0,0.0,2556.416923108604,0.0,25.57728877909077,28.292406026476993,0.0,0.78923159906417,2563.2882425578628,0.0,1.0,1.0,0.0,126.04166225974342
2024-06-15 21:20:00+00:00,0.0,25.698604927861272,25.08602560835032,27.99277384889857,0.0,0.0,0.0,2556.416923108604,6.183481699700623,24.996935832505077,28.272422903063614,0.0,0.0,2563.2882425578628,0.0,1.0,1.0,0.0,127.03918195597652
2024-06-15 21:25:00+00:00,0.0,24.724339622500285,24.223562484953874,28.065220751263876,0.0,0.0,0.0,2556.416923108604,0.0,24.823578269940366,27.85421155176289,0.040184346738107966,0.0,2563.2882425578628,0.0,1.0,1.0,0.0,128.02737175635644
2024-06-15 21:30:00+00:00,0.0,24.80470957656324,24.49216291113437,28.042658315464713,0.0,0.0,0.0,2556.416923108604,11.349239334026214,24.710278150955737,28.148284221901175,0.03670089568250099,0.0,2563.2882425578628,0.0,1.0,1.0,0.0,129.0056738155129
2024-06-15 21:35:00+00:00,0.0,23.403130672760124,22.962088013303838,28.171184606882473,0.0,0.0,0.0,2556.416923108604,15.588107363093787,23.83804205863408,28.32595205070015,0.05010939651060589,2.9609003848283537,2563.5349842565984,0.0,1.0,1.0,0.0,129.97349243781673
2024-06-15 21:40:00+00:00,0.0,24.38088016209974,23.926924098728545,28.0901383757068,0.0,0.0,0.0,2556.416923108604,0.0,22.85353730481261,28.282877054931074,0.03163694219877435,0.0,2563.5349842565984,0.0,1.0,1.0,0.0,130.93019262063046
2024-06-15 21:45:00+00:00,0.0,24.195302988239032,23.762841770573306,28.10392129127184,0.0,0.0,0.0,2556.416923108604,0.0,23.366828802863473,28.07570106594451,0.01750055032114572,0.0,2563.5349842565984,0.0,1.0,1.0,0.0,131.8750964172523
2024-06-15 21:50:00+00:00,0.0,24.538180983745985,23.595345673179065,28.117990963452954,0.0,0.0,0.0,2556.416923108604,5.7092574336763215,23.674303946197863,28.132389297197996,0.0,0.0,2563.5349842565984,0.0,1.0,1.0,0.0,132.80748116320882
2024-06-15 21:55:00+00:00,0.0,23.596762629825882,23.121374130402852,28.15780457304616,0.0,0.0,0.0,2556.416923108604,4.7530382548798675,22.41417758992758,27.98057499234522,0.012830726487023162,0.45572668152121815,2563.5729614800584,0.0,1.0,1.0,0.0,133.72657636222488
2024-06-15 22:00:00+00:00,0.0,24.471538522545142,24.032512550089475,28.08126894579248,0.0,0.0,0.0,2556.416923108604,7.711768730281904,24.01893779389445,28.00755945127746,0.0,0.0,2563.5729614800584,0.0,1.0,1.0,0.0,134.63156058375256
2024-06-15 22:05:00+00:00,0.0,24.86252975253566,24.86252975253566,28.011547500787003,0.0,0.0,0.0,2556.416923108604,0.0,25.044382958355918,27.77826560603109,0.0,0.7663997228976218,2563.636828123633,0.0,1.0,1.0,0.0,135.5215596115221
2024-06-15 22:10:00+00:00,0.0,23.857032460893873,23.58058429888874,28.11923091889334,0.0,0.0,0.0,2556.416923108604,0.0,23.805970010047545,28.37403220951285,0.0,0.0,2563.636828123633,0.0,1.0,1.0,0.0,136.39564284868976
2024-06-15 22:15:00+00:00,0.0,23.907194544242387,23.472962900356475,28.12827111637006,0.0,0.0,0.0,2556.416923108604,0.0,23.91282896249613,28.024376928155508,0.05404496190968331,3.7699457346310212,2563.9509902681857,0.0,1.0,1.0,0.0,137.25282180369047
2024-06-15 22:20:00+00:00,0.0,23.4645438567695,23.136007025813658,28.156575409831646,0.0,0.0,0.0,2556.416923108604,20.22412108496067,22.25649495711611,27.97003880521099,0.0,3.154028824333751,2564.2138260035467,0.0,1.0,1.0,0.0,138.0920469271042
2024-06-15 22:25:00+00:00,0.0,23.269607206182755,22.424180307838306,28.21636885414158,0.0,0.0,0.0,2556.416923108604,0.0,21.786254224401745,28.275436380826935,0.0,0.0,2564.2138260035467,0.0,1.0,1.0,0.0,138.91220665226436
2024-06-15 22:30:00+00:00,0.0,22.408350534387388,21.949584978236444,28.256234861828137,0.0,0.0,0.0,2556.416923108604,0.0,21.821163790104702,28.277591119303246,0.0949394204408665,2.5009801297075,2564.4222410143557,0.0,1.0,1.0,0.0,139.71212508940303
2024-06-15 22:35:00+00:00,0.0,23.30910648420084,22.486995421871278,28.211092384562814,0.0,0.0,0.0,2556.416923108604,0.0,22.55156254269795,28.073841004395344,0.04538900785405668,1.1908811403511104,2564.521481109385,0.0,1.0,1.0,0.0,140.4905620141762
2024-06-15 22:40:00+00:00,0.0,22.760412524094193,22.2449863655816,28.231421145291147,0.0,0.0,0.0,2556.416923108604,0.0,21.707401270753856,28.3067496227561,0.0,0.5195121495218593,2564.564773788512,0.0,1.0,1.0,0.0,141.24621252326216
2024-06-15 22:45:00+00:00,0.0,24.818401788130043,24.309094829024648,28.05803603436193,0.0,0.0,0.0,2556.416923108604,17.784447391958157,23.94211274963731,27.932797901191663,0.12564556873892105,0.0,2564.564773788512,0.0,1.0,1.0,0.0,141.97770771748753
2024-06-15 22:50:00+00:00,0.0,24.168633241549962,23.690832353478086,28.10997008230784,0.0,0.0,0.0,2556.416923108604,0.0,23.450107132268226,28.21196382888599,0.05254255314954094,0.0,2564.564773788512,0.0,1.0,1.0,0.0,142.68361756109644
2024-06-15 22:55:00+00:00,0.0,22.85374210629835,22.352793043392985,28.222365384354987,0.0,0.0,0.0,2556.416923108604,1.525515553697814,22.696470827684113,28.216964222278065,0.0,0.7197752262626705,2564.624755057367,0.0,1.0,1.0,0.0,143.36245366283822
2024-06-15 23:00:00+00:00,0.0,21.580088540812856,20.65038979005039,28.365367257635764,0.0,0.0,0.0,2556.416923108604,7.478206205915839,20.81618339798691,28.4088472266422,0.0,2.4273479485396967,2564.827034053079,0.0,1.0,1.0,0.0,144.012675234904
2024-06-15 23:05:00+00:00,0.0,21.10867683153854,21.10867683153854,28.32687114615076,0.0,0.0,0.0,2556.416923108604,29.853723343314233,21.5648220335016,28.250659438500982,0.05253695035640828,0.0,2564.827034053079,0.0,1.0,1.0,0.0,144.63269543331603
2024-06-15 23:10:00+00:00,0.0,23.29292425860787,23.29292425860787,28.143394362276933,0.0,0.0,0.0,2556.416923108604,10.07496407653539,23.45064989951081,28.009504876035653,0.04257015785049116,0.42405666763760524,2564.8623721087156,0.0,1.0,1.0,0.0,145.22089119851415
2024-06-15 23:15:00+00:00,0.0,22.24803076531532,21.88382347307935,28.26175882826134,0.0,0.0,0.0,2556.416923108604,20.250465304908143,23.22175283347832,28.312772442961126,0.02078925813555474,0.0,2564.8623721087156,0.0,1.0,1.0,0.0,145.7756139874291
2024-06-15 23:20:00+00:00,0.0,22.35178785843979,21.848155887955397,28.264754905411742,0.0,0.0,0.0,2556.416923108604,0.463632352129201,21.68206583923913,27.950521548027943,0.0,1.633304858804001,2564.9984808469494,0.0,1.0,1.0,0.0,146.29520410490883
2024-06-15 23:25:00+00:00,0.0,20.01633814828275,19.343812042091745,28.47511978846429,0.0,0.0,0.0,2556.416923108604,0.0,19.348589037848438,28.752067808288164,0.0,0.9903882599595164,2565.081013201946,0.0,1.0,1.0,0.0,146.7780066266007
2024-06-15 23:30:00+00:00,0.0,22.5806117592283,21.962339959721433,28.2551634433834,0.0,0.0,0.0,2556.416923108604,0.0,22.00961022435641,28.164025264000667,0.04302201431975697,0.6879082238712965,2565.1383388872687,0.0,1.0,1.0,0.0,147.22238975288622
2024-06-15 23:35:00+00:00,0.0,22.0028635040745,21.598924982294644,28.28569030148725,0.0,0.0,0.0,2556.416923108604,0.0,22.31676350297251,28.701025814344803,0.09580928301383625,0.6860334930500056,2565.195508345023,0.0,1.0,1.0,0.0,147.62676592734408
2024-06-15 23:40:00+00:00,0.0,20.33635296127359,19.581592037963148,28.45514626881109,0.0,0.0,0.0,2556.416923108604,1.8291845781705034,20.810952960317657,28.58950567302614,0.008642221474728514,0.0,2565.195508345023,0.0,1.0,1.0,0.0,147.98961384624
2024-06-15 23:45:00+00:00,0.0,20.876718294129688,20.119169443341505,28.40998976675931,0.0,0.0,0.0,2556.416923108604,0.0,20.254329731220786,28.391394263376988,0.0,1.0708627262445736,2565.284746905543,0.0,1.0,1.0,0.0,148.3095026799101
2024-06-15 23:50:00+00:00,0.0,21.516585637853435,20.970571180035545,28.338472020877013,0.0,0.0,0.0,2556.416923108604,0.0,21.110602474864983,28.21789310456591,0.0,0.6697714826219651,2565.340561195762,0.0,1.0,1.0,0.0,148.5851161131435
2024-06-15 23:55:00+00:00,0.0,21.21317183297267,20.472507439850958,28.380309375052523,0.0,0.0,0.0,2556.416923108604,27.140257455297757,21.111309620846907,28.484151489402294,0.026155972266468198,0.0,2565.340561195762,0.0,1.0,1.0,0.0,148.8152769511675
2024-06-16 00:00:00+00:00,0.0,20.779625583920936,20.211464268062905,28.402237001482717,0.0,0.0,0.0,2556.416923108604,0.0,19.95579076455132,28.49479201686706,0.0,0.0,2565.340561195762,0.0,1.0,1.0,0.0,148.99897000819993
2024-06-16 00:05:00+00:00,0.0,20.88269768627398,20.5230684429697,28.376062250790547,0.0,0.0,0.0,2556.416923108604,0.0,20.349101323461664,28.462288774320456,0.0,2.1344994688815535,2565.518436151502,0.0,1.0,1.0,0.0,149.13536347089953
2024-06-16 00:10:00+00:00,0.0,20.651935956367343,19.977481746617343,28.421891533284143,0.0,0.0,0.0,2556.416923108604,35.967244999783446,18.538481430076146,28.589813337835867,0.0,0.0,2565.518436151502,0.0,1.0,1.0,0.0,149.22382689121622
2024-06-16 00:15:00+00:00,0.0,20.977580579840964,20.449927299196293,28.38220610686751,0.0,0.0,0.0,2556.416923108604,4.432128383405368,20.613087774521983,28.406357736888808,0.018337384804716004,1.2075678047320062,2565.619066801896,0.0,1.0,1.0,0.0,149.26394539196386
2024-06-16 00:20:00+00:00,0.0,22.221029676699956,21.720694715011334,28.275461643939046,0.0,0.0,0.0,2556.416923108604,0.0,21.37790615766467,28.504469331520475,0.0,0.0,2565.619066801896,0.0,1.0,1.0,0.0,149.25552931525033
2024-06-16 00:25:00+00:00,0.0,18.110849726113123,17.24261133306573,28.651620648022476,0.0,0.0,0.0,2556.416923108604,0.0,17.66876953819328,28.4981900842364,0.0,0.0,2565.619066801896,0.0,1.0,1.0,0.0,149.19861862140442
2024-06-16 00:30:00+00:00,0.0,20.37211347540002,20.37211347540002,28.388742468066393,0.0,0.0,0.0,2556.416923108604,11.946755678008738,20.360805484733064,28.34805479036959,0.0,1.3318289512253085,2565.7300525478317,0.0,1.0,1.0,0.0,149.09348194173685
2024-06-16 00:35:00+00:00,0.0,20.720449467110058,20.57487050964995,28.3717108771894,0.0,0.0,0.0,2556.416923108604,10.340922992435402,19.97093485227459,28.495613982305446,0.004068166615986842,3.867950737362425,2566.0523817759454,0.0,1.0,1.0,0.0,148.9406103721239
2024-06-16 00:40:00+00:00,0.0,20.77845302339983,20.575220629993424,28.371681467080553,0.0,0.0,0.0,2556.416923108604,12.028199186520297,20.506358580852048,28.215675248685244,0.026726676049581982,0.4511161645498003,2566.089974789658,0.0,1.0,1.0,0.0,148.74070610160004
2024-06-16 00:45:00+00:00,0.0,20.052644382717865,19.643459544610067,28.449949398252752,0.0,0.0,0.0,2556.416923108604,0.0,19.551580758513687,28.458629174986946,0.019598992832198535,0.0,2566.089974789658,0.0,1.0,1.0,0.0,148.4946669171341
2024-06-16 00:50:00+00:00,0.0,18.613542611535603,18.17719465397711,28.573115649065922,0.0,0.0,0.0,2556.416923108604,1.7983806748169453,18.047267557944927,28.880114152470416,0.04998239184442062,1.3943676452918314,2566.206172093432,0.0,1.0,1.0,0.0,148.2035667641768
2024-06-16 00:55:00+00:00,0.0,20.647596648626678,20.52442806056994,28.37594804291212,0.0,0.0,0.0,2556.416923108604,0.0,20.444076012946653,28.39708892123263,0.0,0.0,2566.206172093432,0.0,1.0,1.0,0.0,147.86863384462845
2024-06-16 01:00:00+00:00,0.0,21.99994360385164,21.746233111929346,28.27331641859793,0.0,0.0,0.0,2556.416923108604,6.459639452280844,21.83280887704582,28.17941255960686,0.031126773930095032,0.38462009349102155,2566.23822376789,0.0,1.0,1.0,0.0,147.49122711161323
2024-06-16 01:05:00+00:00,0.0,18.69540203657777,18.410612456208664,28.55350855367847,0.0,0.0,0.0,2556.416923108604,0.0,18.46236237444892,28.77938389324723,0.0,0.0,2566.23822376789,0.0,1.0,1.0,0.0,147.0728115208828
2024-06-16 01:10:00+00:00,0.0,21.05345995673872,19.939103933719746,28.425115269567545,0.0,0.0,0.0,2556.416923108604,8.75343322987177,19.871256258642774,28.19792000727162,0.0,0.0,2566.23822376789,0.0,1.0,1.0,0.0,146.61493414356974
2024-06-16 01:15:00+00:00,0.0,19.82519253365126,18.874757046714475,28.51452040807598,0.0,0.0,0.0,2556.416923108604,22.99406963136881,19.070110129975777,28.44820401983684,0.0717848464675675,3.3800511149417853,2566.519894694135,0.0,1.0,1.0,0.0,146.11920031466423
2024-06-16 01:20:00+00:00,0.0,20.060213630073488,19.66315098449465,28.448295317302446,0.0,0.0,0.0,2556.416923108604,0.0,19.649460631295735,28.661466019888568,0.0,0.0,2566.519894694135,0.0,1.0,1.0,0.0,145.5872522162091
2024-06-16 01:25:00+00:00,0.0,19.040209405553966,18.631105228130664,28.53498716083702,0.0,0.0,0.0,2556.416923108604,13.014369803490695,18.691737361792683,28.380975321821204,0.03578551211333358,0.0,2566.519894694135,0.0,1.0,1.0,0.0,145.02074838366002
2024-06-16 01:30:00+00:00,0.0,19.733984936653638,19.52128593595071,28.460211981380144,0.0,0.0,0.0,2556.416923108604,25.127561025461528,19.527072994467144,28.511768999866366,0.0,0.0,2566.519894694135,0.0,1.0,1.0,0.0,144.42134654771814
2024-06-16 01:35:00+00:00,0.0,21.347593888920404,21.32462649222672,28.30873137465295,0.0,0.0,0.0,2556.416923108604,13.218433286442053,21.041889641157205,28.294762225108176,0.006958831306079646,0.0,2566.519894694135,0.0,1.0,1.0,0.0,143.79068776868533
2024-06-16 01:40:00+00:00,0.0,20.613097657253743,20.142317703855873,28.408045312876105,0.0,0.0,0.0,2556.416923108604,0.0,19.735682247964025,28.72151768435972,0.0,0.0,2566.519894694135,0.0,1.0,1.0,0.0,143.13038371023492
2024-06-16 01:45:00+00:00,0.0,21.749440219501114,21.49890321531212,28.29409212991378,0.0,0.0,0.0,2556.416923108604,1.8028562822571186,21.444294239040087,28.009714945805076,0.0888205017056221,0.0,2566.519894694135,0.0,1.0,1.0,0.0,142.44200632491427
2024-06-16 01:50:00+00:00,0.0,21.18502611632283,20.706238749238334,28.360675945063974,0.0,0.0,0.0,2556.416923108604,0.0,20.428270005753898,28.25238389193352,0.07627902112062367,0.5554880533803506,2566.56618536525,0.0,1.0,1.0,0.0,141.72707882451988
2024-06-16 01:55:00+00:00,0.0,20.440990462290305,20.341041924551174,28.391352478337694,0.0,0.0,0.0,2556.416923108604,3.196151718966242,20.908255536859464,28.326362845618473,0.0,0.0,2566.56618536525,0.0,1.0,1.0,0.0,140.98707002222557
2024-06-16 02:00:00+00:00,0.0,21.74393452616779,21.434428140745357,28.299508036177386,0.0,0.0,0.0,2556.416923108604,0.0,21.621607031831623,28.37426241913873,0.0,0.0,2566.56618536525,0.0,1.0,1.0,0.0,140.22338895853426
2024-06-16 02:05:00+00:00,0.0,20.440896942099027,19.90374016827332,28.428085825865043,0.0,0.0,0.0,2556.416923108604,0.6975028707111384,19.194385714173933,28.53847399097566,0.0,2.5260812830017474,2566.7766921388334,0.0,1.0,1.0,0.0,139.43738264328763
2024-06-16 02:10:00+00:00,0.0,20.835602404142197,20.244050004696213,28.39949979960552,0.0,0.0,0.0,2556.416923108604,0.0,20.536685792269537,28.48418642089218,0.012253196790354004,1.2799927467200367,2566.88335820106,0.0,1.0,1.0,0.0,138.63033351589866
2024-06-16 02:15:00+00:00,0.0,19.720557660556462,19.11618967087096,28.49424006764684,0.0,0.0,0.0,2556.416923108604,0.0,18.99713695411744,28.778067770456893,0.011365318741986328,0.0,2566.88335820106,0.0,1.0,1.0,0.0,137.803459673298
2024-06-16 02:20:00+00:00,0.0,20.09698823112524,19.9271104771645,28.42612271991818,0.0,0.0,0.0,2556.416923108604,22.648588718789124,20.147901208529188,28.56051752477863,0.030141463310888163,2.277344732064667,2567.0731369287323,0.0,1.0,1.0,0.0,136.95791441540777
2024-06-16 02:25:00+00:00,0.0,19.350125470921167,18.636454038387278,28.53453786077547,0.0,0.0,0.0,2556.416923108604,0.0,18.35117335733338,28.278357772599275,0.02339934410798075,0.9068947019418366,2567.1487114872275,0.0,1.0,1.0,0.0,136.09478757870352
2024-06-16 02:30:00+00:00,0.0,21.05802504360437,20.758077967754833,28.356321450708595,0.0,0.0,0.0,2556.416923108604,27.01332456770032,20.821227532771704,28.067305993495218,0.0,0.0,2567.1487114872275,0.0,1.0,1.0,0.0,135.21510748036286
2024-06-16 02:35:00+00:00,0.0,18.91480429314305,18.25658981449122,28.566446455582735,0.0,0.0,0.0,2556.416923108604,0.0,18.38691397318124,28.45895014672364,0.055314302451844245,0.0,2567.1487114872275,0.0,1.0,1.0,0.0,134.31984211467633
2024-06-16 02:40:00+00:00,0.0,20.903888318319996,20.406547987474546,28.385849969052142,0.0,0.0,0.0,2556.416923108604,14.138050731459316,19.77957907320774,28.280725163893703,0.07992794073578688,0.0,2567.1487114872275,0.0,1.0,1.0,0.0,133.40990241737882
2024-06-16 02:45:00+00:00,0.0,19.963066699268996,19.807163574038483,28.436198259780767,0.0,0.0,0.0,2556.416923108604,2.7873992940494463,20.143378295646837,28.348843509660092,0.0,0.0,2567.1487114872275,0.0,1.0,1.0,0.0,132.4861438373086
2024-06-16 02:50:00+00:00,0.0,21.36087903650785,20.939928462653146,28.341046009137138,0.0,0.0,0.0,2556.416923108604,0.0,20.6222104084897,28.5507864907777,0.0,4.48354702270461,2567.522340405786,0.0,1.0,1.0,0.0,131.54936997360198
2024-06-16 02:55:00+00:00,0.0,20.98013243022517,20.388791494709228,28.387341514444422,0.0,0.0,0.0,2556.416923108604,0.0,19.885393822175125,28.261098979610583,0.0,0.0,2567.522340405786,0.0,1.0,1.0,0.0,130.6003343108344
2024-06-16 03:00:00+00:00,0.0,22.093239547334257,21.439998202215605,28.299040151013884,0.0,0.0,0.0,2556.416923108604,0.0,21.296267547718053,28.52085987820941,0.0,0.0,2567.522340405786,0.0,1.0,1.0,0.0,129.639743961747
2024-06-16 03:05:00+00:00,0.0,21.050375856051215,20.58562283041232,28.370807682245363,0.0,0.0,0.0,2556.416923108604,0.0,20.700960521199505,28.60054718022023,0.04521375993999029,1.0249692699339883,2567.607754511614,0.0,1.0,1.0,0.0,128.6682614903794
2024-06-16 03:10:00+00:00,0.0,18.798224138360943,17.915279415710682,28.595116529080297,0.0,0.0,0.0,2556.416923108604,13.333514215023854,17.121135327353493,28.601351861461673,0.04684853576605204,0.4851136670457638,2567.6481806505344,0.0,1.0,1.0,0.0,127.68650793819305
2024-06-16 03:15:00+00:00,0.0,20.357605791140955,19.605728098394316,28.453118839734874,0.0,0.0,0.0,2556.416923108604,0.0,20.417051905680328,28.348876256173384,0.03257410343921167,0.0,2567.6481806505344,0.0,1.0,1.0,0.0,126.69506579451141
2024-06-16 03:20:00+00:00,0.0,19.310451841117917,18.874615370217857,28.514532308901696,0.0,0.0,0.0,2556.416923108604,0.0,19.281804203309104,28.772146509633092,0.0,0.0,2567.6481806505344,0.0,1.0,1.0,0.0,125.69448054207899
2024-06-16 03:25:00+00:00,0.0,20.025657203371335,19.3381267503371,28.475597352971675,0.0,0.0,0.0,2556.416923108604,16.893016829634714,18.994361915067564,28.306456433984017,0.003917163721801085,0.0,2567.6481806505344,0.0,1.0,1.0,0.0,124.68526408158606
2024-06-16 03:30:00+00:00,0.0,22.120192173186425,21.136743801889377,28.32451352064129,0.0,0.0,0.0,2556.416923108604,5.870896144544389,21.151363440443706,28.420298882229936,0.05249071232209224,3.623230198051514,2567.950116500372,0.0,1.0,1.0,0.0,123.66789590339981
2024-06-16 03:35:00+00:00,0.0,21.31504197794212,20.32492082774636,28.392706650469304,0.0,0.0,0.0,2556.416923108604,0.0,21.097418360053695,28.447218114566716,0.03287540390487544,1.053270076909817,2568.0378890067814,0.0,1.0,1.0,0.0,122.64282629550505
2024-06-16 03:40:00+00:00,0.0,20.050607275128055,19.85760724533368,28.431960991391968,0.0,0.0,0.0,2556.416923108604,0.0,19.61588361102839,28.691460381309547,0.012149327014225785,0.0,2568.0378890067814,0.0,1.0,1.0,0.0,121.6104772573592
2024-06-16 03:45:00+00:00,0.0,19.811300701298094,19.542933979087383,28.45839354575666,0.0,0.0,0.0,2556.416923108604,10.534094371899581,19.428006385778428,28.530164540108604,0.018922753588247705,0.0,2568.0378890067814,0.0,1.0,1.0,0.0,120.57124548548312
2024-06-16 03:50:00+00:00,0.0,20.936695427450488,20.065465730767023,28.414500878615573,0.0,0.0,0.0,2556.416923108604,5.605611302611568,20.80849106353593,28.418731027022105,0.05879937944861335,2.9895550072633097,2568.28701859072,0.0,1.0,1.0,0.0,119.52550317650672
2024-06-16 03:55:00+00:00,0.0,19.76962580495881,19.53419606766822,28.459127530315868,0.0,0.0,0.0,2556.416923108604,0.0,20.040185854881024,28.670161497989845,0.0,0.5865313042551636,2568.335896199408,0.0,1.0,1.0,0.0,118.47360009568627
2024-06-16 04:00:00+00:00,0.0,20.40065649232791,20.23129177565083,28.40057149084533,0.0,0.0,0.0,2556.416923108604,0.0,19.668652714136922,28.32455349642353,0.0,0.03827769824539831,2568.339086007595,0.0,1.0,1.0,0.0,117.41586555341762
2024-06-16 04:05:00+00:00,0.0,21.47271450616767,21.09426303884243,28.328081904737232,0.0,0.0,0.0,2556.416923108604,16.350236576505374,21.387443157580137,28.440562328168685,0.0,0.6235789752449132,2568.3910509221987,0.0,1.0,1.0,0.0,116.3526088621456
2024-06-16 04:10:00+00:00,0.0,22.40818046960361,21.803123792234963,28.268537601452262,0.0,0.0,0.0,2556.416923108604,22.090638534184713,22.2437542062133,28.295085050962484,0.09631186641682749,0.0,2568.3910509221987,0.0,1.0,1.0,0.0,115.28412182002819
2024-06-16 04:15:00+00:00,0.0,21.95700457380408,21.482603750456857,28.295461284961625,0.0,0.0,0.0,2556.416923108604,7.124654347170503,21.567363379796753,28.302433621104147,0.0,1.035560461030471,2568.4773476272844,0.0,1.0,1.0,0.0,114.21067882706893
2024-06-16 04:20:00+00:00,0.0,19.155494137089963,18.81813504219136,28.519276656455922,0.0,0.0,0.0,2556.416923108604,45.53719621508667,19.220786625102118,28.22278957599977,0.06270122711195257,0.0,2568.4773476272844,0.0,1.0,1.0,0.0,113.13253920369854
2024-06-16 04:25:00+00:00,0.0,21.8528098948904,21.521363010321526,28.29220550713299,0.0,0.0,0.0,2556.416923108604,3.4382649567691046,21.10299185820907,28.291371144009922,0.0,0.7518562594717952,2568.540002315574,0.0,1.0,1.0,0.0,112.04994712678638
2024-06-16 04:30:00+00:00,0.0,21.725206850902698,21.403291117005875,28.3021235461715,0.0,0.0,0.0,2556.416923108604,2.8235695004860806,22.434468642659613,28.099955358213524,0.0031375631883394056,2.859537133819211,2568.7782970767257,0.0,1.0,1.0,0.0,110.9631338023203
2024-06-16 04:35:00+00:00,0.0,22.17481442062964,21.894691827794375,28.26084588646527,0.0,0.0,0.0,2556.416923108604,23.12477557919965,21.672805702008866,28.36684590676111,0.034864370516610725,0.0,2568.7782970767257,0.0,1.0,1.0,0.0,109.8723173942925
2024-06-16 04:40:00+00:00,0.0,23.487854136699383,22.417445917380366,28.216934542940045,0.0,0.0,0.0,2556.416923108604,4.49348349875498,21.913124120581994,28.690884873300448,0.0,1.1828192583289436,2568.876865348253,0.0,1.0,1.0,0.0,108.77770433670467
2024-06-16 04:45:00+00:00,0.0,19.922043263363438,19.34766549556705,28.474796098372366,0.0,0.0,0.0,2556.416923108604,3.994351401678605,19.362444467161712,28.42958088561093,0.0,0.0,2568.876865348253,0.0,1.0,1.0,0.0,107.67949059454145
2024-06-16 04:50:00+00:00,0.0,21.510677880327904,20.78898811672672,28.353724998194956,0.0,0.0,0.0,2556.416923108604,0.0,19.909728023557125,28.537007949557207,0.022093985617553703,0.7767121778199487,2568.9415913630714,0.0,1.0,1.0,0.0,106.57786139696276
2024-06-16 04:55:00+00:00,0.0,22.81199462631531,22.43426399334504,28.215521824559016,0.0,0.0,0.0,2556.416923108604,7.313288188295022,21.966649989967117,28.41726227523486,0.0,0.0,2568.9415913630714,0.0,1.0,1.0,0.0,105.4729931255821
2024-06-16 05:00:00+00:00,0.0,20.76155135105368,20.308040520350193,28.39412459629058,0.0,0.0,0.0,2556.416923108604,0.0,19.668184006187115,28.163729699720612,0.055854967736351985,0.0,2568.9415913630714,0.0,1.0,1.0,0.0,104.36505279464174
2024-06-16 05:05:00+00:00,0.0,23.94384460179535,23.62223309713794,28.115732419840413,0.0,0.0,0.0,2556.416923108604,0.0,23.982259310648658,28.257356339254148,0.0,0.28658581413590023,2568.9654735142494,0.0,1.0,1.0,0.0,103.25419985427091
2024-06-16 05:10:00+00:00,0.0,22.963634951775376,22.963634951775376,28.171054664050864,0.0,0.0,0.0,2556.416923108604,0.0,23.79757865686016,28.108015903802666,0.02595140564056053,1.2541207689999574,2569.0699835783325,0.0,1.0,1.0,0.0,102.1405855789095
2024-06-16 05:15:00+00:00,0.0,23.57181746504285,23.416319784254817,28.13302913812259,0.0,0.0,0.0,2556.416923108604,0.0,23.645264522390192,28.04506192025896,0.0,0.0,2569.0699835783325,0.0,1.0,1.0,0.0,101.0243547986841
2024-06-16 05:20:00+00:00,0.0,22.28675546098589,22.23941013098099,28.231889548997597,0.0,0.0,0.0,2556.416923108604,16.620904331968546,22.696571038822622,28.395980263766113,0.0,0.0,2569.0699835783325,0.0,1.0,1.0,0.0,99.90564536006565
2024-06-16 05:25:00+00:00,0.0,23.80637591249374,23.80637591249374,28.100264423350524,0.0,0.0,0.0,2556.416923108604,0.0,23.408769403170986,27.98908081087299,0.0,0.0,2569.0699835783325,0.0,1.0,1.0,0.0,98.7845890460408
2024-06-16 05:30:00+00:00,0.0,24.198380123919275,23.9972198674938,28.084233531130515,0.0,0.0,0.0,2556.416923108604,0.0,24.294725475142812,27.98252092894855,0.050496310785395404,0.9258273178689354,2569.1471358548215,0.0,1.0,1.0,0.0,97.6613124733187
2024-06-16 05:35:00+00:00,0.0,23.50240083322851,22.671161913383102,28.195622399275813,0.0,0.0,0.0,2556.416923108604,5.781331348434578,22.599550541773848,28.34722306318571,0.030703292288116663,2.9850750050424706,2569.3958921052417,0.0,1.0,1.0,0.0,96.5359364574659
2024-06-16 05:40:00+00:00,0.0,23.645789401890326,23.156898443816416,28.15482053071942,0.0,0.0,0.0,2556.416923108604,0.0,24.366128624518595,28.41278735969302,0.0,1.8280803713873117,2569.5482321361906,0.0,1.0,1.0,0.0,95.40857761220283
2024-06-16 05:45:00+00:00,0.0,23.825781375124908,23.003140434544616,28.167736203498247,0.0,0.0,0.0,2556.416923108604,13.681094156043741,23.64886920391236,28.18104230486619,0.0,1.270765484662535,2569.654129259912,0.0,1.0,1.0,0.0,94.27934751435912
2024-06-16 05:50:00+00:00,0.0,22.838257868486025,22.235512224260805,28.23221697316209,0.0,0.0,0.0,2556.416923108604,21.45455183457316,21.96220793685417,28.365670813321533,0.0,0.0,2569.654129259912,0.0,1.0,1.0,0.0,93.14835426593257
2024-06-16 05:55:00+00:00,0.0,23.702285254475477,23.006645548046688,28.16744177396408,0.0,0.0,0.0,2556.416923108604,0.0,22.974254062591427,27.88374647148185,0.0,0.0,2569.654129259912,0.0,1.0,1.0,0.0,92.01570161716559
2024-06-16 06:00:00+00:00,0.0,23.84747746754764,23.572701716373786,28.1198930558246,0.0,0.0,0.0,2556.416923108604,18.10349365983631,22.580942593335493,28.099589441547693,0.05357534034452092,0.0,2569.654129259912,0.0,1.0,1.0,0.0,90.88149049867155
2024-06-16 06:05:00+00:00,0.32965413756266315,24.535483712998392,23.914797666249058,28.587651292517403,0.004444855998082419,0.1270679933186346,7.474587842272625,2556.4275121080473,3.4600223068539573,24.387974023870168,28.677036036939374,0.013540314873050317,0.0,2569.654129259912,0.32965413756266315,1.0,1.0,0.0,89.74581826286446
2024-06-16 06:10:00+00:00,2.3845198538009242,25.305835341030022,24.698173027942715,30.144952837644368,0.03040717702468204,0.9166229173349435,22.61209737943794,2556.5038973511587,19.676876797577577,25.66088914746752,29.97634280967455,0.08616742518400218,1.3249369747484812,2569.7645406744746,2.3845198538009242,1.0,1.0,0.0,88.60877943060396
2024-06-16 06:15:00+00:00,7.509932530501728,23.40315439626958,23.282001610906182,31.88264676202097,0.09099478067933138,2.9011544495866928,22.724058225584827,2556.7456602219577,10.55212770497224,23.424873251649135,32.011555552396445,0.05241771631782784,6.372239277513037,2570.2955606142673,7.509932530501728,1.0,1.0,0.0,87.470466430234
2024-06-16 06:20:00+00:00,16.071178613011966,24.494044875754824,24.356384114757407,32.99192054123881,0.18747724815133235,6.185234474298868,22.63911880880977,2557.2610964281494,3.2208323235695673,24.76580017288378,33.04834636133301,0.17426459129732824,0.2729946278531843,2570.318310166588,16.071178613011966,1.0,1.0,0.0,86.33096880047731
2024-06-16 06:25:00+00:00,27.683393453306792,26.259482028789076,26.48304113456121,33.67916619530341,0.31399958904101455,10.5752443445693,22.470987806773515,2558.142366790197,3.392825822666204,26.177268969901842,33.73634287342125,0.2926204037478768,9.862996964822782,2571.1402265803235,27.683393453306792,1.0,1.0,0.0,85.19037467669713
2024-06-16 06:30:00+00:00,41.74062329339723,24.19494431226672,25.136726945467906,34.50825922491015,0.46425781552634304,16.02072904537356,22.577425822664186,2559.4774275439777,24.82609499629926,25.434459807286824,34.74526277576876,0.3877014759890718,13.158805813407676,2572.2367937314407,41.74062329339723,1.0,1.0,0.0,84.04876982251055
2024-06-16 06:35:00+00:00,57.67697794200488,24.27824567644007,25.861343345195472,34.98221827310496,0.6312118307054093,22.081190038302804,22.520138502591603,2561.3175267138363,50.049481575731996,25.677842735832062,35.23531956285263,0.6922160606224721,21.798197434723818,2574.0533101843344,57.67697794200488,1.0,1.0,0.0,82.90623910685811
2024-06-16 06:40:00+00:00,75.03686539292966,25.466145045225847,27.607079171729467,35.245174411412506,0.8100749686728256,28.55123355719326,22.382122681952684,2563.6967961769355,91.12560903458896,28.057299663262988,35.00210508355556,0.7564092273054692,27.05919247640414,2576.3082428907014,75.03686539292966,1.0,1.0,0.0,81.76286552687094
2024-06-16 06:45:00+00:00,93.47196559844087,26.272869468060026,28.672242007530937,35.50456750381871,0.9979534190905416,35.43190453376682,22.297912161286966,2566.649454888083,103.18435582081351,28.156859013496963,35.373517376326845,0.9364671345247202,39.9772785589744,2579.6396827706158,93.47196559844087,1.0,1.0,0.0,80.61873167948865
2024-06-16 06:50:00+00:00,112.71970494646038,25.605779659526473,28.54651797190603,35.83676566095244,1.1928276775437445,42.74708595403331,22.307851755632843,2570.211712050919,117.35952779330056,28.36624972297311,35.944435014800135,1.2082503051446063,45.43393226494423,2583.4258437926946,112.71970494646038,1.0,1.0,0.0,79.47391893346396
2024-06-16 06:55:00+00:00,132.58158240968223,27.090328478189054,30.931634386106104,35.85221097837805,1.3905522267349968,49.85437180935649,22.119287257945498,2574.366243035032,154.96713168087538,30.571327367232644,35.791995716766706,1.4427212636670501,50.23561609191446,2587.6121451336876,132.58158240968223,1.0,1.0,0.0,78.32850813491719
2024-06-16 07:00:00+00:00,152.90587980937295,26.78624162174636,31.057904030457742,36.079911991690125,1.5928787533733215,57.47092523514252,22.10930452841557,2579.155486804627,124.90915791738708,31.413861516887856,36.47793981381657,1.6337456981850964,57.688049373611236,2592.4194825814884,152.90587980937295,1.0,1.0,0.0,77.1825803168159
2024-06-16 07:05:00+00:00,173.57491949932242,26.940332928280675,31.72191490359988,36.221170374395705,1.7968676486253894,65.08464924110002,22.05680860997422,2584.5792075747186,155.7236329068325,30.496165735012845,36.44234219424369,1.8230633593436878,60.41396789594047,2597.45397990615,173.57491949932242,1.0,1.0,0.0,76.03621587563306
2024-06-16 07:10:00+00:00,194.49587926285523,26.82259958981927,32.24604813811717,36.35536503776508,2.0022432106020345,72.79228281582371,22.015371253080612,2590.645231142704,177.11465892231567,33.23277147520524,36.191233249594056,2.07894411505816,72.82059414213774,2603.5223627513283,194.49587926285523,1.0,1.0,0.0,74.88949605856031
2024-06-16 07:15:00+00:00,215.59428307102013,28.76693052421706,34.616281840155814,36.26398479176588,2.2060952119756156,80.00180321627124,21.82798336510768,2597.3120480773932,216.67211661265355,35.70326936315899,36.11278074984511,2.1767402172437,79.1436000741328,2610.117662757506,215.59428307102013,1.0,1.0,0.0,73.74250199876275
2024-06-16 07:20:00+00:00,236.8093126608817,26.40565288979851,32.986698702401554,36.60495190885634,2.4147780873733975,88.39283575886331,21.956816290821898,2604.678117723965,211.50141684480192,32.8023195636537,36.35186309178529,2.3312797697695893,89.79029935842912,2617.6001877040417,236.8093126608817,1.0,1.0,0.0,72.59531622020262
2024-06-16 07:25:00+00:00,258.0904730550021,24.779490618414155,32.595140759572104,36.79448310250658,2.6219199111612403,96.47218786734781,21.987772401125593,2612.7174667129107,249.24414969616964,31.737331260772702,36.86876488096114,2.649949660112332,94.9922754800999,2625.5162106607168,258.0904730550021,1.0,1.0,0.0,71.44802169290628
2024-06-16 07:30:00+00:00,279.3951317052822,28.56004482375673,36.3702461371623,36.500631994399185,2.822365457293155,103.01812291036161,21.68931701127375,2621.302310288774,300.2617645579922,37.41222866473734,36.37957743618135,2.8052675764143093,100.79686336549291,2633.915949274508,279.3951317052822,1.0,1.0,0.0,70.3007033633453
2024-06-16 07:35:00+00:00,300.68674921054895,26.671365570227458,35.70057060919604,36.69959618855383,3.0283538959529968,111.13936509750876,21.742260770661204,2630.5639240469,315.9629906442044,35.86830082547988,36.56442433133339,3.060345054972965,113.39050264352784,2643.365157828135,300.68674921054895,1.0,1.0,0.0,69.15344739295992
2024-06-16 07:40:00+00:00,321.93354359577484,27.410634502361766,36.70983953661612,36.698849380548346,3.230506808737742,118.5558827967023,21.662469156634582,2640.443580946625,345.57415027074194,36.57126303891959,36.44578116288857,3.3266857667371794,117.18645005484797,2653.1306953327057,321.93354359577484,1.0,1.0,0.0,68.00634195422046
2024-06-16 07:45:00+00:00,343.1074869150683,28.786325651019382,38.9914379606025,36.544185383866875,3.4287619618268397,125.30131277015111,21.482088669467664,2650.885357010804,334.56625933898096,38.908331529460845,36.72212834626629,3.4830154812222367,125.73055606531493,2663.608241671482,343.1074869150683,1.0,1.0,0.0,66.85947804823716
2024-06-16 07:50:00+00:00,364.1835717589382,26.04878536001839,37.03255932209945,36.86787776296174,3.6334340478450216,133.95700233573353,21.63695531006461,2662.048440538782,348.5914654640531,37.00886461657792,36.71848652816743,3.6511043488184556,135.13858826868767,2674.869790693873,364.1835717589382,1.0,1.0,0.0,65.71294880914482
2024-06-16 07:55:00+00:00,385.13921240728496,26.57383370561737,38.56135830828876,36.78542838365693,3.8296069166832436,140.8737309712087,21.516090260803523,2673.787918119716,389.34008399507275,39.28410599508481,36.60426233450474,3.8025573789462297,144.7683670728015,2686.933821283273,385.13921240728496,1.0,1.0,0.0,64.56685114439941
2024-06-16 08:00:00+00:00,405.9538227776707,26.398722062881145,38.62767015223744,36.86526362312658,4.026852655152546,148.45098470368583,21.51084772443487,2686.15883351169,392.0037515009287,38.61354399293475,36.48796858096878,4.08316010111404,148.53167743346643,2699.311461069395,405.9538227776707,1.0,1.0,0.0,63.42128494750048
2024-06-16 08:05:00+00:00,426.60844782453364,27.380382790251065,40.601742593594146,36.71960056021213,4.217698425495576,154.87220146763318,21.35477987965938,2699.064850300659,425.36257120794147,40.649185344153956,36.80055163410024,4.272227710695892,155.43068855277954,2712.2640184487936,426.60844782453364,1.0,1.0,0.0,62.276354807796984
2024-06-16 08:10:00+00:00,447.0855142519546,28.78859170493968,42.01818921635257,36.63300341141517,4.4073617508296845,161.45489805348456,21.24279727607189,2712.5194251384496,445.14985284811246,42.265170540164874,36.67909049548841,4.44921753801706,163.32083945034367,2725.874088402989,447.0855142519546,1.0,1.0,0.0,61.13216930436421
2024-06-16 08:15:00+00:00,467.3685936445299,29.047412876653915,42.77348326376067,36.6183276764835,4.596202355813714,168.305243932612,21.183084617265038,2726.5448621328337,475.6366353216016,42.93133721318343,36.764574855316084,4.61067334408314,170.73152184041473,2740.1017152230233,467.3685936445299,1.0,1.0,0.0,59.98884280589334
2024-06-16 08:20:00+00:00,487.4422508378437,28.973520121309818,43.905318207316604,36.55574400059887,4.781533844949894,174.79252716618754,21.09360307819803,2741.1109060633494,509.4754934291991,43.36715385899003,36.84284566525343,4.738021820735632,172.9580807493211,2754.5148886188,487.4422508378437,1.0,1.0,0.0,58.84649502309452
2024-06-16 08:25:00+00:00,507.2918986532014,27.45816911492335,42.73554826220607,36.75725121529908,4.970665126119272,182.70798674789236,21.186083713858533,2756.3365716256735,528.5512992061244,42.878751129278534,36.79867796683396,4.986066621451054,183.01493012084396,2769.766132795537,507.2918986532014,1.0,1.0,0.0,57.70525215943286
2024-06-16 08:30:00+00:00,526.9036797600825,26.734106101127768,42.88119397413234,36.80251713198415,5.153677179998279,189.6682927096024,21.174569135221535,2772.142262684807,541.3182541842748,42.274803970932844,36.73364750949912,5.219090476206059,192.50637109978302,2785.808330387186,526.9036797600825,1.0,1.0,0.0,56.5652481306629
2024-06-16 08:35:00+00:00,546.2643958958926,29.271340674909716,45.99922422919056,36.49736900699978,5.324995651930154,194.3483312691642,20.928061331527523,2788.3379569572376,543.3191461929691,46.40561049039223,36.17661254082879,5.292113415993745,191.3895816662057,2801.757462192703,546.2643958958926,1.0,1.0,0.0,55.42662433857908
2024-06-16 08:40:00+00:00,565.3614142261639,28.917409387697106,45.89132990629839,36.56582013702941,5.503078948085584,201.2245950155705,20.93659132976088,2805.106673208535,575.6032657675844,45.53153554126049,36.58735135998667,5.536720230248749,202.4347895115735,2818.627027985334,565.3614142261639,1.0,1.0,0.0,54.289531827396814
2024-06-16 08:45:00+00:00,584.1826287332663,30.02010834784564,47.78545006122106,36.39704820191892,5.67178763837133,206.4363280648492,20.78684441868934,2822.3097005472723,578.6007942113439,47.77018210655634,36.46755466058971,5.774440565051746,199.691924715178,2835.2680217115985,584.1826287332663,1.0,1.0,0.0,53.15413110600774
2024-06-16 08:50:00+00:00,602.7163910941615,30.433470537726095,48.33344574893589,36.38318886079597,5.841758893270445,212.54181709309302,20.743520524319422,2840.0215186383634,589.0360085774006,48.55190027480791,36.43459364548395,5.878072665338438,212.4208038824534,2852.9697553684696,602.7163910941615,1.0,1.0,0.0,52.020594530608626
2024-06-16 08:55:00+00:00,620.9514908687838,30.039728570668064,49.06502077999328,36.34528261464736,6.007979078192114,218.3616975397809,20.685683063040536,2858.2183267666787,597.9914889687418,48.05235340252402,35.9558157508395,6.041000394120539,217.29791162483156,2871.077914670539,620.9514908687838,1.0,1.0,0.0,50.8891063882534
2024-06-16 09:00:00+00:00,638.8771026542751,30.83068544619602,50.0457608210235,36.275670649559586,6.170064955256907,223.8232442032892,20.608146909208493,2876.8702637836195,630.3577213124399,49.54936510994006,36.522762147880094,6.181165771627632,224.87227808424072,2889.817271177559,638.8771026542751,1.0,1.0,0.0,49.75986557320706
2024-06-16 09:05:00+00:00,656.4827760832571,30.467843486363005,50.45857688572534,36.27063902139543,6.330932199034255,229.62695646010064,20.575510156799126,2896.0058434886278,664.347569149792,50.23262694430649,36.39487199540088,6.371126028074042,230.13866850558912,2908.995493553025,656.4827760832571,1.0,1.0,0.0,48.63308616595294
2024-06-16 09:10:00+00:00,673.7584057893476,30.93571110163565,51.29171678011671,36.213982957638315,6.486866017793023,234.91525541683967,20.509643096913123,2915.5821147733645,684.4328899532951,51.23663958898813,36.13600463135976,6.644046078377696,234.75134622584795,2928.5581057385125,673.7584057893476,1.0,1.0,0.0,47.508999740550415
2024-06-16 09:15:00+00:00,690.6942060331338,29.86684245955541,51.06282581242333,36.280670010337815,6.643555258205508,241.03263601839865,20.52773894753547,2935.668167774898,691.5988425298583,51.26058716040394,36.22384018212541,6.609714716401272,242.89484416371664,2948.7993427521556,690.6942060331338,1.0,1.0,0.0,46.38785790589258
2024-06-16 09:20:00+00:00,707.2807114099618,30.55654973277389,52.171461673723094,36.18757298553244,6.791475125496094,245.767001783318,20.440091500618596,2956.148751256841,716.4031924236289,52.48074006695869,35.80352336069352,6.7600711213654545,244.565235354599,2969.1797790317055,707.2807114099618,1.0,1.0,0.0,45.2699336178894
2024-06-16 09:25:00+00:00,723.5087459627869,31.09628040292657,53.2348034340884,36.097902927715815,6.935914143282187,250.3719554591716,20.356024952034424,2977.013080878439,715.2005578738066,53.90660293593061,36.16252728792545,6.954854672256631,248.24176704362256,2989.8665929520075,723.5087459627869,1.0,1.0,0.0,44.15552506686886
2024-06-16 09:30:00+00:00,739.3694304784483,31.881995934338136,54.696304915501095,35.959247520789425,7.074905316798626,254.4082714729109,20.24048036432744,2998.213770167848,765.0135308184754,54.96426270712051,35.89054874143312,7.027733750985776,251.0499765190185,3010.7874243285924,739.3694304784483,1.0,1.0,0.0,43.04495753024562
2024-06-16 09:35:00+00:00,754.8541564529344,30.828232346645326,53.75190435215409,36.103943130954654,7.2206655798250905,260.6944994616468,20.31514356180617,3019.938311789652,757.4684213295805,53.94711347495336,35.87786051127531,7.182363858077431,260.89629430632294,3032.5287821874526,754.8541564529344,1.0,1.0,0.0,41.93858804403988
2024-06-16 09:40:00+00:00,769.9545960342466,31.902113349657707,55.30063222433333,35.951597709589315,7.351742689413016,264.306895634191,20.192702958264476,3041.9638864258345,765.4197994609885,54.989837155390916,36.346444185025334,7.3051789583535705,268.65635698997374,3054.9168119366173,769.9545960342466,1.0,1.0,0.0,40.83680817835556
2024-06-16 09:45:00+00:00,784.662679657368,31.27247072983663,55.14479079540299,35.99994270510959,7.48668345151983,269.52017530600597,20.205023598292847,3064.4239010346682,795.1226127981696,55.32077040898622,36.30891751382767,7.489434475941831,270.85100198718703,3077.487728768883,784.662679657368,1.0,1.0,0.0,39.74004975877223
2024-06-16 09:50:00+00:00,798.9706056956719,31.57644673855214,55.66003675306248,35.96722730806911,7.61475042453226,273.88145941336757,20.164288859052004,3087.247355985782,796.9872745654022,56.14238436884793,36.112002489480304,7.514797023189575,274.2095693799412,3100.3385262172114,798.9706056956719,1.0,1.0,0.0,38.64878902265843
2024-06-16 09:55:00+00:00,812.8708304188509,32.677429193379176,57.2173064436592,35.80920358945558,7.733906803405653,276.94504326502863,20.041172949395413,3110.326109591201,818.3598628910798,57.31212003513908,35.80498227471426,7.700841354768664,272.8400640311024,3123.0751982198035,812.8708304188509,1.0,1.0,0.0,37.563553019688435
2024-06-16 10:00:00+00:00,826.3560597013661,30.006939628945844,55.42430266707582,36.0483689646304,7.8652881845700895,283.5308104905306,20.182925718555893,3133.9536771320786,849.3260475242702,55.8633714151536,35.800113891683594,7.80880631207722,285.6627233158827,3146.880425162794,826.3560597013661,1.0,1.0,0.0,36.48492688080288
2024-06-16 10:05:00+00:00,839.41925965109,30.853713737209414,56.492302521697425,35.94590874613383,7.9788781552889425,286.80802606653697,20.09849090651992,3157.8543459709567,827.5690946464451,57.6311256599439,35.94206897308,7.959003167084378,289.6873547704975,3171.0210380603353,839.41925965109,1.0,1.0,0.0,35.413560657614575
2024-06-16 10:10:00+00:00,852.0536404199046,30.81621146933177,57.098787904768336,35.89710493781591,8.090634258416891,290.43034698787955,20.05054288564655,3182.0568748866135,848.2913176518861,56.18721653872221,35.991077714061106,8.114180340772164,289.29140757315565,3195.128655358098,852.0536404199046,1.0,1.0,0.0,34.35017951362003
2024-06-16 10:15:00+00:00,864.2526689587752,30.110945744308513,56.6130028202416,35.97731816619791,8.203856759596686,295.1527648299234,20.088948482917367,3206.6529386224406,862.0253307427909,56.46755929558984,35.955654090777145,8.227189211405726,292.87376380218404,3219.5348023416136,864.2526689587752,1.0,1.0,0.0,33.29559296698812
2024-06-16 10:20:00+00:00,876.0100546012591,31.910347050653193,58.935598619222255,35.72142685130889,8.298479514697592,296.4335289613553,19.905326791515606,3231.3557327025537,877.2598592241574,59.203948462607066,35.71437399836009,8.303712067496521,293.3497304131739,3243.980613209378,876.0100546012591,1.0,1.0,0.0,32.2507079808899
2024-06-16 10:25:00+00:00,887.3197616124777,33.4799110866364,60.30363605974232,35.578103664572204,8.393622272543036,298.62916333379826,19.7971713609239,3256.2414963137035,916.7131834399946,61.67670275070732,35.61544296748355,8.421421879413634,295.4482925300548,3268.601304253549,887.3197616124777,1.0,1.0,0.0,31.21654156060955
2024-06-16 10:30:00+00:00,898.1759963170642,32.58520736568719,60.0622827130097,35.62579506552877,8.493121309333207,302.5741992329802,19.81625247257147,3281.456012916452,912.5977905341748,59.458677467602705,35.397067765588176,8.478326581389345,303.1303387463328,3293.8621658157435,898.1759963170642,1.0,1.0,0.0,30.194237615606767
2024-06-16 10:35:00+00:00,908.573217830604,33.20517785941433,61.152598198646814,35.51336984447939,8.5811447725374,304.7453679961417,19.7300534130011,3306.851460249464,929.111967174979,61.049367057814095,35.67749998582456,8.577310093356488,306.6130060566063,3319.413249653794,908.573217830604,1.0,1.0,0.0,29.18508398234262
2024-06-16 10:40:00+00:00,918.5061333877696,34.231518374203105,62.136430399606816,35.412564380155494,8.665355589167753,306.86246267834326,19.65227279664285,3332.423332139326,880.3898363095442,62.518797568820666,35.61398336965642,8.627486092947795,307.5367722104179,3345.041314004662,918.5061333877696,1.0,1.0,0.0,28.190533332735072
2024-06-16 10:45:00+00:00,927.9696949098966,34.60245265306825,63.601505619002516,35.25312913113839,8.742398465782903,308.19690203011083,19.536445673415326,3358.1064073085017,936.3651402156205,64.13196570136046,35.16709252077275,8.749997197697608,311.33919609298965,3370.9862470124112,927.9696949098966,1.0,1.0,0.0,27.21222673599307
2024-06-16 10:50:00+00:00,936.9591086179823,33.33558372619915,62.615555870511095,35.38589886092227,8.829054857990364,312.42404224238146,19.61439370059018,3384.1417441620333,942.0583244363776,61.66542755962333,35.247028008072704,8.81222720692085,312.3587635199766,3397.0161439724093,936.9591086179823,1.0,1.0,0.0,26.252018696505253
2024-06-16 10:55:00+00:00,945.4698253843803,34.88569033582755,63.73266271528449,35.266090832527475,8.899267475323109,313.8423751277022,19.526076547685744,3410.2952754226753,954.5834888574308,63.42051782862039,35.690257037020864,8.815885827248588,313.15230621129456,3423.112169490017,945.4698253843803,1.0,1.0,0.0,25.312006945884065
2024-06-16 11:00:00+00:00,953.4975509670511,33.748980907926494,63.0306622636175,35.36312230702986,8.975642370603424,317.40673893580833,19.58157587751165,3436.7458370006593,954.7428385466959,63.063399048548156,35.5913734319969,8.976846032026627,316.7082000774414,3449.5045194964705,953.4975509670511,1.0,1.0,0.0,24.39456266542183
2024-06-16 11:05:00+00:00,961.0382375208954,32.941513472650584,62.41134682011338,35.4494207075727,9.047167971158009,320.7168636216572,19.630538227868684,3463.472242302464,951.9228919875175,61.7831508651052,34.985430305374656,9.159565325386575,320.5087999532656,3476.213586159243,961.0382375208954,1.0,1.0,0.0,23.502364617960808
2024-06-16 11:10:00+00:00,968.0880928800651,33.303818342282256,63.388170270613934,35.34362532870477,9.104854898690462,321.7985802115379,19.55331171507617,3490.2887906534256,979.8629339323633,62.939259958094645,35.323199785868574,9.02654035777512,326.2044894080781,3503.397293609916,968.0880928800651,1.0,1.0,0.0,22.63843197102763
2024-06-16 11:15:00+00:00,974.6435731590112,32.5341819472668,62.4976020361985,35.460735900482995,9.169133941872536,325.1442371488966,19.623718991961717,3517.384143749167,972.6350819395454,63.670134870192996,35.25673892977853,9.172386028914373,326.3445772983084,3530.5926750514413,974.6435731590112,1.0,1.0,0.0,21.80615775298348
2024-06-16 11:20:00+00:00,980.7013902249721,33.240221691218174,62.88626278314822,35.423677907541716,9.22131423159824,326.6528652243666,19.592991930555808,3544.6052158511975,981.5825819604783,62.94632228195428,35.241324711945744,9.131798330738768,328.23971874993697,3557.9459849472696,980.7013902249721,1.0,1.0,0.0,21.009336162253362
2024-06-16 11:25:00+00:00,986.2585092383008,33.88105917666863,63.99558768541655,35.299328953853426,9.26457810618692,327.0333901889605,19.5052900088706,3571.8579983669442,978.1456230400479,64.34800875796856,35.16135710575294,9.342528585288878,330.1532081166378,3585.4587522903225,986.2585092383008,1.0,1.0,0.0,20.252182239209162
2024-06-16 11:30:00+00:00,991.3121473667327,35.15041174170848,65.58648971063319,35.116323893237144,9.300219763892102,326.5895295071205,19.379515166406406,3599.0737924925375,989.1610414290619,65.56200466722696,35.12490682943684,9.393695522881421,325.036214899072,3612.545103531912,991.3121473667327,1.0,1.0,0.0,19.539336515585717
2024-06-16 11:35:00+00:00,995.8597794428391,36.172326665305846,66.9027082504208,34.96538100613932,9.332833557698017,326.32608121179385,19.2754564771432,3626.2676325935204,1004.8218020814733,67.36964788023404,34.939000663621606,9.386679675725954,330.95796763539346,3640.1249341681946,995.8597794428391,1.0,1.0,0.0,18.875845890236263
2024-06-16 11:40:00+00:00,999.8991330983943,33.171034838934894,64.01652596122706,35.317862339897324,9.386987873363925,331.52834549775264,19.503634653418285,3653.8949947183332,1013.2192438102579,63.65622623191496,35.05890106366662,9.46122468668525,329.6153049097599,3667.592876244008,999.8991330983943,1.0,1.0,0.0,18.267113837498144
2024-06-16 11:45:00+00:00,1003.4281941296123,35.044584366680276,66.40171543323066,35.03699497691027,9.403824817462576,329.4817628931804,19.315064379866943,3681.351808292765,1003.8269969913198,66.62548305372212,34.819741030613365,9.39485066379098,331.03841681681223,3695.1794109787425,1003.4281941296123,1.0,1.0,0.0,17.718807134567754
2024-06-16 11:50:00+00:00,1006.4452025731474,33.70658762734555,64.59359010252611,35.25859285180852,9.442186205924491,332.9181990656543,19.458012641306173,3709.094991548236,1008.6505080027703,66.25114817647469,34.846556538605626,9.407444655052037,335.895539748031,3723.170705957745,1006.4452025731474,1.0,1.0,0.0,17.236713316019234
2024-06-16 11:55:00+00:00,1008.9486568131423,35.313992053846775,66.13226680213701,35.07767907445219,9.455010389172585,331.6598200770073,19.336366671642814,3736.7333098879867,1006.8000204829178,65.95360828238711,35.059606186238646,9.386990807321656,332.0784347993889,3750.8439088576943,1008.9486568131423,1.0,1.0,0.0,16.82654175155467
2024-06-16 12:00:00+00:00,1010.9373105772487,34.79711657958778,66.28281236691946,35.06260022217846,9.471886811138697,332.1089806086809,19.324464716403543,3764.4090582720432,1025.3438414635198,67.24415388941385,35.11627987948065,9.468895470507292,333.26327942422347,3778.615848809713,1010.9373105772487,1.0,1.0,0.0,16.493673849674423
2024-06-16 12:05:00+00:00,1012.4101756063687,33.18290821981253,64.48608043058826,35.280536784396304,9.496386581285323,335.0376160998843,19.466512229487613,3792.3288596137004,1006.720203419368,63.96532861311488,35.45276436158898,9.541150580556609,334.25856003273566,3806.470728812441,1012.4101756063687,1.0,1.0,0.0,16.242874580683576
2024-06-16 12:10:00+00:00,1013.3665204125575,36.02438365699426,67.48145357794505,34.9223292379071,9.48603701391223,331.27450776281603,19.229701552425993,3819.9350685939353,1009.8109123709642,68.51376119322369,35.11855680425655,9.508010450143493,330.3379861764331,3833.9988943271437,1013.3665204125575,1.0,1.0,0.0,16.077993662777033
2024-06-16 12:15:00+00:00,1013.8058702315211,34.56998121945278,65.99275246289001,35.101735920312144,9.499432490211651,333.4465706642426,19.34739651116917,3847.7222828159556,1016.3024468086812,65.84374051331065,35.121431722622276,9.487632539988368,333.89369895845437,3861.8233692403483,1013.8058702315211,1.0,1.0,0.0,16.001692891004495
2024-06-16 12:20:00+00:00,1013.7280077470376,34.716562057919646,65.8821918933091,35.11489415221903,9.499433291669792,333.57159454305037,19.35613729972897,3875.519915694543,1008.1019322039632,66.18930060362528,35.03412255407615,9.583772004220103,332.97857031923974,3889.5715834336183,1013.7280077470376,1.0,1.0,0.0,16.01524084551714
2024-06-16 12:25:00+00:00,1013.1329726140483,34.252739421665886,65.91314481585489,35.110283825053806,9.493903559578206,333.3336485844794,19.353690198087705,3903.2977197432497,1018.4344402261802,65.97514205140179,35.53833036893163,9.42956105238112,333.1517634893577,3917.334230391065,1013.1329726140483,1.0,1.0,0.0,16.118410333962984
2024-06-16 12:30:00+00:00,1012.0210613753497,34.73675298340274,65.70884354179316,35.13314112042032,9.485223542998853,333.2456972949119,19.369842016460588,3931.0681945178258,1037.8117399594219,66.40659720875291,34.94782051312944,9.443480660222336,333.83374309595445,3945.1537089823946,1012.0210613753497,1.0,1.0,0.0,16.309497013594893
2024-06-16 12:35:00+00:00,1010.3928281037022,35.8839533949573,66.77026550571458,35.00326056475961,9.463923027996591,331.2681637137934,19.28592724472468,3958.6738748273087,1011.1458990530122,66.87137844698853,34.731900820702116,9.510721975416363,332.579872324862,3972.8686983427997,1010.3928281037022,1.0,1.0,0.0,16.585455684594976
2024-06-16 12:40:00+00:00,1008.2490832021498,35.32829662535086,66.39885612242728,35.04462191483586,9.447058855981902,331.06860581508755,19.31529043361516,3986.2629253118994,1031.4487320009737,65.8910846669605,34.95228768706168,9.351611510827926,331.4038763607641,4000.48568803953,1008.2490832021498,1.0,1.0,0.0,16.94213017756428
2024-06-16 12:45:00+00:00,1005.5908951098465,35.90410303824332,67.32881851042603,34.92898755740266,9.417361595738566,328.938906001114,19.241768701293378,4013.6745008119924,1020.653653048058,66.30533949804689,34.96789992413221,9.3529135806032,326.68375839502414,4027.709334572449,1005.5908951098465,1.0,1.0,0.0,17.374538014056398
2024-06-16 12:50:00+00:00,1002.4195883634644,35.991657459914656,67.06637425277351,34.95569927135481,9.39060367865931,328.25511816769307,19.262517235545435,4041.0290939926335,1006.1730481483215,67.6535398540324,35.225709894887494,9.383702207960203,328.0146872798046,4055.0438918457658,1002.4195883634644,1.0,1.0,0.0,17.877169976707762
2024-06-16 12:55:00+00:00,998.7367439813428,37.0010604906156,67.40335825650689,34.909682653351354,9.355478608586424,326.59678929596913,19.235875676662044,4068.245493100631,1010.2817012581274,66.5914660720436,34.81508570863354,9.385552949808552,325.20428851195487,4082.144249221762,998.7367439813428,1.0,1.0,0.0,18.44426895107938
2024-06-16 13:00:00+00:00,994.5442009867662,35.38462045944817,66.46412674028461,35.015992868182245,9.32377464408142,326.4812264416934,19.310130215356324,4095.4522619707723,1017.4881496723434,65.94839574604677,34.69186813128571,9.354158342288617,327.0749091421148,4109.400491650272,994.5442009867662,1.0,1.0,0.0,19.070065250920834
2024-06-16 13:05:00+00:00,989.8440524343904,34.293878741660365,64.81338623328345,35.20679671855027,9.291795677735495,327.13436157633765,19.440635817792177,4122.713458768801,978.0949690974822,64.44922372909797,35.35344027461574,9.351132835567984,328.52407241144357,4136.7774976845585,989.8440524343904,1.0,1.0,0.0,19.74895880862279
2024-06-16 13:10:00+00:00,984.6386494704515,36.87759047353145,67.44254846409987,34.88345287548002,9.228865950504765,321.9347104785551,19.232777344955867,4149.5413513086805,996.4407220169265,67.03712371185485,34.79310640513939,9.255214072803533,322.9142107785105,4163.687015249435,984.6386494704515,1.0,1.0,0.0,20.475645724942524
2024-06-16 13:15:00+00:00,978.9305957807595,35.51479407112859,65.40523261388113,35.11890127598119,9.190175964400563,322.7488824026786,19.39384513923198,4176.437091508904,998.8640298550876,65.31669273306117,34.90509681002626,9.142648938993265,323.077821542455,4190.61016704464,978.9305957807595,1.0,1.0,0.0,21.245197892942684
2024-06-16 13:20:00+00:00,972.7227525994301,36.99305446867504,67.05941897544311,34.910936683051304,9.124349918906887,318.5396022929626,19.2630671115885,4202.982058366651,962.6753020204783,67.18750839890885,34.7283872074609,9.10398608384537,319.39932332348985,4217.226777321597,972.7227525994301,1.0,1.0,0.0,22.053102056766363
2024-06-16 13:25:00+00:00,966.0182319614843,36.290269196924555,65.87735044053703,35.04208553799509,9.07134284269587,317.87877183822826,19.35652005928931,4229.471956019836,987.5203869414845,65.51278029025009,35.068276218579776,9.048041869065244,316.5944608789034,4243.6096490615055,966.0182319614843,1.0,1.0,0.0,22.895271270933605
2024-06-16 13:30:00+00:00,958.8204027003173,35.80042136078713,65.12219384037978,35.12115354550464,9.011189900713562,316.4833841306617,19.416221851678213,4255.845571364058,970.0039015733029,65.79882191917115,34.7676248153594,9.051598627605951,319.68220982841893,4270.249833213874,958.8204027003173,1.0,1.0,0.0,23.76803442181206
2024-06-16 13:35:00+00:00,951.1328836354959,36.30122659982486,65.0650727535016,35.11570678430337,8.942406924897561,314.01893952062676,19.42073777760552,4282.01381632411,940.0828247969307,65.20857663334424,35.41060039242325,8.977258886321856,316.32831182669435,4296.610525866098,951.1328836354959,1.0,1.0,0.0,24.668114480736733
2024-06-16 13:40:00+00:00,942.9595452820248,37.920570144860264,66.93879142084239,34.87825869395961,8.857834894300442,308.9458569117932,19.27260378414046,4307.759304400092,951.0994812140391,67.39144059541042,34.84433960085607,8.835333804082643,307.47910983303933,4322.233785018851,942.9595452820248,1.0,1.0,0.0,25.592598335029663
2024-06-16 13:45:00+00:00,934.3045127469511,38.059851914962586,66.66285684589916,34.89728709165804,8.781675876066975,306.4566641929969,19.294418847006558,4333.297359749508,914.0291505905475,66.4994296250776,34.90609901572988,8.697575602564521,306.1682308477059,4347.747804256161,934.3045127469511,1.0,1.0,0.0,26.538903237513637
2024-06-16 13:50:00+00:00,925.1721572284976,36.06176690778764,64.84466069096005,35.0998219163189,8.710072880235941,305.7220069744404,19.438163295961743,4358.774193664045,907.7927255830036,64.87425130982388,35.30910649544838,8.718959353628234,306.6252951947941,4373.29991218906,925.1721572284976,1.0,1.0,0.0,27.504743912876123
2024-06-16 13:55:00+00:00,915.5671046716271,36.15828680995635,63.97215544012126,35.18817914443735,8.628513141811688,303.6216661842016,19.5071425346163,4384.075999179395,893.8202182281445,63.75668559426705,35.03804633192906,8.552909091071148,304.48661557780935,4398.673796820544,915.5671046716271,1.0,1.0,0.0,28.48809888655404
2024-06-16 14:00:00+00:00,905.4942254013912,37.07624015746639,65.0630619132777,35.040884085193944,8.531567494563813,298.95366764201907,19.420896752267925,4408.988804816229,910.4077743361212,64.31805261136986,35.05260015433006,8.477489920219924,298.98275786727515,4423.589026642817,905.4942254013912,1.0,1.0,0.0,29.48718097652369
2024-06-16 14:05:00+00:00,894.9586439310646,35.15243518387193,62.760081347739636,35.29804650278315,8.449344962937381,298.2453714198203,19.602967686390464,4433.842585767881,890.1748168244327,62.13385633981999,35.28030298619577,8.456627711043506,296.0085215442142,4448.2564034381685,894.9586439310646,1.0,1.0,0.0,30.500408317686905
2024-06-16 14:10:00+00:00,883.9657277671112,36.325456145273115,63.45494708670764,35.19609483458233,8.34627941924979,293.75644195583834,19.548032418556758,4458.322289264201,873.3213773040204,63.03982520978653,35.29149267111803,8.358255734348374,295.83150353093134,4472.9090287324125,883.9657277671112,1.0,1.0,0.0,31.526380312817167
2024-06-16 14:15:00+00:00,872.5210984469709,35.95700853795498,63.11401395075778,35.216764144380804,8.244738287741011,290.35300371152124,19.574986191187147,4482.518372906828,865.2963626278272,63.29797728695806,35.70523444697212,8.206187413412641,291.3377788334683,4497.187176968535,872.5210984469709,1.0,1.0,0.0,32.5638542030616
2024-06-16 14:20:00+00:00,860.6306212707968,36.283465796191514,62.62098020367168,35.254459349544305,8.139862140976506,286.9664389599509,19.613964859192077,4506.432242820157,860.038853039565,62.65413866579996,35.034107490869985,8.139882904415094,286.3891881147597,4521.052942644765,860.6306212707968,1.0,1.0,0.0,33.611726313874236
2024-06-16 14:25:00+00:00,848.3004095523081,35.119081899829155,60.88660313010753,35.438889408375076,8.03728560812093,284.83247580972227,19.75108267018444,4530.168282470967,843.8990426769753,60.70470311959135,35.424415908390166,8.053497151393492,284.08008144523933,4544.726282765201,848.3004095523081,1.0,1.0,0.0,34.66901435568549
2024-06-16 14:30:00+00:00,835.5368301850746,34.34199139768151,59.879283885090764,35.5353559456858,7.926698420557253,281.67804984860743,19.830720144614,4553.641453291684,828.6017706693891,60.30381731121191,35.95789308257936,8.01341840373572,279.68056154188554,4568.032996227025,835.5368301850746,1.0,1.0,0.0,35.73484188227518
2024-06-16 14:35:00+00:00,822.3464925473377,33.833908647750796,59.42946093089978,35.56415963914851,7.809222991490871,277.7284531270902,19.866282618168864,4576.785491052275,825.348385519088,59.13902654120318,35.3834819027653,7.845495681185149,274.49905148882954,4590.907917184428,822.3464925473377,1.0,1.0,0.0,36.80842611784701
2024-06-16 14:40:00+00:00,808.7362631653637,34.76107791110806,59.565038458608086,35.522078532228214,7.684926115885021,272.98454900283923,19.85556401833121,4599.534203469178,794.9067947394925,59.093094020574036,35.84446023351134,7.6472743692470875,273.14730326561136,4613.670192456562,808.7362631653637,1.0,1.0,0.0,37.88906535550106
2024-06-16 14:45:00+00:00,794.7132529513359,35.38760695828651,59.53688888727089,35.498225698171964,7.557595314194688,268.2812241987299,19.85778949032399,4621.890972152405,787.0872972287935,59.68813115655948,35.51367708049093,7.533912373596274,271.411314454158,4636.287801994409,794.7132529513359,1.0,1.0,0.0,38.97613014575125
2024-06-16 14:50:00+00:00,780.284833681302,35.51717647031071,59.87057471434287,35.43012328025536,7.42476971186385,263.06050621884225,19.831408681407243,4643.812681003975,798.3480963994543,60.419908160592634,35.63576680862238,7.439353392026174,264.99568600555693,4658.370775828205,780.284833681302,1.0,1.0,0.0,40.069053475822315
2024-06-16 14:55:00+00:00,765.4586254186752,37.70796772093561,61.39724126872364,35.219250466895694,7.282707218036583,256.49148958909956,19.710712219696205,4665.186971803067,771.2574065628521,61.56520256163021,35.331191422802554,7.32289121915464,256.95186444085766,4679.783431198277,765.4586254186752,1.0,1.0,0.0,41.16732440260168
2024-06-16 15:00:00+00:00,750.2425151374007,36.833399980219845,59.55934267724324,35.406023347763565,7.152626027007165,253.24604411003702,19.856014320105007,4686.290808812237,723.4729355325888,59.272640990492185,35.469425430711105,7.150914311784429,255.1823129851803,4701.048623947042,750.2425151374007,1.0,1.0,0.0,42.270480324698134
2024-06-16 15:05:00+00:00,734.6446469653008,34.718307718745805,57.108429077862134,35.66353466216877,7.021202217750619,250.40088866284546,20.049780665844313,4707.15754953414,758.6062798350282,57.05595104440852,35.485047127575804,7.014919567999307,250.42261954399072,4721.917175575708,734.6446469653008,1.0,1.0,0.0,43.37810229575608
2024-06-16 15:10:00+00:00,718.6734328123497,35.977444058436774,57.83299593829101,35.54337988821763,6.872089925433884,244.2573028456897,19.992497262290403,4727.512324771281,706.3029039998476,58.88229977419056,35.51354205602667,6.942854382053047,241.33289773172712,4742.028250386686,718.6734328123497,1.0,1.0,0.0,44.489809606215424
2024-06-16 15:15:00+00:00,702.3375651936005,35.16836279961052,56.15153801000471,35.70611004331328,6.729727471901235,240.292389673214,20.125431347914922,4747.536690577382,727.8530811941384,55.434633003135254,35.842861089051375,6.730591785366362,236.2986861743539,4761.719807567882,702.3375651936005,1.0,1.0,0.0,45.6052549752827
2024-06-16 15:20:00+00:00,685.6460096065479,35.23317712824717,56.04247673382524,35.68116427337058,6.577200449137732,234.68216968457014,20.134053604102288,4767.0935380510955,687.6752159807713,56.15336185356775,35.603894312506384,6.477083147739224,236.83026680796604,4781.4556631352125,685.6460096065479,1.0,1.0,0.0,46.724121785189446
2024-06-16 15:25:00+00:00,668.6080312009191,35.64138860367777,55.87091757609819,35.661813604014874,6.421563304798091,229.00459362209125,20.147616869277883,4786.17725418627,683.7630051384523,54.74691638502411,35.444480334673266,6.558282055222901,226.86170980905501,4800.360805619301,668.6080312009191,1.0,1.0,0.0,47.846119542791456
2024-06-16 15:30:00+00:00,651.233187989764,36.01020737706569,55.18355811994123,35.701327191944934,6.2646175656775105,223.65516144465838,20.201958699223468,4804.815184306658,624.9512281089189,54.826115558788004,35.50485894605233,6.247066095589477,225.24845424596742,4819.131510139798,651.233187989764,1.0,1.0,0.0,48.97098214411215
2024-06-16 15:35:00+00:00,633.5313625908168,34.98323334907156,54.33453956955721,35.7577279708319,6.104936977675079,218.29867572677816,20.26908110697148,4823.006740617223,622.2653691189445,54.27508376058032,36.04040775841604,6.080635318039133,218.10618031568612,4837.307025166105,633.5313625908168,1.0,1.0,0.0,50.098464086578524
2024-06-16 15:40:00+00:00,615.512759881024,36.31431382902756,55.24855826621418,35.6047206887705,5.935555780621288,211.3338057016381,20.196819864129896,4840.617891092359,606.149467459372,55.42355262187285,35.923837207879274,5.95279089560545,212.23325891416553,4854.993130075619,615.512759881024,1.0,1.0,0.0,51.228339396569076
2024-06-16 15:45:00+00:00,597.1879456795673,34.0330437061191,52.0882179090438,35.92782898943049,5.777655240961041,207.57860945713506,20.446672654720306,4857.9161085471205,589.0120514641841,52.138902121797706,35.783945233060614,5.782630983375779,207.4557028781313,4872.281105315463,597.1879456795673,1.0,1.0,0.0,52.36039840506151
2024-06-16 15:50:00+00:00,578.5678537487524,35.10242572778804,52.57292340008933,35.82058252969904,5.603747033231429,200.72948307942255,20.408352408839995,4874.6435654704055,567.0138418433884,52.926206574447065,35.816144034168296,5.6446675534589295,203.92718923865567,4889.275037752018,578.5678537487524,1.0,1.0,0.0,53.494447022894754
2024-06-16 15:55:00+00:00,559.6638216775501,37.61148777225589,54.732661047665886,35.515102960389385,5.421534372233418,192.54635143315986,20.23760609129042,4890.6890947565025,550.368096967718,53.599068285453534,35.763351923246695,5.425536899483617,192.8738325523061,4905.347857131376,559.6638216775501,1.0,1.0,0.0,54.63030470268185
2024-06-16 16:00:00+00:00,540.487633575063,35.15128297290078,51.79962077701021,35.80262168200706,5.2532352592908165,188.07959459496934,20.46948880445284,4906.362394306083,538.8507192630988,51.777573506910244,35.861069003925834,5.285912722740923,187.52580459053195,4920.975007513921,540.487633575063,1.0,1.0,0.0,55.76780257036001
2024-06-16 16:05:00+00:00,521.05154461506,36.27250947198974,51.47790913568785,35.78174897840908,5.073577915726096,181.5414914029111,20.494922948331503,4921.490851922992,512.0014810547459,51.989037972588164,35.794950151332465,5.034355365980054,183.32763687109573,4936.252310586512,521.05154461506,1.0,1.0,0.0,56.906783234120574
2024-06-16 16:10:00+00:00,501.3683531956494,34.83865174467629,49.92470191444333,35.901101862209856,4.894841679954891,175.73020975145096,20.61771768394048,4936.135036068947,499.27398909791634,49.79902254552102,36.02452358374741,4.7777056750713145,178.0129590099462,4951.086723837341,501.3683531956494,1.0,1.0,0.0,58.04709843895814
2024-06-16 16:15:00+00:00,481.4514430913451,35.23253399375015,49.960962935705204,35.83187792570769,4.708819497295066,168.72584540126903,20.61485093025954,4950.195523185719,486.57062055291016,49.38338582568344,35.610122765102446,4.72709347591192,169.3656420952928,4965.200527345282,481.4514430913451,1.0,1.0,0.0,59.1886092800175
2024-06-16 16:20:00+00:00,461.3148817761053,34.49643315991924,48.18354063985263,35.96950682973609,4.5252483785402875,162.77095245815704,20.755371845884593,4963.759769223899,434.7567539104493,47.274349236435455,35.832522538788446,4.472352494365433,161.67188723524936,4978.673184614887,461.3148817761053,1.0,1.0,0.0,60.33118407248136
2024-06-16 16:25:00+00:00,440.9734941002865,34.28114925297565,47.58885723149994,35.965616046225676,4.335978013038582,155.94612040182213,20.802386816521416,4976.755279257384,437.5022327706371,46.85676730398242,36.11862193337059,4.256771649482981,152.0012604170076,4991.339956316304,440.9734941002865,1.0,1.0,0.0,61.47469875886041
2024-06-16 16:30:00+00:00,420.443001422067,33.56734432560446,46.269408481623515,36.04098337843868,4.14614916582596,149.43129317006085,20.906700882394,4989.207887021556,405.91113768464004,46.301428116395776,36.08124118390613,4.1531978059420895,150.29262196289514,5003.864341479878,420.443001422067,1.0,1.0,0.0,62.61903494432002
2024-06-16 16:35:00+00:00,399.7401487206692,34.66937722370061,46.52068865324289,35.930119764998466,3.9503962609915595,141.93821077662886,20.886834967649502,5001.036071252942,398.3173503289999,46.0390292548295,36.022575998743754,3.9561495503521935,140.8754842826178,5015.603965170096,399.7401487206692,1.0,1.0,0.0,63.76408029985117
2024-06-16 16:40:00+00:00,378.8828954535299,33.27681835576605,44.93987940574679,36.02499072283282,3.756760832810283,135.33727414989212,21.011811886980954,5012.314177432099,388.07830392263594,44.564015141621724,36.0432856749781,3.7803939509773636,134.5488406265276,5026.81636855564,378.8828954535299,1.0,1.0,0.0,64.90972749314835
2024-06-16 16:45:00+00:00,357.89065412888755,34.680303696145245,45.27622983669369,35.8935967077808,3.55709803892175,127.67704245909528,20.985220417616684,5022.953930970357,336.9196779209077,45.651584789624295,35.63544107819098,3.609499302993962,128.5725711801763,5037.530749487321,357.89065412888755,1.0,1.0,0.0,66.0558731709596
2024-06-16 16:50:00+00:00,336.78456233951795,34.983505698926905,44.5297845701039,35.880074243324316,3.3580014263571054,120.4853404868819,21.044233502222372,5032.99437601093,331.0042210508499,43.61637429377837,35.96484377068864,3.3480876417023766,121.3594827196929,5047.644039713962,336.78456233951795,1.0,1.0,0.0,67.20241852519902
2024-06-16 16:55:00+00:00,315.587877812424,34.14544310371528,43.391019869804204,35.90392461121721,3.158016658284398,113.38519202001112,21.134262899704893,5042.4431420125975,329.4219835289853,43.79496570350943,36.16367929844987,3.0767275341564564,117.19875957343878,5057.410603011749,315.587877812424,1.0,1.0,0.0,68.34926759485678
2024-06-16 17:00:00+00:00,294.3264355469481,33.37060551593669,42.16235965272469,35.92946055314477,2.9566921918527185,106.2323554749634,21.231399330984587,5051.295838302178,310.0688427672587,42.30552314543693,36.03277977969217,2.994902674733063,106.13669853135853,5066.255327889362,294.3264355469481,1.0,1.0,0.0,69.49632806356331
2024-06-16 17:05:00+00:00,273.0292938343455,33.98607002556685,42.14501177799721,35.80811612007419,2.7522213937660425,98.55186325612688,21.23277083355128,5059.508493573521,265.14988609134525,41.96327949907384,35.95476570351988,2.7821526456567676,96.24524958605566,5074.275765354867,273.0292938343455,1.0,1.0,0.0,70.64350962871728
2024-06-16 17:10:00+00:00,251.7295288789656,33.09604860537887,40.56518137618282,35.85304994149922,2.5492407825108856,91.39805708826934,21.357670366494723,5067.124998330877,265.16800219944076,39.5982529005109,35.665464691893966,2.4952014827358533,93.18269112491186,5082.040989615276,251.7295288789656,1.0,1.0,0.0,71.79072485705198
2024-06-16 17:15:00+00:00,230.46534011578945,34.2103136462657,40.97584619439606,35.66137410716025,2.342877905100952,83.55024546120494,21.32520368910187,5074.087518785977,234.93988989009574,40.766007657795065,35.611506152352234,2.4365069034131155,86.76985577413176,5089.271810929787,230.46534011578945,1.0,1.0,0.0,72.93788760706235
2024-06-16 17:20:00+00:00,209.2814788326321,31.310894793277193,37.445392639986515,35.89759907288724,2.1411882872348142,76.86351867471748,21.60431719363871,5080.492812008871,210.15547740160056,37.669756317920466,35.806833817824185,2.0999148764361046,77.27247944845703,5095.711184217158,209.2814788326321,1.0,1.0,0.0,74.08491377580151
2024-06-16 17:25:00+00:00,188.23121590633394,32.67178040935383,37.82492804615813,35.67898297356756,1.9349290684637486,69.03630128877901,21.574311570939024,5086.245837116269,180.74472414973977,36.86775482008679,35.57797554181026,1.9848357337199334,65.48863516172533,5101.168570480635,188.23121590633394,1.0,1.0,0.0,75.23172052698482
2024-06-16 17:30:00+00:00,167.37902818599477,30.879279436945772,36.043176343560354,35.681256049383784,1.7317019991284506,61.78930243213202,21.71517476436793,5091.3949456522805,171.505412474664,35.91735776687669,35.55746647241108,1.7662328250390467,59.80574108889757,5106.152382238043,167.37902818599477,1.0,1.0,0.0,76.37822553445591
2024-06-16 17:35:00+00:00,146.80427687210653,31.23541635668145,35.10754999633175,35.56533367040591,1.528976873807045,54.378572691281676,21.78914428264295,5095.926493376554,157.03071688382292,35.011747970378586,35.683964855227934,1.4781717994758388,55.10446647676205,5110.744421111107,146.80427687210653,1.0,1.0,0.0,77.52434777630347
2024-06-16 17:40:00+00:00,126.60638209755874,33.95247372062228,37.50384479245663,35.05601567484364,1.326140703252571,46.489209280270295,21.599696035231663,5099.8005941499105,116.70375008273813,36.14271667175767,35.166721926591904,1.3015419670530752,50.6278110244369,5114.9634053631435,126.60638209755874,1.0,1.0,0.0,78.67000603322057
2024-06-16 17:45:00+00:00,106.91202222792982,33.339746846128506,36.08651059432747,34.9293992525084,1.1297416891508953,39.46119851255486,21.71174880948376,5103.08902735929,113.97989398810559,35.49679223552724,35.098622366902084,1.1597774519956665,41.22410793654392,5118.398747691189,106.91202222792982,1.0,1.0,0.0,79.81511985531542
2024-06-16 17:50:00+00:00,87.88527752127042,31.578916633489804,34.10707853357972,34.816250028881186,0.9384192249872816,32.6722383690661,21.86824037946288,5105.811713890046,70.6528056491953,34.31031793710335,35.17693772123291,0.9903419533294274,34.63399056906565,5121.284913571944,87.88527752127042,1.0,1.0,0.0,80.9596080768998
2024-06-16 17:55:00+00:00,69.74162840470473,30.647682609243276,31.994950730177937,34.65481579919065,0.753867211434551,26.125129349313877,22.03522271874358,5107.988808002489,52.10331375575903,31.772409143046858,34.689970345189096,0.718471325946146,26.73314191185086,5123.512675397932,69.74162840470473,1.0,1.0,0.0,82.1033897941625
2024-06-16 18:00:00+00:00,52.766665946920284,29.03547116215835,29.87302073295664,34.41053798663079,0.5787998113403875,19.91681289478314,22.202980007935665,5109.648542410388,61.018218691143176,30.61650711367859,34.50439199398827,0.5460677725492304,15.727102586907241,5124.823267280174,52.766665946920284,1.0,1.0,0.0,83.24638288977708
2024-06-16 18:05:00+00:00,37.33852123829149,31.304414643422472,31.731345800681563,33.64029049503135,0.4161733744858774,14.000193214002383,22.056063014346115,5110.815225178221,34.078623348247106,32.402697045832845,33.67664112460745,0.3519326864585467,14.430952834921213,5126.025846683085,37.33852123829149,1.0,1.0,0.0,84.38850486124431
2024-06-16 18:10:00+00:00,23.94687120830981,34.11440391812767,34.74143233733574,32.60569196337433,0.27240871012357437,8.882074490429398,21.818089114036514,5111.555398052424,11.856909004047672,34.03612373814473,32.283235591591314,0.3363864249497648,8.227872569723683,5126.711502730562,23.94687120830981,1.0,1.0,0.0,85.52967211489417
2024-06-16 18:15:00+00:00,13.182382820016379,31.97319379321566,31.67786298857466,31.95310849519653,0.15471804525544736,4.943722486212036,22.060291302550333,5111.967374926275,18.415931369030826,30.787347864213935,31.741506381964317,0.1989845058477836,1.2461606691345843,5126.81534945299,13.182382820016379,1.0,1.0,0.0,86.66979926065748
2024-06-16 18:20:00+00:00,5.624875565901171,30.821373807876103,30.39593739740159,30.777812365279058,0.06885349120478232,2.119159832995182,22.161638831640722,5112.143971579025,16.25336515973724,30.791727334936738,30.87195350139452,0.06271588825960013,3.051131868592342,5127.069610442039,5.624875565901171,1.0,1.0,0.0,87.80879993400698
2024-06-16 18:25:00+00:00,1.4994161094287546,31.687053728370206,31.635228293572997,29.002092444567648,0.01939185504783917,0.5624043727690874,22.063661951378702,5112.190838610089,2.2750127009537344,31.680568710251013,28.914664151632525,0.0,1.2579459502695605,5127.174439271229,1.4994161094287546,1.0,1.0,0.0,88.94658531948954
2024-06-16 18:30:00+00:00,0.12254886983394872,29.500509105926277,29.010413104051292,27.861501497744058,0.0016653168601976165,0.046398228194614324,2.7293075408596663,5112.1947051291045,22.149455880517625,29.384247236654403,27.85167768987779,0.0,0.0,5127.174439271229,0.12254886983394872,1.0,1.0,0.0,90.08306511400426
2024-06-16 18:35:00+00:00,0.0,30.60218094357198,30.011047321313665,27.579072025009648,0.0,0.0,0.0,5112.1947051291045,0.0,30.27541896367221,27.294557996146636,0.0,0.12364916691555715,5127.184743368472,0.0,1.0,1.0,0.0,91.21814604047854
2024-06-16 18:40:00+00:00,0.0,30.835638619621086,30.196619801165298,27.563483936702113,0.0,0.0,0.0,5112.1947051291045,0.0,30.27618361671104,27.621377099599048,0.02348606281330043,1.9279879385266578,5127.345409030016,0.0,1.0,1.0,0.0,92.35173279304811
2024-06-16 18:45:00+00:00,0.0,30.485415070604244,29.94109972886703,27.58494762277517,0.0,0.0,0.0,5112.1947051291045,13.805256836036927,29.490460681282386,27.525972483587683,0.0,0.0,5127.345409030016,0.0,1.0,1.0,0.0,93.4837265352076
2024-06-16 18:50:00+00:00,0.0,31.19645251772427,30.623644663512426,27.527613848264956,0.0,0.0,0.0,5112.1947051291045,0.0,30.96136850553455,27.565295948764067,0.035003851976903665,0.0,5127.345409030016,0.0,1.0,1.0,0.0,94.61402566901371
2024-06-16 18:55:00+00:00,0.0,30.583277338483988,29.714874490420716,27.60395054280466,0.0,0.0,0.0,5112.1947051291045,10.6935231123266,30.60783709156334,27.642726038225316,0.0,0.0,5127.345409030016,0.0,1.0,1.0,0.0,95.74252506932973
2024-06-16 19:00:00+00:00,0.0,30.738878378928167,29.932369901450496,27.58568092827816,0.0,0.0,0.0,5112.1947051291045,0.0,29.43295773153971,27.260987424247258,0.04856014317856712,1.1379786526539009,5127.440240584403,0.0,1.0,1.0,0.0,96.8691153073082
2024-06-16 19:05:00+00:00,0.0,29.213114856378628,29.213114856378628,27.646098352064197,0.0,0.0,0.0,5112.1947051291045,0.0,30.034004876807657,27.866838514172148,0.027374964032569355,0.0,5127.440240584403,0.0,1.0,1.0,0.0,97.99368336918675
2024-06-16 19:10:00+00:00,0.0,30.629332319915367,30.208691958624787,27.562469875475514,0.0,0.0,0.0,5112.1947051291045,0.0,30.05390277346651,27.309560993807537,0.0,0.811307811428271,5127.5078495686885,0.0,1.0,1.0,0.0,99.11611108912766
2024-06-16 19:15:00+00:00,0.0,31.189659523753015,30.730822280639003,27.518610928426323,0.0,0.0,0.0,5112.1947051291045,0.0,30.84495794287077,27.459095212625606,0.0,0.0,5127.5078495686885,0.0,1.0,1.0,0.0,100.2362759772639
2024-06-16 19:20:00+00:00,0.0,28.419035901684033,28.357060544865774,27.718006914231275,0.0,0.0,0.0,5112.1947051291045,22.803331803971194,28.029209601449818,27.62585327545524,0.0,0.0,5127.5078495686885,0.0,1.0,1.0,0.0,101.35404961235808
2024-06-16 19:25:00+00:00,0.0,28.329291433804773,27.805745669246694,27.764317363783277,0.0,0.0,0.0,5112.1947051291045,0.0,27.303960293506485,27.971144455783353,0.00886163826592419,1.6579110458075237,5127.646008822506,0.0,1.0,1.0,0.0,102.46929841994663
2024-06-16 19:30:00+00:00,0.0,30.37999387408065,29.567804430978022,27.616304427797846,0.0,0.0,0.0,5112.1947051291045,0.0,30.116171614082916,27.638309449926563,0.0,2.4243247145720144,5127.848035882053,0.0,1.0,1.0,0.0,103.58188201814038
2024-06-16 19:35:00+00:00,0.0,28.679591012120657,28.451232977018304,27.710096429930463,0.0,0.0,0.0,5112.1947051291045,2.3541420506715216,27.837124094485738,27.902921443649806,0.0,1.9806098768751133,5128.013086705127,0.0,1.0,1.0,0.0,104.69165378289401
2024-06-16 19:40:00+00:00,0.0,30.101067334047823,29.516967099375353,27.620574763652467,0.0,0.0,0.0,5112.1947051291045,0.0,29.634591514185725,27.66180376075269,0.0,0.0,5128.013086705127,0.0,1.0,1.0,0.0,105.79845988215934
2024-06-16 19:45:00+00:00,0.0,28.08068932194896,27.80964519127307,27.763989803933057,0.0,0.0,0.0,5112.1947051291045,16.959723840752776,27.593071533133084,27.75966234444788,0.0,3.99068192706048,5128.3456435323815,0.0,1.0,1.0,0.0,106.90213828161012
2024-06-16 19:50:00+00:00,0.0,29.8040006751934,29.47197868111332,27.624353790786476,0.0,0.0,0.0,5112.1947051291045,0.0,30.451495341760435,27.463568107730232,0.02238681374670844,0.0,5128.3456435323815,0.0,1.0,1.0,0.0,108.00251919347099
2024-06-16 19:55:00+00:00,0.0,28.306004897081937,27.436656488539427,27.79532085496269,0.0,0.0,0.0,5112.1947051291045,0.0,27.163417837106522,27.701595044939396,0.09335979423753098,1.694078701678015,5128.486816757521,0.0,1.0,1.0,0.0,109.09942326160358
2024-06-16 20:00:00+00:00,0.0,28.258228823322696,27.893868278350652,27.75691506461854,0.0,0.0,0.0,5112.1947051291045,0.0,27.595253073733684,27.764879842122042,0.0,0.0,5128.486816757521,0.0,1.0,1.0,0.0,110.19266206582184
2024-06-16 20:05:00+00:00,0.0,29.390198941393418,28.774645819140762,27.68292975119217,0.0,0.0,0.0,5112.1947051291045,13.115974510329286,29.490844745970747,27.73490537405541,0.020937658425488264,0.0,5128.486816757521,0.0,1.0,1.0,0.0,111.28203621981908
2024-06-16 20:10:00+00:00,0.0,27.289274423633138,27.257078952648385,27.810405367977534,0.0,0.0,0.0,5112.1947051291045,3.9186973056677403,27.047493720388665,27.682366325154046,0.0,0.7400267413229569,5128.548485652632,0.0,1.0,1.0,0.0,112.36733576558575
2024-06-16 20:15:00+00:00,0.0,26.5356528702339,25.57007347988518,27.952113827689647,0.0,0.0,0.0,5112.1947051291045,4.146780358448799,25.166243833908105,28.234261713711703,0.0,0.0,5128.548485652632,0.0,1.0,1.0,0.0,113.44833816890349
2024-06-16 20:20:00+00:00,0.0,26.85418984999038,26.203526738413757,27.898903753973244,0.0,0.0,0.0,5112.1947051291045,3.229027326948936,26.532318457262104,27.959807206185125,0.0,0.9526613298868183,5128.627874096789,0.0,1.0,1.0,0.0,114.5248084417984
2024-06-16 20:25:00+00:00,0.0,27.581398951827424,27.12702391248999,27.821329991350837,0.0,0.0,0.0,5112.1947051291045,0.0,27.38600072598036,27.600069176018028,0.08022216704509384,2.723654030962108,5128.854845266036,0.0,1.0,1.0,0.0,115.59649773867099
2024-06-16 20:30:00+00:00,0.0,25.39003139005907,24.746144762559098,28.021323839945037,0.0,0.0,0.0,5112.1947051291045,7.473808085497243,24.76709863858356,28.319375315855428,0.10950193388575624,2.1673008985719324,5129.035453674251,0.0,1.0,1.0,0.0,116.66314189156097
2024-06-16 20:35:00+00:00,0.0,27.42048381313179,27.27293867036874,27.80907315168902,0.0,0.0,0.0,5112.1947051291045,4.81816156595289,26.90895486591773,27.47267398962047,0.0,2.1463327919420645,5129.214314740246,0.0,1.0,1.0,0.0,117.72446130142653
2024-06-16 20:40:00+00:00,0.0,26.07204326104681,25.276410575608647,27.976781511648873,0.0,0.0,0.0,5112.1947051291045,21.372927211541977,25.30749434061844,28.056356430730027,0.0,3.560652728390548,5129.511035800945,0.0,1.0,1.0,0.0,118.78015859842935
2024-06-16 20:45:00+00:00,0.0,27.58709008460454,27.168086278478647,27.817880752607792,0.0,0.0,0.0,5112.1947051291045,6.382144702617421,27.599686366131788,27.709654298826706,0.039597272087157215,0.0,5129.511035800945,0.0,1.0,1.0,0.0,119.8299184971611
2024-06-16 20:50:00+00:00,0.0,23.874222783594714,23.425240162356822,28.132279826362026,0.0,0.0,0.0,5112.1947051291045,0.0,23.407743514300016,28.44760297490195,0.0,0.0,5129.511035800945,0.0,1.0,1.0,0.0,120.87340528758324
2024-06-16 20:55:00+00:00,0.0,25.311947086286445,24.934860990027815,28.005471676837658,0.0,0.0,0.0,5112.1947051291045,0.0,25.744077474061548,28.173175595326157,0.014104156415969888,2.2524200089500765,5129.698737468358,0.0,1.0,1.0,0.0,121.91026248566516
2024-06-16 21:00:00+00:00,0.0,24.242979487945732,23.88814233863213,28.093396043554897,0.0,0.0,0.0,5112.1947051291045,26.799636762357707,23.445064180465785,27.86091134914828,0.00041002834358238785,1.6874990627757098,5129.839362390256,0.0,1.0,1.0,0.0,122.94011013459766
2024-06-16 21:05:00+00:00,0.0,24.935138421388114,24.26147076848101,28.06203645544759,0.0,0.0,0.0,5112.1947051291045,0.0,22.784860895355244,28.263800464347295,0.0,0.0,5129.839362390256,0.0,1.0,1.0,0.0,123.96254409184507
2024-06-16 21:10:00+00:00,0.0,25.842019505074752,25.278042792548696,27.976644405425912,0.0,0.0,0.0,5112.1947051291045,0.0,25.705266489102115,27.573671085462358,0.029592429776058894,0.0,5129.839362390256,0.0,1.0,1.0,0.0,124.97713380569098
2024-06-16 21:15:00+00:00,0.0,25.249257652124953,24.586320616774195,28.034749068190965,0.0,0.0,0.0,5112.1947051291045,3.6791065669935565,25.249991146727076,28.202420916757507,0.0,0.22967765722031866,5129.858502195024,0.0,1.0,1.0,0.0,125.98341999283348
2024-06-16 21:20:00+00:00,0.0,25.010461284446638,24.51265995681803,28.040936563627284,0.0,0.0,0.0,5112.1947051291045,21.56567690334891,24.484397520281377,28.03250477851947,0.08708084959729794,3.127331762410657,5130.119113175225,0.0,1.0,1.0,0.0,126.98091355039152
2024-06-16 21:25:00+00:00,0.0,24.941310822350324,24.313010869581028,28.05770708695519,0.0,0.0,0.0,5112.1947051291045,1.2225460834010953,24.97005231497178,27.876319081990676,0.05630094236511456,0.0,5130.119113175225,0.0,1.0,1.0,0.0,127.96909231953708
2024-06-16 21:30:00+00:00,0.0,25.141920781699227,24.746632967680487,28.02128283071483,0.0,0.0,0.0,5112.1947051291045,0.0,23.97058783651638,28.218295385265613,0.0038477098828245252,0.0,5130.119113175225,0.0,1.0,1.0,0.0,128.9473998784803
2024-06-16 21:35:00+00:00,0.0,23.769490439187,22.712057478834613,28.192187171777892,0.0,0.0,0.0,5112.1947051291045,32.63539216520738,22.88526822958552,28.34804740238288,0.0,0.0,5130.119113175225,0.0,1.0,1.0,0.0,129.91524209571827
2024-06-16 21:40:00+00:00,0.0,25.325903546973457,25.217886151081082,27.981697563309183,0.0,0.0,0.0,5112.1947051291045,0.0,25.01308756673055,28.021138241071885,0.0,0.0,5130.119113175225,0.0,1.0,1.0,0.0,130.87198568308787
2024-06-16 21:45:00+00:00,0.0,25.12435644863347,24.309122117742724,28.058033742109608,0.0,0.0,0.0,5112.1947051291045,12.36817155435348,24.04064584815936,28.11611233702274,0.05282019781199111,2.84808195688067,5130.356453338298,0.0,1.0,1.0,0.0,131.81695457042943
2024-06-16 21:50:00+00:00,0.0,24.69104903177583,23.849072169095585,28.09667793779597,0.0,0.0,0.0,5112.1947051291045,21.598365501281155,24.624273209693083,28.17821267083787,0.03996909765755159,1.6657256746714213,5130.495263811187,0.0,1.0,1.0,0.0,132.74942814512406
2024-06-16 21:55:00+00:00,0.0,24.70862329139616,24.421662992887562,28.048580308597437,0.0,0.0,0.0,5112.1947051291045,1.5952930620754928,24.578276088278027,27.9786027064678,0.0,0.0,5130.495263811187,0.0,1.0,1.0,0.0,133.6686381477741
2024-06-16 22:00:00+00:00,0.0,24.296418000808664,23.23909959816967,28.147915633753747,0.0,0.0,0.0,5112.1947051291045,9.147467355140027,22.064779126586647,28.26084236001505,0.0025349041003212077,0.7282677507920436,5130.55595279042,0.0,1.0,1.0,0.0,134.57376558243718
2024-06-16 22:05:00+00:00,0.0,25.8848872374469,25.136014666710572,27.98857476799631,0.0,0.0,0.0,5112.1947051291045,22.11064215762534,25.392063264147584,27.617005291451054,0.0,1.1608406659477029,5130.652689512582,0.0,1.0,1.0,0.0,135.46393887554584
2024-06-16 22:10:00+00:00,0.0,23.6145089621729,22.87172421046717,28.178775166320754,0.0,0.0,0.0,5112.1947051291045,0.0,23.86066202861056,27.503114002328466,0.0,0.03321237180685382,5130.655457210232,0.0,1.0,1.0,0.0,136.33823029015264
2024-06-16 22:15:00+00:00,0.0,23.248354917508607,22.741349370752136,28.189726652856812,0.0,0.0,0.0,5112.1947051291045,11.855280902744944,21.80001782951397,28.28325451578631,0.0,0.0,5130.655457210232,0.0,1.0,1.0,0.0,137.19565441914267
2024-06-16 22:20:00+00:00,0.0,22.657860928834253,22.212167468388923,28.234177932655328,0.0,0.0,0.0,5112.1947051291045,17.72562985254277,21.288546305796647,28.312617829359137,0.0,2.944744725169999,5130.900852603996,0.0,1.0,1.0,0.0,138.0351650263337
2024-06-16 22:25:00+00:00,0.0,22.237260142513506,21.78961234927341,28.26967256266103,0.0,0.0,0.0,5112.1947051291045,18.839911711913526,21.394892735276375,28.13675501777621,0.0,0.0,5130.900852603996,0.0,1.0,1.0,0.0,138.85565408793605
2024-06-16 22:30:00+00:00,0.0,21.88543678032916,21.28780413124928,28.311824452975056,0.0,0.0,0.0,5112.1947051291045,0.0,20.476929825098193,28.0963770831943,0.0,2.1740880175364534,5131.082026605457,0.0,1.0,1.0,0.0,139.6559494820048
2024-06-16 22:35:00+00:00,0.0,22.103814909296613,21.25351834053814,28.31470445939479,0.0,0.0,0.0,5112.1947051291045,6.9235022491735885,21.14501050643301,28.579245115900978,0.0,0.0,5131.082026605457,0.0,1.0,1.0,0.0,140.4348149666329
2024-06-16 22:40:00+00:00,0.0,22.78701874085561,22.241690186390258,28.231698024343217,0.0,0.0,0.0,5112.1947051291045,0.0,22.204721605726135,28.129374366637503,0.013916368121478366,0.0,5131.082026605457,0.0,1.0,1.0,0.0,141.19094981707406
2024-06-16 22:45:00+00:00,0.0,23.059528607697164,22.787389513481486,28.185859280867547,0.0,0.0,0.0,5112.1947051291045,0.0,23.591054386950315,28.06536387225511,0.0,1.9523794180124157,5131.244724890292,0.0,1.0,1.0,0.0,141.92298948082046
2024-06-16 22:50:00+00:00,0.0,22.646420397626883,21.940313632030637,28.25701365490942,0.0,0.0,0.0,5112.1947051291045,0.0,23.085052584054313,28.06360613010439,0.034059447181903894,0.0,5131.244724890292,0.0,1.0,1.0,0.0,142.62950839853926
2024-06-16 22:55:00+00:00,0.0,21.702360276312135,20.972072589713438,28.338345902464074,0.0,0.0,0.0,5112.1947051291045,9.494947398944314,20.176860532360518,28.49823685461357,0.010621271307004063,0.34455931408358703,5131.273438166465,0.0,1.0,1.0,0.0,143.3090227329475
2024-06-16 23:00:00+00:00,0.0,23.243330314527586,22.57966543241564,28.203308103677088,0.0,0.0,0.0,5112.1947051291045,3.1162098844639385,23.182562570345354,27.761247854995872,0.0,0.0,5131.273438166465,0.0,1.0,1.0,0.0,143.95999626265103
2024-06-16 23:05:00+00:00,0.0,22.960500975822903,22.274126249191657,28.2289733950679,0.0,0.0,0.0,5112.1947051291045,17.02528005528925,22.540432051092324,28.191289897078875,0.04500729973477499,0.8635347712583964,5131.3453993974035,0.0,1.0,1.0,0.0,144.58084664050875
2024-06-16 23:10:00+00:00,0.0,21.942132998096987,21.50986503063644,28.293171337426536,0.0,0.0,0.0,5112.1947051291045,0.0,21.51630839836466,28.15022472856622,0.0,0.0,5131.3453993974035,0.0,1.0,1.0,0.0,145.16995513772065
2024-06-16 23:15:00+00:00,0.0,21.33236539550347,21.064612687286115,28.330572534267958,0.0,0.0,0.0,5112.1947051291045,0.0,21.55505397233844,28.30182291510563,0.0,1.1080670595162148,5131.437738319029,0.0,1.0,1.0,0.0,145.72567726163754
2024-06-16 23:20:00+00:00,0.0,22.420072375877975,22.13712073353817,28.240481858382793,0.0,0.0,0.0,5112.1947051291045,5.083310264691398,21.667970425979544,28.374207112501526,0.002600242146295971,4.63721831416249,5131.824173178543,0.0,1.0,1.0,0.0,146.24635695988889
2024-06-16 23:25:00+00:00,0.0,21.948897722743048,21.85776353485751,28.263947863071966,0.0,0.0,0.0,5112.1947051291045,25.951295091824473,21.921250830956637,28.166634161889277,0.03666539718213396,0.0,5131.824173178543,0.0,1.0,1.0,0.0,146.73034240241748
2024-06-16 23:30:00+00:00,0.0,20.20504601825507,19.645808865368583,28.449752055309034,0.0,0.0,0.0,5112.1947051291045,0.0,19.314203265977874,28.39456184529536,0.0,2.8192586526763224,5132.059111399599,0.0,1.0,1.0,0.0,147.17600418598533
2024-06-16 23:35:00+00:00,0.0,21.480462909875733,21.001325105682383,28.335888691122676,0.0,0.0,0.0,5112.1947051291045,0.0,20.882183081903136,27.962018364236698,0.005584889739669631,3.051955707267449,5132.313441041871,0.0,1.0,1.0,0.0,147.58175630218784
2024-06-16 23:40:00+00:00,0.0,21.70881945776245,21.318816383894877,28.309219423752825,0.0,0.0,0.0,5112.1947051291045,0.0,22.150226070098924,28.19959584216041,0.013281267719708193,0.0,5132.313441041871,0.0,1.0,1.0,0.0,147.94607799766143
2024-06-16 23:45:00+00:00,0.0,20.448548315091884,20.448548315091884,28.38232194153228,0.0,0.0,0.0,5112.1947051291045,0.0,20.699925326130952,28.17105376683962,0.0,1.4632672018732997,5132.43537997536,0.0,1.0,1.0,0.0,148.26753786345157
2024-06-16 23:50:00+00:00,0.0,21.442711826334357,21.2545411937579,28.31461853972433,0.0,0.0,0.0,5112.1947051291045,12.520254527888648,21.052646645296814,28.36080076301777,0.012712035817022786,0.0,5132.43537997536,0.0,1.0,1.0,0.0,148.5448177611291
2024-06-16 23:55:00+00:00,0.0,19.705882549358638,18.925672386507845,28.51024351953334,0.0,0.0,0.0,5112.1947051291045,17.23247510061945,18.40721438928942,28.463062413912454,0.01089681826542521,0.0,5132.43537997536,0.0,1.0,1.0,0.0,148.77673735044397
2024-06-17 00:00:00+00:00,0.0,22.40798286973666,22.074139369752444,28.245772292940796,0.0,0.0,0.0,5112.1947051291045,11.103330543297776,22.488242843913046,28.157553089808413,0.0,1.4104674379346198,5132.552918928521,0.0,1.0,1.0,0.0,148.962276937103
2024-06-17 00:05:00+00:00,0.0,22.23413593939937,21.64398801998516,28.281905006321242,0.0,0.0,0.0,5112.1947051291045,0.0,21.57388050659231,28.31313205112437,0.0649871339236704,0.514228163441238,5132.595771275474,0.0,1.0,1.0,0.0,149.10059884598172
2024-06-17 00:10:00+00:00,0.0,20.651396000271262,20.499067357765075,28.378078341947734,0.0,0.0,0.0,5112.1947051291045,31.593932998605972,19.869337180003228,28.19801510569238,0.07238596519981076,1.2261445035744758,5132.697949984105,0.0,1.0,1.0,0.0,149.1910654746667
2024-06-17 00:15:00+00:00,0.0,21.188472405577567,20.32879603498776,28.392381133061022,0.0,0.0,0.0,5112.1947051291045,0.0,20.738281003465044,28.165238176595068,0.007583914637016193,0.0,5132.697949984105,0.0,1.0,1.0,0.0,149.23325361230374
2024-06-17 00:20:00+00:00,0.0,18.339615737906925,17.875622652920594,28.59844769715467,0.0,0.0,0.0,5112.1947051291045,0.6036260967890567,17.280502623712366,28.080072711472642,0.0518014124579574,0.9990220743289703,5132.781201823633,0.0,1.0,1.0,0.0,149.22696425427955
2024-06-17 00:25:00+00:00,0.0,19.52116050677909,18.948650407658207,28.508313365756706,0.0,0.0,0.0,5112.1947051291045,9.402990310519273,19.138863467711097,28.492919736180863,0.007216809909007084,1.958717172577602,5132.944428254681,0.0,1.0,1.0,0.0,149.17222720631736
2024-06-17 00:30:00+00:00,0.0,20.315184819757576,19.233739871787154,28.48436585076988,0.0,0.0,0.0,5112.1947051291045,0.0,19.480707938931413,28.482668419110556,0.03990398626634384,0.30542322527286514,5132.96988019012,0.0,1.0,1.0,0.0,149.06930037936147
2024-06-17 00:35:00+00:00,0.0,19.471804024310753,18.5926939991634,28.53821370407027,0.0,0.0,0.0,5112.1947051291045,0.0,18.623495237978183,28.525519799394875,0.05038347446408466,1.3079741333403287,5133.078878034566,0.0,1.0,1.0,0.0,148.9186638400218
2024-06-17 00:40:00+00:00,0.0,21.19685551634339,20.773496921665156,28.355026258580125,0.0,0.0,0.0,5112.1947051291045,10.20446703571595,21.396749479359883,28.2369219176554,0.0,0.0,5133.078878034566,0.0,1.0,1.0,0.0,148.7210087056914
2024-06-17 00:45:00+00:00,0.0,22.42185549478715,22.07016054100474,28.2461065145556,0.0,0.0,0.0,5112.1947051291045,0.0,21.774456472965284,28.453213423428277,0.024020382228100132,0.840522952608066,5133.14892161395,0.0,1.0,1.0,0.0,148.47722190183725
2024-06-17 00:50:00+00:00,0.0,19.193649674584883,18.775035927464767,28.522896982092956,0.0,0.0,0.0,5112.1947051291045,0.0,18.458420800758265,28.371498182269825,0.06974059700287132,0.0,5133.14892161395,0.0,1.0,1.0,0.0,148.18836695752148
2024-06-17 00:55:00+00:00,0.0,19.482137760827378,18.854663198708245,28.516208291308505,0.0,0.0,0.0,5112.1947051291045,0.0,19.11240508454384,28.871162580313314,0.05525653910650177,0.0,5133.14892161395,0.0,1.0,1.0,0.0,147.8556623031217
2024-06-17 01:00:00+00:00,0.0,20.508041757997386,20.034347791560105,28.417114785508947,0.0,0.0,0.0,5112.1947051291045,34.380183369164875,20.26920843512482,28.35743465154734,0.07753075666822398,0.39034864916406886,5133.181450668047,0.0,1.0,1.0,0.0,147.48045792554888
2024-06-17 01:05:00+00:00,0.0,21.840379589993532,21.4391906262444,28.299107987395466,0.0,0.0,0.0,5112.1947051291045,13.014018930890108,21.971716176435375,28.13221062786377,0.07383230808466981,0.0,5133.181450668047,0.0,1.0,1.0,0.0,147.06421074025127
2024-06-17 01:10:00+00:00,0.0,18.96725763050063,18.100462317823368,28.579561165302838,0.0,0.0,0.0,5112.1947051291045,0.0,18.122078705196806,28.497969661779535,0.03129519159331633,0.0,5133.181450668047,0.0,1.0,1.0,0.0,146.6084607768846
2024-06-17 01:15:00+00:00,0.0,20.4027538790811,19.93130635202556,28.425770266429854,0.0,0.0,0.0,5112.1947051291045,12.126674575776562,20.145054592239145,28.40801045082758,0.0,0.8859768035459489,5133.255282068342,0.0,1.0,1.0,0.0,146.11480736462588
2024-06-17 01:20:00+00:00,0.0,21.942836826715443,20.86793955345611,28.347093077509687,0.0,0.0,0.0,5112.1947051291045,0.0,21.63596665243819,28.419938062921293,0.03227417151586528,2.0651375620830996,5133.427376865183,0.0,1.0,1.0,0.0,145.58488771139747
2024-06-17 01:25:00+00:00,0.0,18.441348768078647,17.918663127140604,28.59483229732019,0.0,0.0,0.0,5112.1947051291045,7.337474677946264,17.45278659432274,28.96667105880279,0.047642509221772045,0.0,5133.427376865183,0.0,1.0,1.0,0.0,145.02035638036875
2024-06-17 01:30:00+00:00,0.0,18.787371902163684,17.8410423036075,28.601352446496968,0.0,0.0,0.0,5112.1947051291045,0.0,17.59714670553289,28.625746103429968,0.044635398294304234,1.4001824116719206,5133.544058732822,0.0,1.0,1.0,0.0,144.4228680736761
2024-06-17 01:35:00+00:00,0.0,19.623942687760607,19.03461283208295,28.50109252210503,0.0,0.0,0.0,5112.1947051291045,11.904849716905721,19.470742210538155,28.64024716963255,0.0,3.181777815226061,5133.809206884091,0.0,1.0,1.0,0.0,143.7940616957046
2024-06-17 01:40:00+00:00,0.0,19.509854002410627,18.769113859098265,28.523394435835744,0.0,0.0,0.0,5112.1947051291045,0.0,18.461823242514424,28.703840490833887,0.039417148252904585,0.0,5133.809206884091,0.0,1.0,1.0,0.0,143.13554754059788
2024-06-17 01:45:00+00:00,0.0,20.829729901844814,20.510882664724246,28.377085856163163,0.0,0.0,0.0,5112.1947051291045,0.0,19.95463953352516,28.461565862308827,0.0,0.0,5133.809206884091,0.0,1.0,1.0,0.0,142.44889688786543
2024-06-17 01:50:00+00:00,0.0,20.249273947165975,19.962713752812828,28.42313204476372,0.0,0.0,0.0,5112.1947051291045,7.402181328044197,19.566931300336147,28.80366798088064,0.03828985984193403,3.570363676298096,5134.106737190449,0.0,1.0,1.0,0.0,141.73563288280826
2024-06-17 01:55:00+00:00,0.0,18.2269417237186,17.612015234964854,28.620590720262957,0.0,0.0,0.0,5112.1947051291045,13.714471238949503,17.64516747565709,28.550524815392578,0.09825376324141664,3.0172895794501713,5134.358177988736,0.0,1.0,1.0,0.0,140.997224785707
2024-06-17 02:00:00+00:00,0.0,20.515410402900812,19.768272092284484,28.439465144248096,0.0,0.0,0.0,5112.1947051291045,6.99493938923915,20.288132567427173,28.31135229720691,0.0,1.3307765312426003,5134.469076033007,0.0,1.0,1.0,0.0,140.23508251545942
2024-06-17 02:05:00+00:00,0.0,19.424364896005077,18.914300770504962,28.511198735277578,0.0,0.0,0.0,5112.1947051291045,3.8706331234554674,19.130004938112446,28.264416988720768,0.0,0.0,5134.469076033007,0.0,1.0,1.0,0.0,139.450554311183
2024-06-17 02:10:00+00:00,0.0,21.282061444286377,21.103659778057303,28.32729257864318,0.0,0.0,0.0,5112.1947051291045,0.0,21.55618087408956,28.269497983217423,0.005281359745157187,4.6789649159222195,5134.858989776,0.0,1.0,1.0,0.0,138.64492412148226
2024-06-17 02:15:00+00:00,0.0,19.38954107765425,19.229605669226583,28.484713123784964,0.0,0.0,0.0,5112.1947051291045,13.19379898032447,19.798522925080658,28.060960572749785,0.06635339421829442,0.14074873865345006,5134.870718837555,0.0,1.0,1.0,0.0,137.8194117691399
2024-06-17 02:20:00+00:00,0.0,19.393827132163803,19.250611232710362,28.482948656452326,0.0,0.0,0.0,5112.1947051291045,0.0,19.614695225639682,28.603998822075194,0.16557284301518058,1.411231759322536,5134.988321484165,0.0,1.0,1.0,0.0,136.97517244119427
2024-06-17 02:25:00+00:00,0.0,20.588680905025974,20.53058643326082,28.375430739606088,0.0,0.0,0.0,5112.1947051291045,0.0,20.733867780591332,28.232524108843858,0.02588584635952937,0.0,5134.988321484165,0.0,1.0,1.0,0.0,136.11329797435374
2024-06-17 02:30:00+00:00,0.0,20.831367591346453,20.30399625148468,28.394464314875282,0.0,0.0,0.0,5112.1947051291045,30.361015472576515,20.109801539056814,28.5203992645315,0.0069903165987976095,0.0,5134.988321484165,0.0,1.0,1.0,0.0,135.23481875805118
2024-06-17 02:35:00+00:00,0.0,20.54120728019412,19.759946299767112,28.440164510819564,0.0,0.0,0.0,5112.1947051291045,0.0,19.90240812147151,28.508268668447833,0.0,0.0,5134.988321484165,0.0,1.0,1.0,0.0,134.34070489798728
2024-06-17 02:40:00+00:00,0.0,18.435940658517527,17.93929460524873,28.593099253159103,0.0,0.0,0.0,5112.1947051291045,0.0,18.66206025058572,28.349734668733294,0.0,0.0,5134.988321484165,0.0,1.0,1.0,0.0,133.43186945112035
2024-06-17 02:45:00+00:00,0.0,20.691752196702407,20.691752196702407,28.361892815476992,0.0,0.0,0.0,5112.1947051291045,0.0,21.449682960731778,28.778489008289633,0.001075498572135189,0.0,5134.988321484165,0.0,1.0,1.0,0.0,132.50916997579867
2024-06-17 02:50:00+00:00,0.0,19.155323891366134,18.70301400644977,28.528946823458213,0.0,0.0,0.0,5112.1947051291045,6.685492579351829,19.050699864829234,28.3719878792035,0.008753036779115295,0.0,5134.988321484165,0.0,1.0,1.0,0.0,131.57341214956222
2024-06-17 02:55:00+00:00,0.0,20.464539553082172,20.005239302240323,28.41955989861181,0.0,0.0,0.0,5112.1947051291045,0.0,19.813440629616547,28.246695567848754,0.06989529058313781,0.0,5134.988321484165,0.0,1.0,1.0,0.0,130.62535149119162
2024-06-17 03:00:00+00:00,0.0,18.848858954288396,17.824859266732037,28.602711821594504,0.0,0.0,0.0,5112.1947051291045,15.733860991415515,17.723873449592,28.517072052943995,0.0,0.0,5134.988321484165,0.0,1.0,1.0,0.0,129.66569709151355
2024-06-17 03:05:00+00:00,0.0,20.765923312455634,20.630207790685525,28.367062545582414,0.0,0.0,0.0,5112.1947051291045,1.7743018630320386,20.630899055932947,28.458862857859167,0.0,1.6724497523493833,5135.127692296861,0.0,1.0,1.0,0.0,128.69511342936718
2024-06-17 03:10:00+00:00,0.0,19.563665489706814,19.161334890356613,28.49044786921004,0.0,0.0,0.0,5112.1947051291045,0.0,19.821052975783363,28.272109714951274,0.0118097574217057,0.0,5135.127692296861,0.0,1.0,1.0,0.0,127.71422339173719
2024-06-17 03:15:00+00:00,0.0,19.141924313778635,18.215461143642493,28.569901263934028,0.0,0.0,0.0,5112.1947051291045,14.624875990339955,19.263996668723014,28.72764786770168,0.0,0.03802442739151401,5135.130860999144,0.0,1.0,1.0,0.0,126.72361124007406
2024-06-17 03:20:00+00:00,0.0,21.196279170195133,20.583784584858495,28.37096209487188,0.0,0.0,0.0,5112.1947051291045,0.0,21.25961670700831,28.395446975911735,0.06255954535902601,3.4398351563958673,5135.417513928844,0.0,1.0,1.0,0.0,125.72382415458056
2024-06-17 03:25:00+00:00,0.0,20.78558156741436,20.144753299035255,28.407840722881033,0.0,0.0,0.0,5112.1947051291045,10.808880909610375,19.134201614113007,28.368098863453422,0.008940907472147033,0.0,5135.417513928844,0.0,1.0,1.0,0.0,124.71537565698148
2024-06-17 03:30:00+00:00,0.0,19.994986938516806,19.466340829260837,28.46482737034209,0.0,0.0,0.0,5112.1947051291045,21.4088837866295,19.630084303930698,28.25233728960886,0.03057332423923715,0.4800220710928854,5135.457515768101,0.0,1.0,1.0,0.0,123.6987467832704
2024-06-17 03:35:00+00:00,0.0,22.128687016065488,21.546201131401173,28.2901191049623,0.0,0.0,0.0,5112.1947051291045,8.466068160544374,21.610472291882044,28.307414089837554,0.0,1.7021777166724443,5135.5993639111575,0.0,1.0,1.0,0.0,122.67438929184186
2024-06-17 03:40:00+00:00,0.0,20.30888528213706,19.614482899567424,28.452383436436335,0.0,0.0,0.0,5112.1947051291045,20.12553237465499,19.45946388000044,28.39532512049868,0.0,0.2521433873192851,5135.6203758601005,0.0,1.0,1.0,0.0,121.64272657968583
2024-06-17 03:45:00+00:00,0.0,20.857125741709428,20.55949732143262,28.373002224999656,0.0,0.0,0.0,5112.1947051291045,0.0,21.25726598402955,27.964072067728267,0.0,0.0,5135.6203758601005,0.0,1.0,1.0,0.0,120.60415666930697
2024-06-17 03:50:00+00:00,0.0,21.172826782252827,20.453312137525778,28.381921780447836,0.0,0.0,0.0,5112.1947051291045,0.0,20.229082358080344,28.440576287265134,0.03525983200078001,0.0,5135.6203758601005,0.0,1.0,1.0,0.0,119.55905301475667
2024-06-17 03:55:00+00:00,0.0,20.366520020211325,20.20977077443271,28.402379254947647,0.0,0.0,0.0,5112.1947051291045,3.8437289273978488,19.73879032774445,28.211383773713376,0.052080109553294646,0.21475603365575702,5135.638272196238,0.0,1.0,1.0,0.0,118.50776657218853
2024-06-17 04:00:00+00:00,0.0,21.542933063124423,20.960841069916537,28.339289350127004,0.0,0.0,0.0,5112.1947051291045,0.0,20.724762061459714,28.271952594252863,0.030336914682135285,0.0,5135.638272196238,0.0,1.0,1.0,0.0,117.45062778036666
2024-06-17 04:05:00+00:00,0.0,20.6272526874517,20.08256744663012,28.413064334483064,0.0,0.0,0.0,5112.1947051291045,20.673085597744727,21.019148009410287,28.23305346789006,0.0,0.8578275838206639,5135.709757828223,0.0,1.0,1.0,0.0,116.38794701874126
2024-06-17 04:10:00+00:00,0.0,20.841230111280705,20.495303383328732,28.37839451580039,0.0,0.0,0.0,5112.1947051291045,19.321035552148587,21.172066167822983,28.303646527079255,0.0,0.0,5135.709757828223,0.0,1.0,1.0,0.0,115.32001709452737
2024-06-17 04:15:00+00:00,0.0,22.71088574138298,22.21655706021439,28.23380920694199,0.0,0.0,0.0,5112.1947051291045,8.187084179677656,22.55840640427414,28.13728526597856,0.0,0.0,5135.709757828223,0.0,1.0,1.0,0.0,114.24711336432333
2024-06-17 04:20:00+00:00,0.0,20.40619759317563,20.061832631342018,28.41480605896727,0.0,0.0,0.0,5112.1947051291045,10.097135725947894,20.371271830585325,28.33398531180268,0.0,0.0,5135.709757828223,0.0,1.0,1.0,0.0,113.16949604896095
2024-06-17 04:25:00+00:00,0.0,19.13566283493065,18.903588166646085,28.512098594001724,0.0,0.0,0.0,5112.1947051291045,0.0,18.79016293133488,28.416187073269516,0.07038425017412563,0.0,5135.709757828223,0.0,1.0,1.0,0.0,112.08741018087218
2024-06-17 04:30:00+00:00,0.0,23.264110272682014,22.852513958085424,28.18038882752082,0.0,0.0,0.0,5112.1947051291045,0.0,22.180490948381188,28.039625420144777,0.03283110275026766,0.0,5135.709757828223,0.0,1.0,1.0,0.0,111.0010877728949
2024-06-17 04:35:00+00:00,0.0,24.31025208786395,24.086249246706867,28.076755063276618,0.0,0.0,0.0,5112.1947051291045,0.0,24.125683834887994,28.273026132247534,0.0,1.3804550071304267,5135.824795745483,0.0,1.0,1.0,0.0,109.91074775267339
2024-06-17 04:40:00+00:00,0.0,21.466375189598846,20.885675823575536,28.345603230819652,0.0,0.0,0.0,5112.1947051291045,0.0,21.060607275880383,28.428669604274287,0.0,0.0,5135.824795745483,0.0,1.0,1.0,0.0,108.81659727653891
2024-06-17 04:45:00+00:00,0.0,20.048443499547997,19.835964873086088,28.433778950660766,0.0,0.0,0.0,5112.1947051291045,4.755875853585346,19.19061017628294,28.534307974353922,0.012764073956902024,0.7070908936744138,5135.883719986623,0.0,1.0,1.0,0.0,107.71883299267745
2024-06-17 04:50:00+00:00,0.0,21.791297329323065,21.113303073575302,28.326482541819672,0.0,0.0,0.0,5112.1947051291045,0.0,20.779312101403733,28.582289532776603,0.023062696335784325,0.0,5135.883719986623,0.0,1.0,1.0,0.0,106.61764077705536
2024-06-17 04:55:00+00:00,0.0,21.934865353681285,21.73023512066349,28.274660249864265,0.0,0.0,0.0,5112.1947051291045,5.502818889744386,22.45306328263171,28.15984429538584,0.0,0.0646080777489249,5135.889103993102,0.0,1.0,1.0,0.0,105.51319762332072
2024-06-17 05:00:00+00:00,0.0,22.153221909485364,21.794795638380617,28.269237166376023,0.0,0.0,0.0,5112.1947051291045,0.0,22.176140244464772,28.3489956844845,0.0,0.12887773150396395,5135.899843804061,0.0,1.0,1.0,0.0,104.40567112558884
2024-06-17 05:05:00+00:00,0.0,21.354507511819996,21.01065836387379,28.335104697434602,0.0,0.0,0.0,5112.1947051291045,0.0,20.60195984785004,28.219572473336132,0.0,0.0,5135.899843804061,0.0,1.0,1.0,0.0,103.29522128309273
2024-06-17 05:10:00+00:00,0.0,23.174839481551196,22.343552799332485,28.22314156485607,0.0,0.0,0.0,5112.1947051291045,3.911168636869821,22.4027776075814,28.045882211083182,0.0,1.950829280788763,5136.062412910793,0.0,1.0,1.0,0.0,102.18199989092751
2024-06-17 05:15:00+00:00,0.0,23.249740854485534,22.667168368081384,28.195957857081158,0.0,0.0,0.0,5112.1947051291045,15.532898075993883,22.254175677926508,28.4503011425841,0.0,2.56150158440161,5136.27587137616,0.0,1.0,1.0,0.0,101.0661522726945
2024-06-17 05:20:00+00:00,0.0,21.36329350268838,20.916226953324475,28.343036935920743,0.0,0.0,0.0,5112.1947051291045,0.0,21.09955125657378,28.163428398833332,0.011680609688344385,0.0,5136.27587137616,0.0,1.0,1.0,0.0,99.94781674318688
2024-06-17 05:25:00+00:00,0.0,23.691808954222413,23.067129093954982,28.16236115610778,0.0,0.0,0.0,5112.1947051291045,6.3454349177254805,22.3047608714793,28.64970201024796,0.02063755721437508,0.0,5136.27587137616,0.0,1.0,1.0,0.0,98.82712552985406
2024-06-17 05:30:00+00:00,0.0,25.182593549876128,25.182593549876128,27.984662141810404,0.0,0.0,0.0,5112.1947051291045,12.166115850504573,24.90721709689041,28.452546024989736,0.012751815288757946,0.0,5136.27587137616,0.0,1.0,1.0,0.0,97.70420567140057
2024-06-17 05:35:00+00:00,0.0,23.4414831455284,22.952266542938627,28.172009610393154,0.0,0.0,0.0,5112.1947051291045,0.5328715383349963,22.464218197048194,27.732203355385682,0.00609211134666876,0.0,5136.27587137616,0.0,1.0,1.0,0.0,96.5791783844739
2024-06-17 05:40:00+00:00,0.0,23.074063347123126,22.074684802671936,28.245726476575555,0.0,0.0,0.0,5112.1947051291045,2.6665026332786868,22.188112352431386,28.42187379086004,0.06485690286287651,0.0,5136.27587137616,0.0,1.0,1.0,0.0,95.45216066395652
2024-06-17 05:45:00+00:00,0.0,23.413434921435663,22.880348294834995,28.178050743233857,0.0,0.0,0.0,5112.1947051291045,0.0,23.477365617706152,28.00216013927651,0.0,0.0,5136.27587137616,0.0,1.0,1.0,0.0,94.32326444941543
2024-06-17 05:50:00+00:00,0.0,24.31685990019397,23.799881607901636,28.10080994493626,0.0,0.0,0.0,5112.1947051291045,0.9194371762791372,24.861209898098956,28.20758094348077,0.0008465006296074396,0.0,5136.27587137616,0.0,1.0,1.0,0.0,93.19259818787799
2024-06-17 05:55:00+00:00,0.0,22.11914232920861,21.482110234298062,28.29550274031896,0.0,0.0,0.0,5112.1947051291045,0.0,21.26024142412733,28.326700432919612,0.08814065438231461,0.0,5136.27587137616,0.0,1.0,1.0,0.0,92.06026595837976
2024-06-17 06:00:00+00:00,0.0,24.164390702977304,23.440489392148717,28.13099889105951,0.0,0.0,0.0,5112.1947051291045,0.0,22.705675214788414,27.61673809991546,0.0,1.6990539329350325,5136.417459203904,0.0,1.0,1.0,0.0,90.92636900414189
2024-06-17 06:05:00+00:00,0.29427051603154797,23.76162589918209,23.77018852603054,28.55299256527518,0.00397458402337934,0.1134862680696118,6.675662827624223,5112.20416231811,21.599283266059825,23.616516758958845,28.568643817368006,0.0,0.0,5136.417459203904,0.29427051603154797,1.0,1.0,0.0,89.79100497704219
2024-06-17 06:10:00+00:00,2.249623909709291,26.153836107075776,26.144718474701946,29.94385002272811,0.0287335974039188,0.8603945312763943,22.49773519823533,5112.275861862383,8.426504670787123,26.910946968028735,30.201825183452417,0.053902016166276226,0.0,5136.417459203904,2.249623909709291,1.0,1.0,0.0,88.65426868232719
2024-06-17 06:15:00+00:00,7.236731202091552,24.287517744443033,23.961092771736855,31.76117280700147,0.08781191373113471,2.7890093665280746,22.670370077340333,5112.5082793095935,1.0979344277698209,23.574145972948248,31.805562710289404,0.07664875043647437,2.289332506414311,5136.608236912773,7.236731202091552,1.0,1.0,0.0,87.5162528200287
2024-06-17 06:20:00+00:00,15.66212269921986,26.286941517193924,26.45510199201892,32.742655926684755,0.18274709873251332,5.983625375398572,22.473196642513322,5113.006914757543,36.55223688838072,26.98954044777219,33.115457109851214,0.27815205287757155,9.167558998982553,5137.3722001626875,15.66212269921986,1.0,1.0,0.0,86.3770471888898
2024-06-17 06:25:00+00:00,27.159759085276058,23.674285783348093,23.69502193920799,33.92999253999752,0.3087823470697684,10.476982732560169,22.691405324335552,5113.879996651924,24.66394691329001,23.336982377948754,33.78099129695999,0.356910374455825,11.882484293093395,5138.362407187112,27.159759085276058,1.0,1.0,0.0,85.23674017119545
2024-06-17 06:30:00+00:00,41.12614058015404,25.525791707882075,26.389777198483195,34.35343604163033,0.45746865227616057,15.715620087019909,22.478361143837564,5115.189631659176,52.029042103308676,25.8775446156079,34.7299190191387,0.49526486816668325,12.234062069128768,5139.3819123595395,41.12614058015404,1.0,1.0,0.0,84.09541776793323
2024-06-17 06:35:00+00:00,56.99192884948893,25.419895957521618,27.184526417996423,34.82273077141326,0.6236608012697413,21.717572175300074,22.415529205541933,5116.999429340451,34.14168665037324,26.803463748392616,34.8160619317706,0.6642576504696168,22.35299537663669,5141.2446619742595,56.99192884948893,1.0,1.0,0.0,82.95316507443724
2024-06-17 06:40:00+00:00,74.2971247964044,24.39479160552987,26.53358023462851,35.34267348050929,0.8029092583580699,28.37695975262714,22.46699224497996,5119.364175986503,67.10777403857618,26.606442879670446,35.07656285180464,0.7517329933908264,28.96817640991892,5143.658676675086,74.2971247964044,1.0,1.0,0.0,81.81006530439996
2024-06-17 06:45:00+00:00,92.68960605129587,25.60588039221165,28.502430581314645,35.50856393286563,0.9900849297663988,35.15649402757695,22.311337252865478,5122.293883822134,110.02093007036612,28.60135781569907,35.615722897254855,0.9949989343416744,32.01981004984432,5146.32699417924,92.68960605129587,1.0,1.0,0.0,80.66620126172933
2024-06-17 06:50:00+00:00,111.90387259466348,26.806872440797413,29.862399843701372,35.68145012670422,1.1838024464130514,42.23978795155774,22.20381968294502,5125.813866151431,134.9497991473062,30.029177910389276,36.02159189294992,1.2863185668432757,44.27519593914499,5150.016593840835,111.90387259466348,1.0,1.0,0.0,79.52165451324662
2024-06-17 06:55:00+00:00,131.7392613451507,25.437576183465463,29.101524132317518,36.041765726406055,1.3834413899186415,49.86167047166125,22.263973621539137,5129.969005357403,160.7769079406977,29.104610062491794,36.07724247294013,1.32083958924286,49.634860781844495,5154.152832239322,131.7392613451507,1.0,1.0,0.0,78.37650609444447
2024-06-17 07:00:00+00:00,152.04247626527965,24.23748499001007,28.594928050745533,36.34177239215756,1.5863206773333742,57.649704996622695,22.30402451175282,5134.773147440455,174.55136354665305,28.887366981457834,36.38571568855036,1.5842127509918098,55.380899423018356,5158.767907191241,152.04247626527965,1.0,1.0,0.0,77.23083721919348
2024-06-17 07:05:00+00:00,172.69468741649274,26.08095003491317,30.70793925692113,36.32499051931135,1.7891247007294566,64.98993779186327,22.136972331688114,5140.188975589777,200.66074636037007,30.556459425878256,36.34572589634131,1.7369882126449103,64.7400592481879,5164.16291212859,172.69468741649274,1.0,1.0,0.0,76.08472845698041
2024-06-17 07:10:00+00:00,193.60222530781215,25.366059993702663,30.61649957544262,36.52921889467243,1.995165396974708,72.88183351716513,22.14420144532971,5146.262461716207,185.1831291666195,31.01953822164539,36.091160186684554,2.025211960531268,70.31526925156078,5170.022517899553,193.60222530781215,1.0,1.0,0.0,74.93826121996412
2024-06-17 07:15:00+00:00,214.68998474962433,26.09693648520709,32.34859561447188,36.51091263304769,2.1999057276890275,80.32056582459528,22.007263970244104,5152.955842201591,195.75667114406738,32.8159916138609,36.91712853656841,2.2455749004739727,81.3990264369861,5176.8057701026355,214.68998474962433,1.0,1.0,0.0,73.79151679878385
2024-06-17 07:20:00+00:00,235.89667505707226,26.529226808979434,33.90099790451294,36.49558327322346,2.4047377052657306,87.76230517278576,21.884532871549094,5160.269367632656,202.28219726280696,34.01498893297637,36.8762605306782,2.3580386592002873,86.63823898233285,5184.025623351164,235.89667505707226,1.0,1.0,0.0,72.64457786714604
2024-06-17 07:25:00+00:00,257.17144236815585,25.07736069446515,32.45964787334695,36.803754049522816,2.6131979049237506,96.17549297554203,21.99848430930716,5168.283992047284,260.35922265913575,32.149564432330635,37.103463932672526,2.6125030082003113,94.59149565599006,5191.908247989163,257.17144236815585,1.0,1.0,0.0,71.49752753747586
2024-06-17 07:30:00+00:00,278.471378318612,25.34013212291891,33.40352263824839,36.83137925926037,2.817919461256844,103.7878603996015,21.92386268083495,5176.932980413918,276.5902216555879,32.976570075833514,36.917602077258024,2.8853622443100058,102.06316886813312,5200.413512061507,278.471378318612,1.0,1.0,0.0,70.35045089096498
2024-06-17 07:35:00+00:00,299.7597290901282,27.61113183670981,36.40127547823708,36.614728156262714,3.0183051741580833,110.5144234444394,21.686863868073495,5186.142515700954,323.9396526733277,36.62515927850637,36.63511312801827,3.022365500247787,110.74834922269125,5209.642541163398,299.7597290901282,1.0,1.0,0.0,69.20343421628081
2024-06-17 07:40:00+00:00,321.00454415711897,26.780035361849055,36.06605742943199,36.76747035313785,3.2227268689843793,118.49151461164394,21.71336581263785,5196.016808585258,319.3365162654283,36.12224126218242,36.704419553544355,3.1705860579086838,118.94144631352287,5219.554328356192,321.00454415711897,1.0,1.0,0.0,68.05656580541661
2024-06-17 07:45:00+00:00,342.17766163881237,24.91203062433829,35.39628957466643,36.95104633274823,3.4265634813517103,126.61510596153012,21.766316871273425,5206.5680674153855,367.8658025216851,34.1370639034873,37.2679937183669,3.4490770402169355,124.71480164571918,5229.947228493335,342.17766163881237,1.0,1.0,0.0,66.90993677087566
2024-06-17 07:50:00+00:00,363.25396656879656,28.435888937685448,38.78538654641406,36.662504360985764,3.6211196149983116,132.7593136765267,21.49837885185997,5217.6313435550965,341.7973912724202,38.191015767598,36.82785776764627,3.718808231514397,128.263665212723,5240.635867261062,363.25396656879656,1.0,1.0,0.0,65.76364035002504
2024-06-17 07:55:00+00:00,384.2107859609166,28.09785067499775,39.844294674561866,36.63384889507607,3.818098823604766,139.8716553704047,21.414662821022876,5229.287314835963,412.006804683141,39.62357438597449,36.40235944691443,3.748983525429435,138.3589408308657,5252.165778996968,384.2107859609166,1.0,1.0,0.0,64.61777354467901
2024-06-17 08:00:00+00:00,405.0274622115829,27.286125175963516,39.25592763827527,36.78903021161619,4.016692800329986,147.77023278212113,21.46117842671518,5241.60150090114,405.73359188503287,38.81838494988381,36.69650207760868,3.9942992654761933,146.84559737544745,5264.402912111588,405.0274622115829,1.0,1.0,0.0,63.472436333465325
2024-06-17 08:05:00+00:00,425.68498106739474,26.857688869218247,40.08218145117767,36.776059965494454,4.210190160514287,154.83420580920813,21.39585577233042,5254.504351385241,447.721285872079,40.34632110657957,36.847215566372434,4.19543663613705,155.06262394371691,5277.324797440231,425.68498106739474,1.0,1.0,0.0,62.327733380766404
2024-06-17 08:10:00+00:00,446.1657197390239,29.184762995237023,42.86000790889903,36.53213307592781,4.3966209351453305,160.61794108713937,21.176244080614097,5267.889179809169,462.5777153778112,42.5600226546556,36.42249015779204,4.421755342544025,159.90188683691596,5290.649954676641,446.1657197390239,1.0,1.0,0.0,61.1837733294922
2024-06-17 08:15:00+00:00,466.45320799435945,28.872575656401573,42.57014624454397,36.63870451186683,4.588128293753671,168.1030768173765,21.19916020278429,5281.897769543951,455.47471320009885,42.17453147890251,36.779796742389244,4.602653448397241,168.46436862841102,5304.688652062342,466.45320799435945,1.0,1.0,0.0,60.04067060138868
2024-06-17 08:20:00+00:00,486.5319750248537,31.079848224665337,45.84919739994223,36.326709130948856,4.76770436285975,173.195009611962,20.939922276145744,5296.330687011614,501.76284296412473,46.894001093354234,36.73085194042745,4.796713304490435,175.02308465939936,5319.273909117292,486.5319750248537,1.0,1.0,0.0,58.8985449458978
2024-06-17 08:25:00+00:00,506.3874029381824,29.291123597540654,44.40574928807566,36.55981165819647,4.9575065910125895,181.24550726168792,21.054039585695662,5311.434479283421,499.330962416705,43.98335658837378,36.96121710507271,5.0502241409227295,179.79981594779676,5334.257227112941,506.3874029381824,1.0,1.0,0.0,57.75752259093772
2024-06-17 08:30:00+00:00,526.0056076644396,29.431912679022428,45.310349071356356,36.51634030695577,5.138185241977152,187.62772085621557,20.982522991064535,5327.070122688106,541.1504944273942,45.337762919100996,36.65708144649687,5.135638162459064,186.7345931174077,5349.818443206059,526.0056076644396,1.0,1.0,0.0,56.61773746060788
2024-06-17 08:35:00+00:00,545.3733674567893,29.05005915941077,45.61921643143548,36.53911908409996,5.317858434430343,194.30986260803564,20.95810430095004,5343.262611238775,556.0478800905263,45.297501415971844,36.36177995844677,5.275743860939732,193.27243489217162,5365.924479447073,545.3733674567893,1.0,1.0,0.0,55.47933094525595
2024-06-17 08:40:00+00:00,564.4780285968931,30.20596128853623,47.00493710095597,36.432959765314436,5.491327971894949,200.06533105819437,20.848550855077363,5359.934722160291,572.7328701662043,46.86747255203532,36.63049558690099,5.495562496494366,198.81784453829266,5382.4926331585975,564.4780285968931,1.0,1.0,0.0,54.34245405776134
2024-06-17 08:45:00+00:00,583.3074663391403,30.185807777377182,47.97333080663829,36.372607653091436,5.663046663020382,205.97977439518905,20.771990787992834,5377.099703359891,582.9073095557175,47.684911187961305,36.12904106822545,5.738147812638607,206.56912415422713,5399.706726838116,583.3074663391403,1.0,1.0,0.0,53.207267251222135
2024-06-17 08:50:00+00:00,601.8500153818483,30.983241920070018,49.736239427643646,36.21624044881522,5.8289208133969534,211.10159773508767,20.63261730642629,5394.691503171148,600.2314033897504,49.80530099840532,36.11973357337994,5.819987695328565,211.66110593221137,5417.3451523324675,601.8500153818483,1.0,1.0,0.0,52.0739427982871
2024-06-17 08:55:00+00:00,620.0944497466551,29.380164219972098,48.45892579754299,36.41428448250128,6.0021895317577725,218.5654371273187,20.733600219300126,5412.905289598424,623.0338215662808,48.59111992873346,36.27874599501172,6.0357422394953195,221.56596543498623,5435.808982785383,620.0944497466551,1.0,1.0,0.0,50.942664870813005
2024-06-17 09:00:00+00:00,638.0299296664206,29.635144887876205,48.935782257776424,36.404144016863,6.166283348831174,224.47826707963432,20.695900508561678,5431.61181185506,604.3335557245803,49.51400639655942,36.35984378556637,6.1732630478621315,225.4176981366607,5454.593790963438,638.0299296664206,1.0,1.0,0.0,49.813632210937264
2024-06-17 09:05:00+00:00,655.6459913784837,29.759528941335958,49.64958889532295,36.36389723471815,6.3262507873970355,230.0471335139606,20.63946779556976,5450.782406314557,672.2291953713343,49.355322537831825,36.430636855027934,6.316941288886077,229.70282638162524,5473.735693161906,655.6459913784837,1.0,1.0,0.0,48.687058704514776
2024-06-17 09:10:00+00:00,672.932516912638,31.196448117213173,52.11735383329197,36.11464910074151,6.476058326401925,233.88057401394084,20.4443692028268,5470.2724541490525,673.7973704513532,52.730869570409794,36.332595417297306,6.455487978618509,231.06488369599424,5492.991100136573,672.932516912638,1.0,1.0,0.0,47.56317568140765
2024-06-17 09:15:00+00:00,689.879708567293,32.069890162722025,53.30971668530198,36.01349783146833,6.627100961451994,238.66508610417307,20.35010239852671,5490.1612113244,695.135604639151,52.18670994607182,36.07829228210344,6.6723290685363414,240.78657573815033,5513.056648114752,689.879708567293,1.0,1.0,0.0,46.44223444846759
2024-06-17 09:20:00+00:00,706.4780895078161,30.27732065345605,52.000191287875865,36.206006845242236,6.784805871574063,245.65072782985024,20.453631935829108,5510.632105310221,694.6804614478351,52.59307923310873,35.87898285899528,6.759270739089819,244.8777639041192,5533.463128440095,706.4780895078161,1.0,1.0,0.0,45.324507592128676
2024-06-17 09:25:00+00:00,722.7184727667184,30.47473057847652,52.65105025096502,36.165231636101346,6.931118294028842,250.66549860077265,20.402175791923707,5531.520896860286,729.2454564901059,52.040100611016754,36.292269000160246,6.9208551437122425,250.67664480874151,5554.352848840823,722.7184727667184,1.0,1.0,0.0,44.21029285401795
2024-06-17 09:30:00+00:00,738.5919684695629,31.375544682790515,54.30052209461474,36.00445495398892,7.069503957396937,254.53363678114442,20.271770488519874,5552.732033258714,733.6949580378222,54.08571720594245,36.167675400012214,6.984836302452527,259.5445210567504,5575.9815589288855,738.5919684695629,1.0,1.0,0.0,43.099914969999915
2024-06-17 09:35:00+00:00,754.0899577159015,30.976212018856998,54.19861597450879,36.04938852098616,7.211712807404215,259.9778368958864,20.279827066485893,5574.396853000038,779.6628573077717,54.86246025705197,36.21989734440807,7.200233743502622,259.2157600523564,5597.582872266582,754.0899577159015,1.0,1.0,0.0,41.9937303251247
2024-06-17 09:40:00+00:00,769.2041024771446,32.332999747065486,56.05278057079114,35.86082927023957,7.341483615540732,263.2716905271673,20.13323899487392,5596.336160543969,750.2176103365138,56.97821789399963,35.72816550567606,7.331663546199282,264.4210670219955,5619.617961185081,769.2041024771446,1.0,1.0,0.0,40.892129709714254
2024-06-17 09:45:00+00:00,783.926323167842,29.286532231132963,53.091346515187546,36.242272747105815,7.489341305514328,271.43075029061583,20.36736648726988,5618.955389734853,804.4625835273436,53.41747271200652,36.21051433508267,7.495476794155009,270.8578844972588,5642.189451559852,783.926323167842,1.0,1.0,0.0,39.79554401717677
2024-06-17 09:50:00+00:00,798.2488082675901,30.867283858963376,55.110278789578004,36.031129791440144,7.610747700960055,274.2238382231964,20.207752076871007,5641.807376253453,788.2793075685365,55.64587597284333,35.94456779975956,7.582949241585159,276.2088091514629,5665.206852322474,798.2488082675901,1.0,1.0,0.0,38.70444837260646
2024-06-17 09:55:00+00:00,812.1640042386497,31.065493817393655,55.98207156437366,35.954730849602434,7.733406418024356,278.0525463106538,20.138829165734222,5664.978421779341,819.5301061453055,55.87401623867718,36.13162046285681,7.66755007477509,279.3015319256651,5688.4819799829465,812.1640042386497,1.0,1.0,0.0,37.619368499839645
2024-06-17 10:00:00+00:00,825.6646071976663,29.679643987613854,55.07967291150861,36.08806122748429,7.860660563692699,283.6759997110133,20.21017174158426,5688.618088421926,823.7915821621685,56.367575059862,35.71591041102721,7.876956585515886,285.76750268187345,5712.295938539769,825.6646071976663,1.0,1.0,0.0,36.54088795050508
2024-06-17 10:05:00+00:00,838.7435735338948,31.18654762091537,56.8623032158398,35.90058228936299,7.970903311860598,286.16007026800736,20.069239086935955,5712.46476094426,826.1972735138759,55.94347575760669,35.80768925651765,7.997529589561863,283.86259603544465,5735.951154876056,838.7435735338948,1.0,1.0,0.0,35.46965489580291
2024-06-17 10:10:00+00:00,851.3941036816069,31.383240750928664,57.69345026784277,35.8250293717683,8.081642538557174,289.52508131594294,20.003529578824665,5736.591851053922,822.5798895897681,58.399679952770235,36.0971980554514,8.045653097232078,290.49670085016066,5760.159213280235,851.3941036816069,1.0,1.0,0.0,34.40639226052911
2024-06-17 10:15:00+00:00,863.6096548740211,32.24345720963799,59.017966944993006,35.68938926188586,8.185675144527668,292.1417466043917,19.898814848584088,5760.936996604289,876.53462418908,58.58121893997002,35.59584512735909,8.19554922100315,292.6310444151503,5784.545133648165,863.6096548740211,1.0,1.0,0.0,33.35190689784497
2024-06-17 10:20:00+00:00,875.3839266991471,33.701577382468635,60.79238039404841,35.49878516768736,8.283019217190015,294.0371197308543,19.758531808847,5785.440089915193,851.5525155101267,61.02153471526599,35.77231356815184,8.257818029813569,294.96771061738633,5809.125776199614,875.3839266991471,1.0,1.0,0.0,32.307102597753385
2024-06-17 10:25:00+00:00,886.7108736362285,32.48541653571795,59.85383462784296,35.63073349631101,8.390517333761933,298.96028701544947,19.832732132951712,5810.353447166481,881.58095194848,60.47696128142014,35.795923305587074,8.379232078387908,295.72332645281807,5833.769386737349,886.7108736362285,1.0,1.0,0.0,31.2729925891852
2024-06-17 10:30:00+00:00,897.5846921811909,31.83927771179861,59.67966779240889,35.67047126117242,8.489839386880373,302.836571861686,19.846501558058968,5835.589828154954,918.9263396977385,59.380051002642894,35.29192604302359,8.494307005148753,303.1816974046511,5859.034528187737,897.5846921811909,1.0,1.0,0.0,30.250716285105327
2024-06-17 10:35:00+00:00,907.9998315683938,32.950433236258945,60.784913083005534,35.556330849399025,8.577987263763228,305.0017531722964,19.75912216567297,5861.006640919312,929.7792113298973,61.475716179961516,35.38254088896319,8.548133323685747,305.5639184428054,5884.498188057971,907.9998315683938,1.0,1.0,0.0,29.241556171987547
2024-06-17 10:40:00+00:00,917.95098908468,34.19147449893366,62.19501398938398,35.40462834966013,8.660018010666946,306.6047191690263,19.647641246956937,5886.557034183398,924.0355462881791,62.599709846797744,35.79200795427487,8.607151819121324,308.18646481174375,5910.18039345895,917.95098908468,1.0,1.0,0.0,28.246958560725055
2024-06-17 10:45:00+00:00,927.4331066394326,32.29880770468565,61.17786686236748,35.542128014894224,8.751296029958194,311.0396837930097,19.728055702175183,5912.477007832816,904.9569406212677,61.3407149084807,35.198756111145954,8.844250786215277,313.0521745068864,5936.268074667857,927.4331066394326,1.0,1.0,0.0,27.268556964967374
2024-06-17 10:50:00+00:00,936.4413803672519,32.494146777003834,61.251657735676446,35.54824963433591,8.832164251426901,313.96797962118103,19.722221882544172,5938.6410061345805,936.2108119158229,61.83975588080682,35.426312733965936,8.821487314549278,311.85379316685334,5962.255890765095,936.4413803672519,1.0,1.0,0.0,26.30819693454748
2024-06-17 10:55:00+00:00,944.9712509712684,34.09065340553238,63.175988947201105,35.33191880998123,8.898013071185686,314.3838754012844,19.570086520880096,5964.83966241802,947.736806902807,64.00005416422462,35.35290707723765,8.906694168213653,311.2596996691119,5988.194199070854,944.9712509712684,1.0,1.0,0.0,25.367965616708034
2024-06-17 11:00:00+00:00,953.0184139715572,33.435318133761584,62.63176639898854,35.41011727416577,8.973654804904728,317.75816901955756,19.613112115279964,5991.319509836317,942.6693133804233,63.064792582567684,35.46266646050819,9.036672871751094,321.39846648725256,6014.977404611458,953.0184139715572,1.0,1.0,0.0,24.45022173261576
2024-06-17 11:05:00+00:00,960.5788111933307,34.42639638718752,63.947718929005006,35.26464115093883,9.033979928132535,318.580060330378,19.50907445643631,6017.867848197182,982.2694560042503,63.66275249444497,35.59435725670642,9.087338488649243,317.19377304139726,6041.410219031574,960.5788111933307,1.0,1.0,0.0,23.557629459225296
2024-06-17 11:10:00+00:00,967.6486400697396,33.88457190268569,63.98699172484796,35.2711721715582,9.097336562198729,320.87372418792273,19.50596959540026,6044.607325212843,972.8232817946481,64.38112836422675,35.07418698741994,9.046892449454601,323.51253336094794,6068.3695968116535,967.6486400697396,1.0,1.0,0.0,22.693191019462233
2024-06-17 11:15:00+00:00,974.2243462206133,34.71638210792138,64.97649025202983,35.162943753209746,9.150503240555723,321.7586307612244,19.427741005957174,6071.420544442944,980.5722406473551,65.06258074928203,35.18837463463958,9.123834498723838,324.7270120567835,6095.430181149719,974.2243462206133,1.0,1.0,0.0,21.860279959823217
2024-06-17 11:20:00+00:00,980.3026309440434,33.09327743091118,63.22037875401629,35.38299312796687,9.21572231707959,326.0798394144781,19.566577114976596,6098.593864394151,980.3417325972985,62.514648214985655,35.535888956934535,9.360705116777726,327.82009973459833,6122.748522794269,980.3026309440434,1.0,1.0,0.0,21.062668387430577
2024-06-17 11:25:00+00:00,985.8804487492276,34.22699121395479,64.27856000743178,35.264805783566885,9.259460727371717,326.53308421132857,19.482918550000687,6125.804954745095,967.107626799394,64.375286827579,35.20151887587013,9.262244608306009,328.95926869939035,6150.161795185884,985.8804487492276,1.0,1.0,0.0,20.304546753997514
2024-06-17 11:30:00+00:00,990.9550060636251,34.13613670796672,65.103480647455,35.17371301827243,9.299989483678237,327.1151611718499,19.417701294695323,6153.064551509416,978.625660121996,65.23970606233249,34.99180589467985,9.339798713590968,326.5881284268408,6177.377472554787,990.9550060636251,1.0,1.0,0.0,19.59052890163109
2024-06-17 11:35:00+00:00,995.5237669119423,33.235665910035735,63.75935198108354,35.341998393860486,9.349265772426987,330.4217359128894,19.523966525730806,6180.599696168823,982.4781772006968,63.25997533833979,35.248401619816924,9.362792000220209,330.6527474973091,6204.931868179563,995.5237669119423,1.0,1.0,0.0,18.92563373761412
2024-06-17 11:40:00+00:00,999.5844480301822,32.989738406443244,63.42934690606453,35.38784030645961,9.387768391235808,332.212848663082,19.550056338720545,6208.28410022408,1019.33183960186,63.29748884409264,35.143256013305106,9.375260801766801,333.8177864044599,6232.750017046601,999.5844480301822,1.0,1.0,0.0,18.31523677282115
2024-06-17 11:45:00+00:00,1003.1350242569916,35.33750593369502,66.22373191077756,35.05791183351616,9.402312953692153,329.6254585616664,19.32913554775971,6235.752888437552,1005.3005890946046,65.37243794988261,35.05411666486103,9.403749634996178,328.5297803464292,6260.127498742137,1003.1350242569916,1.0,1.0,0.0,17.764978801995184
2024-06-17 11:50:00+00:00,1006.1737245906647,34.39617918428511,65.20155745373678,35.18520477842676,9.435961713499614,332.00624517087857,19.40994745777516,6263.420075535126,1014.5224362668081,65.16633369162945,35.401921231739614,9.448350189201925,330.54841672524685,6287.673200135907,1006.1737245906647,1.0,1.0,0.0,17.280625958191578
2024-06-17 11:55:00+00:00,1008.699036323535,33.81701468373625,65.01462683907117,35.21146988842009,9.459785158913704,333.09294027401313,19.42472597225226,6291.17782055796,1016.4616995015846,64.62741844402092,35.10659315723108,9.475668860841937,332.2891122388615,6315.363959489146,1008.699036323535,1.0,1.0,0.0,16.867873903098854
2024-06-17 12:00:00+00:00,1010.7097020194858,34.83202429335218,65.94654403128033,35.10262874022472,9.47196846351816,332.4909924139948,19.351049695409362,6318.885403259126,1018.3305757364874,65.21715520221355,35.235815368293785,9.340916862324983,328.8056820854493,6342.764432996267,1010.7097020194858,1.0,1.0,0.0,16.53210133211374
2024-06-17 12:05:00+00:00,1012.204722208873,36.141832903009366,67.67845885161368,34.896939326874914,9.474375403396218,330.6267036123539,19.21412654726066,6346.437628560156,1038.7917438035608,68.08455264902952,34.49023358741788,9.447364959018634,331.88352053531275,6370.421393040876,1012.204722208873,1.0,1.0,0.0,16.27808442455465
2024-06-17 12:10:00+00:00,1013.1833541417749,32.81534882005385,64.47732863698431,35.28275535543377,9.503379164148228,335.3054020985686,19.46720413599371,6374.379745401703,1027.4785913156416,64.23889906748946,34.9068743916805,9.46268861691799,335.1581267080856,6398.351236933217,1013.1833541417749,1.0,1.0,0.0,16.1096998862901
2024-06-17 12:15:00+00:00,1013.6451117346692,33.67834324235818,64.61906153376027,35.26643441363028,9.50663526421971,335.26512903990914,19.455998899919187,6402.318506155028,1019.7382056917662,63.6220659723062,35.5149064570951,9.412690991611786,338.2982465231614,6426.542757476814,1013.6451117346692,1.0,1.0,0.0,16.02965238645055
2024-06-17 12:20:00+00:00,1013.5897663176704,34.327575854397935,65.74850478375623,35.130738376713545,9.49903811431772,333.7082228245262,19.366706445331275,6430.127524723739,1017.454586872108,65.90865947430534,35.09351222000074,9.452115303367515,334.5721502053418,6454.423769993926,1013.5897663176704,1.0,1.0,0.0,16.0392672225813
2024-06-17 12:25:00+00:00,1013.0173461342966,36.78367069967591,68.05434472762353,34.85302193837824,9.479246102101206,330.38037235581976,19.184409452121994,6457.659222420058,1036.4519978435671,66.9495334817389,34.936888931336824,9.36732183202597,333.80390662003776,6482.240762212262,1013.0173461342966,1.0,1.0,0.0,16.13838368015915
2024-06-17 12:30:00+00:00,1011.9281362816131,35.673623243009594,67.14298806512755,34.96081537647016,9.475311518555161,331.2646166347481,19.25646023767462,6485.26460713962,986.5951641728203,66.34361974510277,34.660049488361764,9.562889033170391,333.2537421184732,6510.011907388801,1011.9281362816131,1.0,1.0,0.0,16.32536816398769
2024-06-17 12:35:00+00:00,1010.322679329546,36.22338019472361,67.6484563495429,34.89772533702363,9.457713626373769,330.0526924494175,19.216498509777313,6512.768998177072,1032.0003225255584,67.63920895082116,34.703608819213436,9.43106627228628,331.0997381994854,6537.603552238758,1010.322679329546,1.0,1.0,0.0,16.597244634004767
2024-06-17 12:40:00+00:00,1008.2017741430371,34.37738004716103,65.4271449141546,35.16119726896096,9.452743036273171,332.36976263119794,19.39211277855154,6540.466478396338,1002.0298986389564,65.16714379176076,35.3947525875043,9.425790955273431,334.8841690044719,6565.510566322464,1008.2017741430371,1.0,1.0,0.0,16.94991932391497
2024-06-17 12:45:00+00:00,1005.5664775659217,34.455905160690314,65.56225188315928,35.14098981635445,9.428260340732292,331.31840061961196,19.381431380531406,6568.0763451146395,1014.5188841769574,65.67975592623598,35.12908664681325,9.463710361979572,328.6507771193497,6592.89813108241,1005.5664775659217,1.0,1.0,0.0,17.378461724503893
2024-06-17 12:50:00+00:00,1002.418102506513,36.07754932270853,66.80862227653839,34.98663050162938,9.392213060397538,328.6018879367063,19.282894803548967,6595.4598357760315,1000.0036489511319,66.70326478139259,35.11206752181393,9.378388708943966,330.70578764385283,6620.456946719398,1002.418102506513,1.0,1.0,0.0,17.87740227389709
2024-06-17 12:55:00+00:00,998.7582183105388,35.73867316602288,66.33673288348231,35.03770336167385,9.362359529671046,328.0355759659544,19.320201823799984,6622.796133773194,1000.8953683613394,66.12478432346585,35.039803786924814,9.39327480903592,327.92782006802605,6647.7842650584,998.7582183105388,1.0,1.0,0.0,18.441011005063984
2024-06-17 13:00:00+00:00,994.5886522860884,36.27614542917667,66.77682840153578,34.97854540681615,9.322223608090658,326.0778217680926,19.285408389902113,6649.969285587202,992.5282601016985,67.01914737804839,35.21054930443458,9.303206484377188,323.7976154201133,6674.767399676743,994.5886522860884,1.0,1.0,0.0,19.06353393676332
2024-06-17 13:05:00+00:00,989.9114857504078,35.58306556757764,65.95814929954577,35.069589661151994,9.285355518926668,325.6336079066713,19.35013219655356,6677.105419579424,937.1866221955368,65.64691686838682,34.955163309563595,9.278931577186098,323.2742396931854,6701.706919651175,989.9114857504078,1.0,1.0,0.0,19.739377075375515
2024-06-17 13:10:00+00:00,984.729058070821,36.0885117834141,65.96685279689429,35.060557171345174,9.238795499546038,323.91731780620034,19.349444108292595,6704.098529396608,969.1748150192649,65.42377198898154,34.59562216562675,9.219313680506835,325.5677678973072,6728.837566975951,984.729058070821,1.0,1.0,0.0,20.463235067136438
2024-06-17 13:15:00+00:00,979.0439611404386,36.00440132813095,66.36642355603088,35.003840903416894,9.185320278418766,321.5214896726995,19.3178545141585,6730.891986869333,968.0191857911382,66.11691559559856,34.80818662648331,9.22702863711417,322.01403574331323,6755.67206995456,979.0439611404386,1.0,1.0,0.0,21.230172867017643
2024-06-17 13:20:00+00:00,972.8590443656592,36.656229413182594,66.57180826616018,34.969592551524926,9.128553487714823,319.2217960501892,19.30161704060475,6757.4938032068485,954.0596456780644,66.83352461270371,35.0768376539449,9.098950991635718,318.30519536694635,6782.197502901806,972.8590443656592,1.0,1.0,0.0,22.035666598976434
2024-06-17 13:25:00+00:00,966.1774079458194,36.713900365686555,66.1237719088635,35.0128099229128,9.071284549482021,317.61116168766966,19.337038267911026,6783.961400014155,939.1088666884189,66.68894178628067,35.062442747822956,8.943720275602507,313.24695518623247,6808.301415833992,966.1774079458194,1.0,1.0,0.0,22.875616476124492
2024-06-17 13:30:00+00:00,959.0024088479539,34.31168689659871,63.464377220762756,35.320019978886634,9.022651139995972,318.680218527182,19.54728688325264,6810.51808489142,967.685698280762,63.12690247652319,35.263270201487984,9.023762814058145,318.52296385928605,6834.844996155599,959.0024088479539,1.0,1.0,0.0,23.74633744537455
2024-06-17 13:35:00+00:00,951.3376540175348,33.70518215043771,63.28992475082181,35.328592191881526,8.954680209387243,316.3562453261542,19.561078890287973,6836.881105335266,936.7729619001626,62.59724234051341,35.56227988610032,9.001474859711447,317.41617692982055,6861.296344233084,951.3376540175348,1.0,1.0,0.0,24.64453825081442
2024-06-17 13:40:00+00:00,943.1870020790378,36.97130298238547,66.02398565776937,34.988122684185065,8.865294939556309,310.1800269766812,19.34492725152694,6862.729440916656,945.5042667979106,66.06935391907577,34.863330143338935,8.827055457072628,308.00274320092706,6886.963239499828,943.1870020790378,1.0,1.0,0.0,25.56729182332805
2024-06-17 13:45:00+00:00,934.5545662236759,37.17059647917077,65.53589639969383,35.03253155705891,8.790520645582287,307.95419191933934,19.383515014047735,6888.392290243268,953.1840593806814,66.35441765330701,34.79500914228801,8.735158037924203,306.76735858012694,6912.527186048172,934.5545662236759,1.0,1.0,0.0,26.51200208966783
2024-06-17 13:50:00+00:00,925.4447057289251,34.971762753141526,63.26489003087067,35.28920721655632,8.721561340076764,307.7769853818756,19.563058105794696,6914.040372358424,909.9081958488098,63.633704499565475,35.46125061981607,8.688828941988717,305.8158984169119,6938.011844249581,925.4447057289251,1.0,1.0,0.0,27.476371288525883
2024-06-17 13:55:00+00:00,915.8620345885955,34.13826081009365,62.21013363311731,35.399309123544576,8.641083236012078,305.8883766338704,19.646445905711193,6939.531070411246,913.8056879563125,62.89909797998612,35.25653459085331,8.522554484247918,308.03060539371194,6963.681061365724,915.8620345885955,1.0,1.0,0.0,28.458366406904226
2024-06-17 14:00:00+00:00,905.8114111669973,36.0990348210072,63.96006259333453,35.173210653204066,8.54062468569989,300.40119118007703,19.508098580856377,6964.564503009586,923.4700359762144,64.0486222522445,35.21712251854265,8.486567925183662,300.42903781109925,6988.71681451665,905.8114111669973,1.0,1.0,0.0,29.45618970382302
2024-06-17 14:05:00+00:00,895.2979479812313,36.92893444298981,64.50294554883023,35.09048931863969,8.442780251676222,296.2612902410666,19.46517889308072,6989.252943863008,891.2280171853083,65.07763806984387,34.79529601899519,8.402492452364877,295.4198968267157,7013.335139252209,895.2979479812313,1.0,1.0,0.0,30.468249721886536
2024-06-17 14:10:00+00:00,884.3270005237237,37.78998029508918,64.85314429568297,35.029832978379346,8.341880820545471,292.2146918692539,19.437492592153067,7013.604168185446,879.2459253026171,65.33804997196071,34.726824713774086,8.3747540731751,289.90217569457457,7037.4936538934235,884.3270005237237,1.0,1.0,0.0,31.493137193402916
2024-06-17 14:15:00+00:00,872.9041782715819,36.49916895801028,63.34051806024333,35.1904183907202,8.246982146346019,290.21475219071607,19.557079042766645,7037.788730868006,841.4927328749714,63.66224049105836,35.0546977767759,8.221224630855884,293.9022651521496,7061.985509322769,872.9041782715819,1.0,1.0,0.0,32.529601551553014
2024-06-17 14:20:00+00:00,861.0353344310153,35.59784088814827,62.0158397443786,35.327328520465976,8.146714883725606,287.8016730599442,19.661806551973836,7061.772203623001,881.6503932681576,62.50881093074372,35.76949704472055,8.18040655420314,286.46670430880783,7085.8577346818365,861.0353344310153,1.0,1.0,0.0,33.576532106699865
2024-06-17 14:25:00+00:00,848.7265701701973,35.0593200841937,61.062375725483605,35.418724286229384,8.040240608315152,284.7750653008596,19.737186295585293,7085.503459064739,845.3616262449111,60.800016263857216,35.51087712368646,7.970094529162502,286.48469961671145,7109.731459649895,848.7265701701973,1.0,1.0,0.0,34.63294027647259
2024-06-17 14:30:00+00:00,835.984240166017,35.94301018266113,61.737035569972534,35.314989577928735,7.921327015196116,279.7415809850162,19.683848481997465,7108.815257480157,816.1086325868353,62.24528610693845,35.256310459000574,8.043150726273105,281.680318986267,7133.204819565418,835.984240166017,1.0,1.0,0.0,35.69794397462397
2024-06-17 14:35:00+00:00,822.8149415148042,35.60762737985683,60.6875619587241,35.41535053341751,7.807218310830864,276.4953731689908,19.76681863102793,7131.856538577573,835.6986418666897,59.934061057790935,35.33036853321455,7.761340665050714,275.84969157272315,7156.192293863145,822.8149415148042,1.0,1.0,0.0,36.7707553709757
2024-06-17 14:40:00+00:00,809.2255283517848,34.86339411836885,58.923130717258275,35.599340608442226,7.692497429069928,273.8478361070265,19.906312489176763,7154.677191586492,803.0425126800449,58.432892392139124,35.644125181551466,7.638128593742104,275.04483905956846,7179.112697118109,809.2255283517848,1.0,1.0,0.0,37.850668229430354
2024-06-17 14:45:00+00:00,795.2230991123832,37.89503789408913,62.69000640118263,35.12460935499613,7.54694089755453,265.0833508518467,19.608507729224147,7176.767470824146,794.2394568462156,62.436085239642594,35.15034732228504,7.610480577737837,264.9989407082378,7201.195942177129,795.2230991123832,1.0,1.0,0.0,38.937049037533406
2024-06-17 14:50:00+00:00,780.8150129336569,37.5955364590316,61.41500248216089,35.24783583848353,7.422257144896137,261.6185013943105,19.7093080390574,7198.569012607005,771.0545357438261,61.5443453268511,35.39032244254757,7.364054236838946,259.764453819503,7222.842979995421,780.8150129336569,1.0,1.0,0.0,40.02932713782279
2024-06-17 14:55:00+00:00,766.0088770918211,36.906785242061524,60.534610173335665,35.32267978878538,7.291744654560757,257.5639615346371,19.77891081923746,7220.032676068225,777.0747703911305,60.7588032674519,35.73030717944262,7.303319965338957,255.9593603184179,7244.172926688622,766.0088770918211,1.0,1.0,0.0,41.12698831247829
2024-06-17 15:00:00+00:00,750.8125655770941,34.80655621250342,57.6250982424078,35.636428311972736,7.166551440979847,255.39029667054325,20.008933409541406,7241.31520079077,760.8879847230301,57.892725599642944,35.56954279374291,7.305697438692025,255.14427207895946,7265.434949361869,750.8125655770941,1.0,1.0,0.0,42.22956701456595
2024-06-17 15:05:00+00:00,735.2342092707659,36.53541815938471,58.99984783076418,35.440849589917406,7.018252304274801,248.73282429989447,19.900247324438407,7262.042936149095,728.2771689189217,58.601637219530886,35.971799563729746,6.989562275329529,251.15004226981836,7286.364119551021,735.2342092707659,1.0,1.0,0.0,43.3366416475279
2024-06-17 15:10:00+00:00,719.2822065850122,36.269362015483715,58.05646727775473,35.51827055432719,6.8766911031901286,244.24817512164168,19.97482988109986,7282.396950742565,719.6042899529597,58.00078230752777,35.13097784919974,6.777695902106487,243.5658504961925,7306.661273759037,719.2822065850122,1.0,1.0,0.0,44.44782910994977
2024-06-17 15:15:00+00:00,702.965236177895,36.017986660164894,57.191773646596914,35.58459447825137,6.731124533209534,239.5243368968703,20.043191542292575,7302.357312150638,726.1942816040917,57.2425027618486,35.628727277087656,6.73115851454537,239.75730495359068,7326.641049171836,702.965236177895,1.0,1.0,0.0,45.56277996226116
2024-06-17 15:20:00+00:00,686.2922492918589,36.76720623333104,57.665733744259576,35.4910355443497,6.576480672970721,233.4061093211327,20.005720814571475,7321.807821260732,688.6232490911663,57.0202400684632,35.34409487657817,6.540370560308457,235.26486767950882,7346.246454811795,686.2922492918589,1.0,1.0,0.0,46.68117563440054
2024-06-17 15:25:00+00:00,669.2724963231104,36.09143409712366,56.22318653511732,35.62184071687961,6.42626287432762,228.9153125140954,20.119766899811903,7340.884097303574,662.4419937042807,57.09877862764809,35.72663292360656,6.37716044457568,231.06539323593233,7365.501904248123,669.2724963231104,1.0,1.0,0.0,47.80272386553859
2024-06-17 15:30:00+00:00,651.915519956144,36.13105049639463,56.50341049502413,35.547535373309046,6.2657811204796925,222.73307602166386,20.097612723216915,7359.445186972046,672.9791271528161,56.41085193031918,35.27821913663101,6.289107274067887,220.30663008684192,7383.860790088693,651.915519956144,1.0,1.0,0.0,48.927156948351346
2024-06-17 15:35:00+00:00,634.231186769884,35.95939811632779,54.88150962840766,35.695133817938455,6.109336285717805,218.07357625748412,20.22583829761295,7377.617984993503,624.5235428483555,55.02894945836845,35.52834550015315,6.157830477599852,223.45367170315043,7402.481929397289,634.231186769884,1.0,1.0,0.0,50.05422792427216
2024-06-17 15:40:00+00:00,616.2296847721346,35.591253704295305,54.25466581545143,35.72331915272281,5.9457832680408345,212.40311329714194,20.27539583200196,7395.318244434932,617.3445876184818,53.77115867555497,35.729324876501956,5.9640567760543615,214.38015470224795,7420.346942289143,616.2296847721346,1.0,1.0,0.0,51.1837094951358
2024-06-17 15:45:00+00:00,597.9215618943011,33.39137080254733,51.306958772807945,36.02144499414612,5.7871480350965125,208.46143461920985,20.508438082902714,7412.6900306532,579.7920166065763,51.390238107048994,35.74554766027632,5.802239637291744,207.83974137725437,7437.666920737248,597.9215618943011,1.0,1.0,0.0,52.31539078568762
2024-06-17 15:50:00+00:00,579.3177328054823,35.17970774283633,53.088355829218024,35.76225499120803,5.608939660238992,200.58833035976656,20.367602927384176,7429.405724849847,566.1699344897344,52.54339360218898,36.39181924785643,5.530691687650022,201.42065912817137,7454.451975664596,579.3177328054823,1.0,1.0,0.0,53.44907660630259
2024-06-17 15:55:00+00:00,560.4295145382423,34.457622086810936,51.67873688653234,35.87453072583613,5.438678760001011,195.11004828360862,20.47904574261768,7445.664895540147,552.0936387434015,52.15747639428351,36.108248907880295,5.409622495259439,197.83921658021396,7470.93857704628,560.4295145382423,1.0,1.0,0.0,54.58458540446317
2024-06-17 16:00:00+00:00,541.2686688709574,33.64836227263549,50.02652360131672,36.01203200184322,5.266052372957806,189.64124657833892,20.60966778116649,7461.468332755008,549.5534942951573,49.84787523029994,36.177668919254145,5.303926869966347,188.16655768229916,7486.619123519806,541.2686688709574,1.0,1.0,0.0,55.72174738695868
2024-06-17 16:05:00+00:00,521.8474265123864,36.5211115846844,52.33310313553084,35.684455658798356,5.078373281222347,181.21898617260516,20.4273123168145,7476.569914936059,537.4071960794108,51.204250072820535,35.763447201697915,5.019875107078941,180.72453299753104,7501.6795012696,521.8474265123864,1.0,1.0,0.0,56.860404320044935
2024-06-17 16:10:00+00:00,502.17855877986517,36.47612690738879,51.598439722257076,35.70884175967633,4.897513519922121,174.88453529877447,20.485393941958026,7491.143626210956,495.5317736045315,51.082150816946296,35.81059658962919,4.917383691162871,173.78696257958822,7516.161748151232,502.17855877986517,1.0,1.0,0.0,58.000407176939774
2024-06-17 16:15:00+00:00,482.27541919018034,36.010977498715974,50.31095555817662,35.79394880339012,4.715538741164473,168.78775228164386,20.58718092528298,7505.209272234427,493.52722684054675,50.51981482033383,35.764606124411564,4.666745652344884,166.00455128107353,7529.995460757988,482.27541919018034,1.0,1.0,0.0,59.14161634417483
2024-06-17 16:20:00+00:00,462.1520410454488,34.80842977116781,49.1919861326638,35.855467058080265,4.530409782863134,162.43995872905367,20.675645331629404,7518.745935461848,460.76776731906915,49.63337329357349,35.90575977221049,4.572630548262206,161.69548459056796,7543.470084473869,462.1520410454488,1.0,1.0,0.0,60.28389948588778
2024-06-17 16:25:00+00:00,441.8232102142551,35.802181955092514,48.86570250635866,35.82093103262934,4.340713823424958,155.4884105012862,20.701440931261995,7531.703303003622,452.35594009363837,48.6974331529323,35.773296334097246,4.292285005654074,155.06159629186445,7556.391884164857,441.8232102142551,1.0,1.0,0.0,61.42713194559187
2024-06-17 16:30:00+00:00,421.3046030972937,34.358879902931704,47.02257827223265,35.957311056402176,4.1524531208472055,149.31104851343093,20.847156164830544,7544.145890379741,409.5264771500172,46.646479133534,35.74562195313428,4.188269626386227,146.93413003982522,7568.636395001509,421.3046030972937,1.0,1.0,0.0,62.571194777050735
2024-06-17 16:35:00+00:00,400.6129122795864,34.44187314164083,46.51197211565905,35.93465901086414,3.9586517709174647,142.25280153067254,20.887524086856132,7556.000290507297,404.7304240317661,46.61497401908116,35.8968718701553,3.994364639875658,142.08770954543704,7580.477037463629,400.6129122795864,1.0,1.0,0.0,63.71597514303413
2024-06-17 16:40:00+00:00,379.7660354876862,33.03488417448984,44.77035159207625,36.04827221820031,3.7654858905324127,135.73926041570482,21.02521455648527,7567.311895541939,377.5193778815647,44.66855308174886,36.34035153690849,3.764403609569766,135.8976903030834,7591.801844988886,379.7660354876862,1.0,1.0,0.0,64.86136524256678
2024-06-17 16:45:00+00:00,358.78331169321285,34.41170976433066,44.99792608764935,35.929561630947546,3.566135808680364,128.1296963223101,21.007222784599954,7577.989370235465,360.85551366352314,44.24801604936383,35.995595552932585,3.554564780826912,127.45012688927591,7602.422688896326,358.78331169321285,1.0,1.0,0.0,66.0072612904356
2024-06-17 16:50:00+00:00,337.6857899699849,33.95860462290541,44.51128555946744,35.88654655347884,3.366614060706571,120.81615221714279,21.04569601223975,7588.057382920227,375.1896000949918,44.48842646819982,36.215326281078305,3.300977384504444,122.09334941003137,7612.597134680495,337.6857899699849,1.0,1.0,0.0,67.15356407842614
2024-06-17 16:55:00+00:00,316.4966202419014,32.47625957964358,41.70468045939332,36.100899068509285,3.169699670911144,114.42900789705031,21.267582909563256,7597.593133578314,320.99971506746965,40.628037610950976,36.30524804448425,3.0988328986180442,112.1324289282189,7621.941503757847,316.4966202419014,1.0,1.0,0.0,68.30017727727402
2024-06-17 17:00:00+00:00,295.2415047981473,33.605657137675784,42.704980621486136,35.8728855971941,2.964559963027772,106.34732039971723,21.188500355571918,7606.45541027829,316.4902202738485,42.36683551144578,36.33178680091547,3.068019351514711,107.40786025248079,7630.892158778887,295.2415047981473,1.0,1.0,0.0,69.4470082299868
2024-06-17 17:05:00+00:00,273.94933668512414,33.45237488240135,41.49992717565711,35.886705234168545,2.7620666473283553,99.12147160980085,21.28377046328923,7614.715532912441,290.29106931962406,40.50536396166396,35.93341134183171,2.7171831881765733,92.29226929938737,7638.583181220503,273.94933668512414,1.0,1.0,0.0,70.59396631899315
2024-06-17 17:10:00+00:00,252.65298393575355,35.202282827569924,42.6274807848942,35.6263654638054,2.5552160141372644,91.03305955862233,21.194627401476595,7622.301621208992,230.02262126910563,42.52782933536409,35.661931393242554,2.4557024674388557,95.46015937000412,7646.538194501337,252.65298393575355,1.0,1.0,0.0,71.74096382127135
2024-06-17 17:15:00+00:00,231.39038068018013,34.16897984931396,40.607544708746126,35.70936338387532,2.3523280345758266,84.00013658474542,21.354321171261486,7629.301632591055,237.80023989619173,40.01078249011393,35.62790439579255,2.3639751003395824,83.98757107942205,7653.537158757956,231.39038068018013,1.0,1.0,0.0,72.88791432675248
2024-06-17 17:20:00+00:00,210.20593594861722,33.153746316583785,39.26734560723155,35.70107112586965,2.1480676202553846,76.68831489391505,21.460275735522398,7635.6923254988815,226.6030860013595,39.141176267632815,35.94856994295042,2.118787514736459,75.64371012616081,7659.8408012684695,210.20593594861722,1.0,1.0,0.0,74.03473348504339
2024-06-17 17:25:00+00:00,189.1524736396093,33.256175087273554,38.840724528797764,35.5739898631479,1.9428787256376,69.11594809115769,21.494003896076222,7641.451987839811,166.23313045045117,39.113736066870935,35.490080662894556,1.944529665909297,70.34226532022443,7665.702656711822,189.1524736396093,1.0,1.0,0.0,75.18133823189032
2024-06-17 17:30:00+00:00,168.29387957322268,32.91430381017397,37.80013822082998,35.4957902660751,1.7390689081879633,61.72962522329215,21.576271425364972,7646.596123275086,156.5886329820402,36.978628435511965,35.62844140274023,1.734773791076836,61.38702406960237,7670.818242050956,168.29387957322268,1.0,1.0,0.0,76.32764603183843
2024-06-17 17:35:00+00:00,147.70872381573898,32.52756320211311,36.32524012916628,35.44158444256422,1.5369475769204628,54.47185733122105,21.692875133317678,7651.135444719354,199.64206038963007,36.09029040482046,35.10031666971121,1.4726905550753722,53.999650948897134,7675.318212963363,147.70872381573898,1.0,1.0,0.0,77.47357566947028
2024-06-17 17:40:00+00:00,127.49535503147109,31.50618429342008,34.85633989585833,35.357001929278006,1.3369146952450943,47.26929545906092,21.80900465764508,7655.074552674276,129.30212363659336,33.84470970928748,35.26567592775355,1.2312674232997731,47.20989004263869,7679.252370466917,127.49535503147109,1.0,1.0,0.0,78.61904574952669
2024-06-17 17:45:00+00:00,107.7789857605944,32.293509986549886,35.25801078694925,35.03267405437413,1.1389712004313968,39.90120682203234,21.77724902954943,7658.399653242778,101.69251519127074,35.48795165996581,35.32418851772414,1.1326491209527374,41.0915935020795,7682.676669925423,107.7789857605944,1.0,1.0,0.0,79.76397566094238
2024-06-17 17:50:00+00:00,88.72167748954956,31.552298610122083,33.883962636661636,34.856043073822576,0.9470318588614658,33.009783264757516,21.885879659783928,7661.150468514841,89.76042945179272,33.67207169240541,34.96311077821426,1.0026861281575254,30.700188319633952,7685.235018952059,88.72167748954956,1.0,1.0,0.0,80.90828409159823
2024-06-17 17:55:00+00:00,70.53613133567694,30.899870526361028,32.9959189032473,34.56745354537845,0.761637151098692,26.32785683903842,21.956087352590334,7663.344456584761,58.29947083243393,32.368328344528244,34.84172201445564,0.738911766930269,27.772109102705944,7687.549361377285,70.53613133567694,1.0,1.0,0.0,82.05189000512557
2024-06-17 18:00:00+00:00,53.50416960650411,32.51122181454753,33.5861085645379,34.04459673543978,0.5853550746217328,19.92817746254015,21.909427652309475,7665.005138039973,55.66434925285794,34.06185296462565,33.94325189026959,0.5930588022591239,19.011275250849867,7689.133634314856,53.50416960650411,1.0,1.0,0.0,83.1947111651636
2024-06-17 18:05:00+00:00,37.999054446480145,32.23917481128834,33.36659918966471,33.50078382560003,0.4228064829720321,14.164348586108288,21.926781805240626,7666.185500422149,41.930539736200544,33.31238619190025,33.45816590371206,0.4570503778963653,15.322813658815893,7690.41053545309,37.999054446480145,1.0,1.0,0.0,84.3366649631246
2024-06-17 18:10:00+00:00,24.50497865707525,29.907281394512193,29.985112861086932,33.12280234608208,0.27913485563396606,9.245728651066015,22.19411813615877,7666.955977809737,20.794186138757876,30.08672685914951,32.78594728081049,0.2456339840444394,7.5178307771830895,7691.037021351189,24.50497865707525,1.0,1.0,0.0,85.47766771182124
2024-06-17 18:15:00+00:00,13.608940204846549,31.415624884256886,31.308748867535524,32.039711303871144,0.15950341597233977,5.110443399735035,22.089473030707783,7667.381848093049,35.42381306366222,31.32027717626887,32.03991115701369,0.11652394066008043,2.827529184290468,7691.272648783213,13.608940204846549,1.0,1.0,0.0,86.6176339401764
2024-06-17 18:20:00+00:00,5.896150916008534,32.376647479825515,31.4641642460573,30.745910650585976,0.07197370669236977,2.212897155155083,22.077186073723464,7667.566256189311,32.09935662962585,31.314146350063588,30.914104847357873,0.039531428142062716,1.9582402187032812,7691.435835468105,5.896150916008534,1.0,1.0,0.0,87.7564772146171
2024-06-17 18:25:00+00:00,1.6196760061149087,32.281197257766216,32.106846021388385,29.04010933584577,0.02088439407335127,0.6064850873030103,22.026376408662003,7667.616796613253,17.803366544785447,32.6014300734572,28.9964157026976,0.06065601794078976,0.0,7691.435835468105,1.6196760061149087,1.0,1.0,0.0,88.89410866279049
2024-06-17 18:30:00+00:00,0.14692517977082267,32.08730430180596,31.61756123643395,27.677503712574424,0.001991238686742112,0.055112516144926633,3.2419127144074493,7667.621389322932,0.0,31.591507684024407,27.6985865248608,0.02296991538610379,0.0,7691.435835468105,0.14692517977082267,1.0,1.0,0.0,90.0304379365975
2024-06-17 18:35:00+00:00,0.0,30.938417513171075,29.988845587940308,27.580936970613013,0.0,0.0,0.0,7667.621389322932,0.0,29.584588237482468,27.391401524676457,0.009279147924023264,1.548485235057178,7691.56487590436,0.0,1.0,1.0,0.0,91.16537172601933
2024-06-17 18:40:00+00:00,0.0,29.891115818636198,29.093268408563343,27.65616545368068,0.0,0.0,0.0,7667.621389322932,0.0,29.357491003011244,27.486513117300966,0.0,1.4122179546622498,7691.682560733915,0.0,1.0,1.0,0.0,92.29881470426515
2024-06-17 18:45:00+00:00,0.0,29.487816895067233,29.16186990796221,27.65040292773117,0.0,0.0,0.0,7667.621389322932,6.489136414637595,29.34931186629137,27.653700391296006,0.09095364801834198,0.0,7691.682560733915,0.0,1.0,1.0,0.0,93.43066802626882
2024-06-17 18:50:00+00:00,0.0,30.750251300784548,30.194259443691188,27.56368220672994,0.0,0.0,0.0,7667.621389322932,0.0,30.12176554053315,27.721633952631088,0.0,0.0,7691.682560733915,0.0,1.0,1.0,0.0,94.56083009801631
2024-06-17 18:55:00+00:00,0.0,30.617912146613097,30.117412307509326,27.570137366169213,0.0,0.0,0.0,7667.621389322932,0.0,30.2219731627386,27.498586662121244,0.0,0.7896269214282561,7691.748362977368,0.0,1.0,1.0,0.0,95.68919581155996
2024-06-17 19:00:00+00:00,0.0,31.357883472425236,30.787394505576696,27.513858861531556,0.0,0.0,0.0,7667.621389322932,0.0,30.160204239435764,27.657229633254747,0.030109123152971918,0.0,7691.748362977368,0.0,1.0,1.0,0.0,96.81565576737792
2024-06-17 19:05:00+00:00,0.0,31.00146678895147,30.676136897947675,27.523204500572394,0.0,0.0,0.0,7667.621389322932,4.042254523735789,31.25320656465729,27.75754191782471,0.03011165185427825,0.0,7691.748362977368,0.0,1.0,1.0,0.0,97.94009699603683
2024-06-17 19:10:00+00:00,0.0,29.599288254973647,29.12161835564883,27.653784058125495,0.0,0.0,0.0,7667.621389322932,2.7981922142280826,29.603083969490005,27.559166151149103,0.0,0.0,7691.748362977368,0.0,1.0,1.0,0.0,99.06240139011959
2024-06-17 19:15:00+00:00,0.0,28.316516697268156,28.216029791087333,27.729853497548664,0.0,0.0,0.0,7667.621389322932,0.0,28.309957543218992,27.498993853230466,0.029701596448012086,2.1090870338513654,7691.924120230189,0.0,1.0,1.0,0.0,100.18244653279487
2024-06-17 19:20:00+00:00,0.0,29.070078824324547,28.536297961357526,27.702950971245965,0.0,0.0,0.0,7667.621389322932,23.28950548240177,28.894311172100164,27.252499314025826,0.09428258636617126,3.3704128371946274,7692.204987966622,0.0,1.0,1.0,0.0,101.30010409319496
2024-06-17 19:25:00+00:00,0.0,29.434218284329855,28.821713115974397,27.67897609825815,0.0,0.0,0.0,7667.621389322932,3.053322815961181,30.015667082736762,27.729261849439204,0.02594925369300524,0.756474419256276,7692.26802750156,0.0,1.0,1.0,0.0,102.4152406027627
2024-06-17 19:30:00+00:00,0.0,28.842126292371013,28.398981145531984,27.714485583775314,0.0,0.0,0.0,7667.621389322932,0.0,27.73157088956629,27.568474722554313,0.0,0.0,7692.26802750156,0.0,1.0,1.0,0.0,103.52771580395677
2024-06-17 19:35:00+00:00,0.0,28.293040890738062,28.196803613384258,27.731468496475724,0.0,0.0,0.0,7667.621389322932,13.207999010446368,28.166193537769658,27.74968959329218,0.0,0.6872664901833216,7692.325299709075,0.0,1.0,1.0,0.0,104.63738321614302
2024-06-17 19:40:00+00:00,0.0,28.950130756951165,28.2029977912383,27.730948185535983,0.0,0.0,0.0,7667.621389322932,0.0,28.23053852264078,27.596743840465027,0.0,0.7943766638823978,7692.391497764398,0.0,1.0,1.0,0.0,105.7440891711726
2024-06-17 19:45:00+00:00,0.0,28.019267292430534,27.428136032932333,27.796036573233682,0.0,0.0,0.0,7667.621389322932,27.758793913713287,27.196286405317927,27.746486146908648,0.0,0.8804911335534921,7692.464872025527,0.0,1.0,1.0,0.0,106.84767182058485
2024-06-17 19:50:00+00:00,0.0,27.720889015197315,27.40239278962256,27.798199005671705,0.0,0.0,0.0,7667.621389322932,20.625783242656937,26.355179040769553,27.87551438621117,0.0,3.481627608588473,7692.755007659576,0.0,1.0,1.0,0.0,107.94796158602377
2024-06-17 19:55:00+00:00,0.0,28.485971914579924,28.05612202628944,27.74328574979169,0.0,0.0,0.0,7667.621389322932,8.661423880789291,28.472727635677213,27.67059996465923,0.0,2.136908703211447,7692.9330833848435,0.0,1.0,1.0,0.0,109.04477934623073
2024-06-17 20:00:00+00:00,0.0,27.598007419870797,27.473174770566256,27.792253319272433,0.0,0.0,0.0,7667.621389322932,35.60913834124038,26.8474339300233,27.99802040596735,0.0,2.554719485344749,7693.145976675289,0.0,1.0,1.0,0.0,110.13793694335163
2024-06-17 20:05:00+00:00,0.0,28.069585308701868,27.825937840646343,27.762621221385707,0.0,0.0,0.0,7667.621389322932,0.0,27.441357227281532,27.60460679374144,0.0,0.0,7693.145976675289,0.0,1.0,1.0,0.0,111.22723528314344
2024-06-17 20:10:00+00:00,0.0,27.924248923929433,27.55870176051872,27.785069052116427,0.0,0.0,0.0,7667.621389322932,5.118338096829442,27.182026368913263,27.657737795932256,0.0,0.0,7693.145976675289,0.0,1.0,1.0,0.0,112.31246473182075
2024-06-17 20:15:00+00:00,0.0,26.337345965067282,25.530240761997245,27.955459775992228,0.0,0.0,0.0,7667.621389322932,0.0,26.23667801974735,27.873579610246374,0.0,0.09017995307498088,7693.153491671378,0.0,1.0,1.0,0.0,113.39340311438526
2024-06-17 20:20:00+00:00,0.0,26.821512934153322,26.48138878187519,27.875563342322483,0.0,0.0,0.0,7667.621389322932,0.0,26.1090580724107,27.96225199061016,0.042556345028708184,1.676761691581756,7693.293221812343,0.0,1.0,1.0,0.0,114.4698158399962
2024-06-17 20:25:00+00:00,0.0,28.566841941100748,27.906788526268556,27.755829763793443,0.0,0.0,0.0,7667.621389322932,0.0,28.151778069111618,27.53621299374295,0.033682751156596864,0.0,7693.293221812343,0.0,1.0,1.0,0.0,115.54145450144833
2024-06-17 20:30:00+00:00,0.0,25.7937109495053,25.428290000220695,27.96402363998146,0.0,0.0,0.0,7667.621389322932,17.294735448289146,24.741886190711817,28.19445863755123,0.0,1.513411843920388,7693.419339466003,0.0,1.0,1.0,0.0,116.60805541414155
2024-06-17 20:35:00+00:00,0.0,24.666358461510136,24.10437157129717,28.075232788011032,0.0,0.0,0.0,7667.621389322932,0.0,24.101562822393344,27.71667454905783,0.0,2.1184773583417895,7693.595879245865,0.0,1.0,1.0,0.0,117.66933951127197
2024-06-17 20:40:00+00:00,0.0,24.748969425422043,24.284318300957995,28.060117262719523,0.0,0.0,0.0,7667.621389322932,0.0,23.742512540232866,28.025088655896443,0.004167815548931386,0.8413669143294592,7693.665993155392,0.0,1.0,1.0,0.0,118.72501000850008
2024-06-17 20:45:00+00:00,0.0,26.468387370447644,25.75012322042446,27.936989649484342,0.0,0.0,0.0,7667.621389322932,0.0,24.980113461346086,28.006312454182577,0.03255281836996697,3.7785378044469566,7693.980871305763,0.0,1.0,1.0,0.0,119.77475226399181
2024-06-17 20:50:00+00:00,0.0,26.299400366527884,25.933103201082524,27.921619331109063,0.0,0.0,0.0,7667.621389322932,47.1196332416096,25.924328916684217,27.61976329859965,0.025007166984602387,0.0,7693.980871305763,0.0,1.0,1.0,0.0,120.81823127451037
2024-06-17 20:55:00+00:00,0.0,25.980902005965493,25.874034068466102,27.926581138248846,0.0,0.0,0.0,7667.621389322932,0.9098899718357986,25.926002946248097,27.999835971538893,0.0,1.4417911179650522,7694.101020565593,0.0,1.0,1.0,0.0,121.8550913317418
2024-06-17 21:00:00+00:00,0.0,27.143637468108334,26.989124725949242,27.832913523020263,0.0,0.0,0.0,7667.621389322932,0.0,27.801236623099445,27.998702209695736,0.0,0.0,7694.101020565593,0.0,1.0,1.0,0.0,122.88495332961952
2024-06-17 21:05:00+00:00,0.0,23.088533454649127,22.721502828134817,28.191393762436668,0.0,0.0,0.0,7667.621389322932,0.0,22.734372730438576,28.23818596179199,0.0,0.0965397827082689,7694.109065547485,0.0,1.0,1.0,0.0,123.90741405838739
2024-06-17 21:10:00+00:00,0.0,25.990287478396635,25.802552471066146,27.93258559243044,0.0,0.0,0.0,7667.621389322932,18.294227511100424,25.362988524703535,27.918868603646906,0.02380280761287489,1.7660167868467465,7694.256233613056,0.0,1.0,1.0,0.0,124.92204398674987
2024-06-17 21:15:00+00:00,0.0,26.98992247937828,26.387369475458392,27.88346096406149,0.0,0.0,0.0,7667.621389322932,0.0,25.821848095712777,27.865500389982156,0.08688085523023392,3.309640328450531,7694.53203697376,0.0,1.0,1.0,0.0,125.92838494943625
2024-06-17 21:20:00+00:00,0.0,24.13605808850294,23.752500129717458,28.104789989103732,0.0,0.0,0.0,7667.621389322932,0.0,24.73913811654497,28.10064611528237,0.0020365985098186544,0.5780349444187511,7694.580206552461,0.0,1.0,1.0,0.0,126.92594906578375
2024-06-17 21:25:00+00:00,0.0,24.72068918194049,23.627037544433882,28.115328846267552,0.0,0.0,0.0,7667.621389322932,0.0,23.261850064907254,28.30610377011965,0.03699522992271679,2.7095680338145414,7694.806003888612,0.0,1.0,1.0,0.0,127.9142155120167
2024-06-17 21:30:00+00:00,0.0,24.185640623850663,24.120069272634947,28.07391418109866,0.0,0.0,0.0,7667.621389322932,0.0,24.225582719045942,28.021151382107487,0.05427237736912582,3.6479550782942596,7695.110000145137,0.0,1.0,1.0,0.0,128.89262932482234
2024-06-17 21:35:00+00:00,0.0,23.883680435052575,23.332772140375123,28.140047140208488,0.0,0.0,0.0,7667.621389322932,0.0,23.689179073766017,28.041437515268193,0.0,0.05694237174760961,7695.114745342782,0.0,1.0,1.0,0.0,129.8605979617268
2024-06-17 21:40:00+00:00,0.0,24.292791901051366,24.074780156927783,28.077718466818062,0.0,0.0,0.0,7667.621389322932,21.08783672407172,23.863726422449098,28.25173028055925,0.0,2.6241453575257214,7695.333424122576,0.0,1.0,1.0,0.0,130.81748986545733
2024-06-17 21:45:00+00:00,0.0,25.889175761932492,25.51252609702816,27.956947807849634,0.0,0.0,0.0,7667.621389322932,0.0,25.12205123714986,28.075558905345314,0.0,3.061520513290801,7695.588550832016,0.0,1.0,1.0,0.0,131.76263084787803
2024-06-17 21:50:00+00:00,0.0,26.143397769607247,25.60804290127211,27.94892439629314,0.0,0.0,0.0,7667.621389322932,0.0,24.716431584335048,28.15987887033032,0.048406879811474936,0.0,7695.588550832016,0.0,1.0,1.0,0.0,132.69530233943283
2024-06-17 21:55:00+00:00,0.0,23.816150623604752,23.816150623604752,28.099443347617196,0.0,0.0,0.0,7667.621389322932,0.0,23.815063352687822,27.871906944383248,0.0,1.5881155639242222,7695.720893795677,0.0,1.0,1.0,0.0,133.61473829410698
2024-06-17 22:00:00+00:00,0.0,25.905060214064473,25.345853684867468,27.97094829047113,0.0,0.0,0.0,7667.621389322932,10.754750112327628,26.392332366180565,28.194369242931447,0.05409498838266133,0.0,7695.720893795677,0.0,1.0,1.0,0.0,134.5201221083159
2024-06-17 22:05:00+00:00,0.0,23.885390411700456,22.909663546131913,28.175588262124922,0.0,0.0,0.0,7667.621389322932,18.86201727098564,22.615577829844835,28.141002215486235,0.0,0.0,7695.720893795677,0.0,1.0,1.0,0.0,135.41058478760715
2024-06-17 22:10:00+00:00,0.0,25.45529415992649,25.068653734518637,27.994233086300433,0.0,0.0,0.0,7667.621389322932,0.0,25.56535377297737,27.80889655449573,0.02565479802544859,0.0,7695.720893795677,0.0,1.0,1.0,0.0,136.2852013665294
2024-06-17 22:15:00+00:00,0.0,23.46213948618969,22.897187521988315,28.176636248152974,0.0,0.0,0.0,7667.621389322932,7.364402616101485,22.49916567920331,28.330209498129623,0.0,0.6509293096263735,7695.775137904812,0.0,1.0,1.0,0.0,137.14298940579764
2024-06-17 22:20:00+00:00,0.0,23.542446335237777,22.786215911956425,28.185957863395657,0.0,0.0,0.0,7667.621389322932,0.0,23.196352637152785,28.252577209186605,0.0,1.4137856362498373,7695.8929533744995,0.0,1.0,1.0,0.0,137.98290583354867
2024-06-17 22:25:00+00:00,0.0,23.634997285734176,23.175985660740924,28.15321720449776,0.0,0.0,0.0,7667.621389322932,4.991717961543665,23.05467111919011,27.93644927993056,0.032191525231974015,0.0,7695.8929533744995,0.0,1.0,1.0,0.0,138.80384598362963
2024-06-17 22:30:00+00:00,0.0,26.30876224729777,25.95400229443064,27.919863807267824,0.0,0.0,0.0,7667.621389322932,5.583388742653534,26.782602279101624,27.87279528154187,0.02997009313055071,0.0,7695.8929533744995,0.0,1.0,1.0,0.0,139.60464127594278
2024-06-17 22:35:00+00:00,0.0,23.843897797372318,23.843897797372318,28.097112585020724,0.0,0.0,0.0,7667.621389322932,0.0,24.328256390368534,28.22493589633242,0.0,0.0,7695.8929533744995,0.0,1.0,1.0,0.0,140.38405918002096
2024-06-17 22:40:00+00:00,0.0,22.15043459255622,21.490186912707475,28.294824299332568,0.0,0.0,0.0,7667.621389322932,16.516762817776673,21.33586003070031,27.94034056515417,0.035468870028290696,0.0,7695.8929533744995,0.0,1.0,1.0,0.0,141.1408028292099
2024-06-17 22:45:00+00:00,0.0,23.694231349475306,23.22252345190753,28.149308030039766,0.0,0.0,0.0,7667.621389322932,19.93258478996976,24.583838877429077,28.258401046331947,0.0031632560521860464,0.0,7695.8929533744995,0.0,1.0,1.0,0.0,141.87351164357943
2024-06-17 22:50:00+00:00,0.0,22.233445801990378,21.986616764837418,28.253124191753653,0.0,0.0,0.0,7667.621389322932,0.0,21.650343191349634,28.21127005592277,0.03292458670088585,2.038855468213944,7696.062857996851,0.0,1.0,1.0,0.0,142.5807641088668
2024-06-17 22:55:00+00:00,0.0,21.97814537084064,21.446496193271216,28.29849431976521,0.0,0.0,0.0,7667.621389322932,0.0,20.45360181819362,28.40149561083663,0.03693302156437268,0.014596552432437208,7696.06407437622,0.0,1.0,1.0,0.0,143.26108045014112
2024-06-17 23:00:00+00:00,0.0,23.251747110399734,22.89766719960128,28.176595955233488,0.0,0.0,0.0,7667.621389322932,0.018578901927057512,22.859472012797443,27.731153424036744,0.010368427792349744,1.9922746281086263,7696.230097261895,0.0,1.0,1.0,0.0,143.91292845857578
2024-06-17 23:05:00+00:00,0.0,22.252173891293108,21.88428042407199,28.26172044437795,0.0,0.0,0.0,7667.621389322932,0.0,21.362149480832965,28.58137023172247,0.04943691794952432,1.661048250135194,7696.368517949406,0.0,1.0,1.0,0.0,144.53472966719335
2024-06-17 23:10:00+00:00,0.0,22.38035722003081,21.728784431003632,28.274782107795698,0.0,0.0,0.0,7667.621389322932,14.154544778901338,21.838983366390817,28.152254345361712,0.0,1.1687149328498068,7696.4659108604765,0.0,1.0,1.0,0.0,145.12486899970406
2024-06-17 23:15:00+00:00,0.0,21.999266762033475,21.833862364864437,28.265955561351387,0.0,0.0,0.0,7667.621389322932,0.0,21.516659552528036,28.149031889850658,0.04596668947612393,0.0,7696.4659108604765,0.0,1.0,1.0,0.0,145.6817052775438
2024-06-17 23:20:00+00:00,0.0,22.208227581653613,21.446398760135175,28.298502504148644,0.0,0.0,0.0,7667.621389322932,0.0,21.333879266669065,28.25049886285603,0.0,0.6612761906552546,7696.521017209698,0.0,1.0,1.0,0.0,146.2035853019018
2024-06-17 23:25:00+00:00,0.0,22.18589003269309,22.035311573472693,28.249033827828296,0.0,0.0,0.0,7667.621389322932,15.26524252262875,21.993617558153645,28.35886729887003,0.0,0.0,7696.521017209698,0.0,1.0,1.0,0.0,146.68885950484383
2024-06-17 23:30:00+00:00,0.0,19.716206344964704,19.38188169705352,28.4719219374475,0.0,0.0,0.0,7667.621389322932,10.145296328001649,19.278731870226988,28.443452164975856,0.0,2.523361659745477,7696.73129734801,0.0,1.0,1.0,0.0,147.13590001534266
2024-06-17 23:35:00+00:00,0.0,22.21501583446967,21.234279285953026,28.31632053997994,0.0,0.0,0.0,7667.621389322932,1.7423627577039928,20.802946775288948,28.627158425322943,0.001982653115101107,3.6554846701407997,7697.035921070522,0.0,1.0,1.0,0.0,147.5431214918386
2024-06-17 23:40:00+00:00,0.0,20.464764225857767,19.68292553544716,28.446634255022435,0.0,0.0,0.0,7667.621389322932,0.0,19.69161911780837,28.399537415608208,0.07028815972457954,0.0,7697.035921070522,0.0,1.0,1.0,0.0,147.9090028520948
2024-06-17 23:45:00+00:00,0.0,19.905943966020224,19.381542967896365,28.4719503906967,0.0,0.0,0.0,7667.621389322932,0.0,19.624927416859943,28.800895870964993,0.06857868219979933,0.0,7697.035921070522,0.0,1.0,1.0,0.0,148.23211124930532
2024-06-17 23:50:00+00:00,0.0,21.194457189638232,20.929589743513535,28.341914461544857,0.0,0.0,0.0,7667.621389322932,0.0,20.705911462770477,28.301274377328305,0.05063769990196692,0.0,7697.035921070522,0.0,1.0,1.0,0.0,148.51112590740473
2024-06-17 23:55:00+00:00,0.0,21.244686037930883,20.877004114605857,28.346331654373103,0.0,0.0,0.0,7667.621389322932,0.0,20.631969256860522,28.34761160572609,0.005765112913264763,0.0,7697.035921070522,0.0,1.0,1.0,0.0,148.7448625934934
